perclos_80,long_closure_count,blink_count,blink_rate,blink_duration_mean,blink_amplitude_mean,ear_mean,ear_std,ear_min,mar_mean,mar_max,yawn_count,subject,label,state,difficulty,window_idx
0.0016666666666666668,0,1,1.0,1.0,0.20413428459328317,0.2657129351062748,0.032054308487813016,0.09705265951110234,0.5040011184028407,0.6685732019457741,30,01,1,alert,easy,0
0.0,0,0,0.0,0.0,0.0,0.2764533377309372,0.03132999362543949,0.10409585185887252,0.5014223596223355,0.6175826875482856,26,01,1,alert,easy,300
0.0,0,0,0.0,0.0,0.0,0.2781803898709129,0.03025743604964232,0.10992810030497695,0.4803730055216331,0.642621944542481,2,01,1,alert,easy,600
0.0,0,0,0.0,0.0,0.0,0.2686706290460442,0.03114582360716965,0.11710456509241722,0.4989408219744723,0.64572838929224,26,01,1,alert,easy,900
0.0,0,0,0.0,0.0,0.0,0.2685494353026507,0.03145762040477418,0.1179307895658584,0.5094793574733287,0.6690787150135861,38,01,1,alert,easy,1200
0.0,0,0,0.0,0.0,0.0,0.2788079595915791,0.031465880938131595,0.12167598277184442,0.4975122776025372,0.6690787150135861,36,01,1,alert,easy,1500
0.0,0,0,0.0,0.0,0.0,0.28588303361533274,0.0304490319335612,0.11594193639904046,0.5235070671602674,0.5978053160816186,23,01,1,alert,easy,1800
0.0,0,0,0.0,0.0,0.0,0.28523117013082366,0.028968111359504917,0.11594193639904046,0.5500753933241835,0.5920720576383296,0,01,1,alert,easy,2100
0.0,0,0,0.0,0.0,0.0,0.2781407705006194,0.029945471868836303,0.11639037898795723,0.5524009094060489,0.58144622847113,0,01,1,alert,easy,2400
0.0,0,0,0.0,0.0,0.0,0.21398361298435134,0.04281204584183454,0.11279350098325533,0.5496121140168652,0.761668715749089,32,01,0,sleepy,easy,0
0.0,0,0,0.0,0.0,0.0,0.1949712930682158,0.041413072683099336,0.11187940780096578,0.5420984129344815,0.761668715749089,15,01,0,sleepy,easy,300
0.0,0,0,0.0,0.0,0.0,0.19600554330716255,0.0443298823474542,0.11002032923093695,0.5301468493564366,0.8735832042156195,13,01,0,sleepy,easy,600
0.0,0,0,0.0,0.0,0.0,0.2074412824192842,0.04787204306810115,0.11002032923093695,0.5593780634523373,0.8735832042156195,9,01,0,sleepy,easy,900
0.0,0,0,0.0,0.0,0.0,0.21258021785059872,0.04476964185080137,0.11099093304332872,0.5624286916110206,0.7388110836320153,7,01,0,sleepy,easy,1200
0.0,0,0,0.0,0.0,0.0,0.22504442731482746,0.0405695023310978,0.113254433357409,0.5134468160195567,0.7388110836320153,2,01,0,sleepy,easy,1500
0.0,0,0,0.0,0.0,0.0,0.22486275555124555,0.045456486328987224,0.11057074170245593,0.49240908647117576,0.875208809904195,6,01,0,sleepy,easy,1800
0.0,0,0,0.0,0.0,0.0,0.21395561949345346,0.05065082872167127,0.10289948278618297,0.5122836193484975,0.875208809904195,14,01,0,sleepy,easy,2100
0.0,0,0,0.0,0.0,0.0,0.20723036490413463,0.047456567465957424,0.10289948278618297,0.5087587843762429,0.7604513416169594,22,01,0,sleepy,easy,2400
0.0,0,0,0.0,0.0,0.0,0.29966487456710783,0.00876441102787211,0.2690391247606001,0.5008496171226349,0.5455225440254274,87,02,1,alert,easy,0
0.0,0,0,0.0,0.0,0.0,0.29935549459423993,0.01095747001813624,0.17382950890447,0.5032388131983261,0.5481873231172746,85,02,1,alert,easy,300
0.0,0,0,0.0,0.0,0.0,0.2987818706692235,0.011568563582835251,0.17382950890447,0.5060549881834043,0.5481873231172746,102,02,1,alert,easy,600
0.0,0,0,0.0,0.0,0.0,0.29573298804542475,0.01204763218209309,0.20948937865613937,0.5062218935033961,0.545408216658453,98,02,1,alert,easy,900
0.0,0,0,0.0,0.0,0.0,0.29842594252527854,0.01504975052352201,0.20948937865613937,0.5136355846531945,0.545408216658453,37,02,1,alert,easy,1200
0.0,0,0,0.0,0.0,0.0,0.3015066649692484,0.012248622414158753,0.28077741415363267,0.5191645719852392,0.5540605070209008,3,02,1,alert,easy,1500
0.0,0,0,0.0,0.0,0.0,0.2973968927231136,0.016772824941870632,0.10912363465122538,0.5190721884349132,0.5568209856102095,4,02,1,alert,easy,1800
0.0,0,0,0.0,0.0,0.0,0.2940562225935038,0.018654062688664597,0.10842011750778037,0.5154378943659307,0.5568209856102095,28,02,1,alert,easy,2100
0.0,0,0,0.0,0.0,0.0,0.29716169279758975,0.015913848777781386,0.10842011750778037,0.5102279984473325,0.5463564124790266,66,02,1,alert,easy,2400
0.016666666666666666,0,10,10.0,1.0,0.22944325886844558,0.26744814195070965,0.03185092047555427,0.07171776617563208,0.4875315320136154,0.7016530053480714,36,02,0,sleepy,easy,0
0.04,0,22,22.0,1.0909090909090908,0.21462398351687995,0.24946049944382367,0.04277992325983498,0.06657006445431353,0.4902441900591318,0.7016530053480714,53,02,0,sleepy,easy,300
0.04666666666666667,0,25,25.0,1.12,0.21943974227960691,0.23711562486481058,0.04407985186112484,0.06657006445431353,0.500833368134086,0.5336605506432122,70,02,0,sleepy,easy,600
0.03666666666666667,0,20,20.0,1.1,0.23252005624399033,0.24182045144587885,0.040652143093340316,0.06772455403862862,0.5079465603343999,0.5336605506432122,68,02,0,sleepy,easy,900
0.025,0,14,14.0,1.0714285714285714,0.2324384747483284,0.2572098636911066,0.034931729579165904,0.06972360575023415,0.5037697955096123,0.5891833966615719,91,02,0,sleepy,easy,1200
0.02,0,12,12.0,1.0,0.2490478963695285,0.2603804909743702,0.036769605004195245,0.0824550177016345,0.4974316361670039,0.5891833966615719,102,02,0,sleepy,easy,1500
0.03666666666666667,0,21,21.0,1.0476190476190477,0.25189192386886616,0.2499567570766817,0.04408033854452215,0.06911372347604927,0.5205671254225254,1.1944293853801546,83,02,0,sleepy,easy,1800
0.035,0,20,20.0,1.05,0.20516065685180068,0.2518628320344795,0.04063268261447024,0.06911372347604927,0.5255357664220448,1.1944293853801546,86,02,0,sleepy,easy,2100
0.008333333333333333,0,5,5.0,1.0,0.18879349110031424,0.24847721611859963,0.03644633672639348,0.09264641944472785,0.5846399892352823,0.8945560488967594,0,03,1,alert,easy,0
0.006666666666666667,0,4,4.0,1.0,0.20010646941589394,0.25829395316397175,0.0334880126586186,0.09513316081985494,0.546070516034189,0.6916844153414244,0,03,1,alert,easy,300
0.0,0,0,0.0,0.0,0.0,0.2679195798669329,0.03175894949209891,0.10131619998059097,0.53910947349901,0.6481444437029199,4,03,1,alert,easy,600
0.0,0,0,0.0,0.0,0.0,0.2717724489899597,0.031735076213571356,0.10131619998059097,0.5260953328759158,0.6173760122036881,26,03,1,alert,easy,900
0.0,0,0,0.0,0.0,0.0,0.2685688746608294,0.03149426837753138,0.10572052223111283,0.5161111734049343,0.5613719275438985,32,03,1,alert,easy,1200
0.0,0,0,0.0,0.0,0.0,0.267771481925989,0.03335348376479866,0.10496960346925568,0.5189007868846078,0.595555038328003,16,03,1,alert,easy,1500
0.0,0,0,0.0,0.0,0.0,0.2667542787996929,0.03330187816846791,0.10310207646875656,0.5244324795354701,0.595555038328003,12,03,1,alert,easy,1800
0.0,0,0,0.0,0.0,0.0,0.26626831912275245,0.03245893919201817,0.10089465712111911,0.5291554411481654,0.5899388918937193,9,03,1,alert,easy,2100
0.0,0,0,0.0,0.0,0.0,0.2663565994513479,0.03302779103382366,0.10073541371846131,0.5292002193758297,0.5854281900540212,8,03,1,alert,easy,2400
0.12,0,49,49.0,1.469387755102041,0.1496408936613336,0.1973058979226697,0.04608241636303598,0.06997049795302457,0.5507219687221343,0.7832373987772245,38,03,0,sleepy,easy,0
0.12166666666666667,0,51,51.0,1.4313725490196079,0.17370700413547752,0.20671150015541964,0.048282715680107516,0.06997049795302457,0.5065454362193144,0.7832373987772245,93,03,0,sleepy,easy,300
0.09833333333333333,0,44,44.0,1.3409090909090908,0.17350610284423817,0.21619241380299548,0.04707106506600935,0.08210861361716862,0.5011723675143427,0.5192234042984544,109,03,0,sleepy,easy,600
0.06166666666666667,0,32,32.0,1.15625,0.17364631934504665,0.22201488830511693,0.041452059151345394,0.08136760401102833,0.5063573810944442,0.5324909740866887,77,03,0,sleepy,easy,900
0.045,0,23,23.0,1.173913043478261,0.18251077119657766,0.23082838415429072,0.03873380298271151,0.08136760401102833,0.5095903633312061,0.5324909740866887,40,03,0,sleepy,easy,1200
0.06333333333333334,0,34,34.0,1.1176470588235294,0.18314787951602615,0.2279290300245413,0.043095276278502605,0.07313041311420601,0.5239501000525515,0.8711032235984687,30,03,0,sleepy,easy,1500
0.075,0,43,43.0,1.0465116279069768,0.1723782433658045,0.22310652443315102,0.04363199816485828,0.07313041311420601,0.526211627097985,0.8711032235984687,18,03,0,sleepy,easy,1800
0.065,0,38,38.0,1.0263157894736843,0.18663611920529763,0.23151006473861543,0.04377306990552136,0.07923642251916257,0.5353660734147764,1.125787539589921,36,03,0,sleepy,easy,2100
0.0,0,0,0.0,0.0,0.0,0.3055405258119174,0.016173991680475085,0.11775938683670195,0.5130746364948748,0.5556796973273194,31,04,1,alert,easy,0
0.0,0,0,0.0,0.0,0.0,0.2962398836573226,0.01717598149100656,0.11487172854238918,0.5174581261846845,0.5556796973273194,11,04,1,alert,easy,300
0.0,0,0,0.0,0.0,0.0,0.2919345420909738,0.017635730885729287,0.10224212837523788,0.5174405596967173,0.5388916757080011,10,04,1,alert,easy,600
0.0,0,0,0.0,0.0,0.0,0.28761280320844423,0.01553845988338531,0.10224212837523788,0.5114613788112151,0.5429941693622696,49,04,1,alert,easy,900
0.0,0,0,0.0,0.0,0.0,0.2925492145721509,0.014364100549967295,0.21077444717076843,0.5093414305476087,0.5429941693622696,75,04,1,alert,easy,1200
0.0,0,0,0.0,0.0,0.0,0.29191882515213896,0.015528189664771829,0.10735679211219491,0.5142027474551022,0.5408638585119016,41,04,1,alert,easy,1500
0.0,0,0,0.0,0.0,0.0,0.2833513958273208,0.017307204427357635,0.10709552540613618,0.5172186252334475,0.549223830264044,15,04,1,alert,easy,1800
0.0,0,0,0.0,0.0,0.0,0.27773776682241086,0.019629570984708848,0.10709552540613618,0.5184628453701593,0.5533795598358593,15,04,1,alert,easy,2100
0.0,0,0,0.0,0.0,0.0,0.2791062600423591,0.021622247231048244,0.10884344986262239,0.5208632385705373,0.5533795598358593,6,04,1,alert,easy,2400
0.0,0,0,0.0,0.0,0.0,0.2864053535555541,0.030914172491852864,0.12032579721620375,0.5099697989384894,0.5483657557246888,48,04,0,sleepy,easy,0
0.0,0,0,0.0,0.0,0.0,0.28728618014513035,0.018945377517255436,0.10719635418490762,0.5164209441395564,0.5447497746757605,16,04,0,sleepy,easy,300
0.0,0,0,0.0,0.0,0.0,0.28399382172314297,0.016496773514653937,0.10001687963685019,0.522077636851851,0.556843046942292,1,04,0,sleepy,easy,600
0.0016666666666666668,0,1,1.0,1.0,0.23208771293627936,0.2847428991823447,0.02027702172580415,0.08872754256273382,0.5148880687696309,0.5862532303914755,3,04,0,sleepy,easy,900
0.0016666666666666668,0,1,1.0,1.0,0.233799075842029,0.29323854374895847,0.018640226932448083,0.08872754256273382,0.5059938158214922,0.5862532303914755,54,04,0,sleepy,easy,1200
0.0,0,0,0.0,0.0,0.0,0.2910473451139871,0.02281791766611196,0.11467608719718994,0.505270888246432,0.5429213087983171,102,04,0,sleepy,easy,1500
0.0016666666666666668,0,1,1.0,1.0,0.24778785218435412,0.27398485603790895,0.03446625895571402,0.09929806394485752,0.5049604876956905,0.5550939838281416,81,04,0,sleepy,easy,1800
0.023333333333333334,0,4,4.0,1.5,0.21693535780802553,0.258497059728254,0.04026187727487759,0.07393654064741145,0.5011247977896517,0.5550939838281416,75,04,0,sleepy,easy,2100
0.0,0,0,0.0,0.0,0.0,0.21869937304588935,0.013021014407049189,0.10154104205427703,0.45159403438785717,0.4880446243502522,0,05,1,alert,easy,0
0.0,0,0,0.0,0.0,0.0,0.21802253170638447,0.015088787996942285,0.10154104205427703,0.449614943047182,0.4868479929586394,0,05,1,alert,easy,300
0.006666666666666667,0,4,4.0,1.0,0.1631479138071181,0.2106537869310842,0.018337074612681997,0.0739777024107535,0.4441277642497777,0.4868479929586394,0,05,1,alert,easy,600
0.006666666666666667,0,4,4.0,1.0,0.1517514673328356,0.20053786074007118,0.018205955837929402,0.0739777024107535,0.43833069402929603,0.47047820544906815,0,05,1,alert,easy,900
0.005,0,2,2.0,1.5,0.1436755072478754,0.19567763906139718,0.01726635387473233,0.07610626026126066,0.4448125001330297,0.4721526282358841,0,05,1,alert,easy,1200
0.011666666666666667,0,4,4.0,1.75,0.1413840368596647,0.19060887969899976,0.021200496468172396,0.07610626026126066,0.48442602555903097,0.6253791392465358,2,05,1,alert,easy,1500
0.01,0,4,4.0,1.5,0.13285464781968276,0.188049358554617,0.018452126238637862,0.08199978621297459,0.5100779230850876,0.6830138746260842,14,05,1,alert,easy,1800
0.023333333333333334,0,7,7.0,2.0,0.14507102722090345,0.19130900182643848,0.021868012050261915,0.08199978621297459,0.4591518647392101,0.6830138746260842,13,05,1,alert,easy,2100
0.045,0,14,14.0,1.9285714285714286,0.1440440553572032,0.18727522497833657,0.02888010893076313,0.06496653775720362,0.4257456972589231,0.5413263833290705,1,05,1,alert,easy,2400
0.17166666666666666,2,24,24.0,2.625,0.15802274007591616,0.16839480022614314,0.05019622184758207,0.06467100302668898,0.4375422142232354,0.6063124230118306,1,05,0,sleepy,easy,0
0.17333333333333334,2,37,37.0,2.054054054054054,0.12899307185221853,0.14765046087352057,0.041575437375901775,0.06467100302668898,0.4197107119659427,0.4704345733980453,0,05,0,sleepy,easy,300
0.3,5,26,26.0,1.8846153846153846,0.12490241009675561,0.13277107043891093,0.04336596188219622,0.06683648199751555,0.4168317052354959,0.4659365319642466,0,05,0,sleepy,easy,600
0.5083333333333333,13,21,21.0,1.8571428571428572,0.11596863534638675,0.11304727899760532,0.03900249656037816,0.05120030130109744,0.42530347229578797,0.4659365319642466,0,05,0,sleepy,easy,900
0.6683333333333333,14,22,22.0,1.7727272727272727,0.11887353280132999,0.09671883833054058,0.03315752425694273,0.04729823762649562,0.4334713798875013,0.49158173754555023,0,05,0,sleepy,easy,1200
0.5633333333333334,8,34,34.0,1.6470588235294117,0.11071882145929109,0.09970175224367112,0.03151226097408655,0.04729823762649562,0.4551892374326835,0.49230879046111437,0,05,0,sleepy,easy,1500
0.22,1,48,48.0,1.4166666666666667,0.12352650027974914,0.12289360820561143,0.03229494327981934,0.060796553028947695,0.45192946515155863,0.5033975434815245,1,05,0,sleepy,easy,1800
0.12666666666666668,1,32,32.0,1.4375,0.12734644579042714,0.13343399929988,0.03377321603544339,0.07353997155521406,0.4389990097185538,0.5033975434815245,1,05,0,sleepy,easy,2100
0.0016666666666666668,0,1,1.0,1.0,0.18457655057194733,0.2392006062507808,0.01619561186789714,0.09262112559825131,0.5457349899234091,0.6847090243959192,15,06,1,alert,easy,0
0.0016666666666666668,0,1,1.0,1.0,0.20296733710956708,0.2497345752854063,0.018525028057730937,0.08275696722645412,0.6187235212827191,0.6897741834318797,1,06,1,alert,easy,300
0.011666666666666667,0,5,5.0,1.4,0.20118372399889303,0.2448310251013684,0.02830534915013907,0.07726663812825066,0.5977598113331368,0.7974055673175782,10,06,1,alert,easy,600
0.013333333333333334,0,6,6.0,1.3333333333333333,0.19264489118975814,0.2312649575408283,0.027192574841058442,0.07726663812825066,0.5770830976052775,0.7974055673175782,13,06,1,alert,easy,900
0.005,0,3,3.0,1.0,0.17493430272670554,0.22539822552557542,0.01900973266976297,0.0907409902455655,0.6082897489642488,0.7484934555640437,7,06,1,alert,easy,1200
0.0033333333333333335,0,2,2.0,1.0,0.17429610781502636,0.23374605660284478,0.019422590689133882,0.09724653128290835,0.6395209397171516,0.7484934555640437,4,06,1,alert,easy,1500
0.0016666666666666668,0,1,1.0,1.0,0.20708631495630547,0.2551242431141436,0.022173553975008725,0.09842736517787738,0.6238657921322457,0.7203149012816762,0,06,1,alert,easy,1800
0.006666666666666667,0,2,2.0,2.0,0.2108004947107758,0.24967695935005169,0.029158271320858097,0.09015657075316019,0.5981804704850208,0.7711266100635594,5,06,1,alert,easy,2100
0.006666666666666667,0,2,2.0,2.0,0.18857317737901988,0.2414412113178585,0.024983195761947147,0.09015657075316019,0.5858473042290132,0.7711266100635594,5,06,1,alert,easy,2400
0.0,0,0,0.0,0.0,0.0,0.2185700830221208,0.06400244921113542,0.1044100074976907,0.5819585002660488,0.7080901309694586,0,06,0,sleepy,easy,0
0.0,0,0,0.0,0.0,0.0,0.22755998430357824,0.0670784754928437,0.1158326046663189,0.5786586437656396,0.6290223422873632,0,06,0,sleepy,easy,300
0.0,0,0,0.0,0.0,0.0,0.2410157714744265,0.06486171777313374,0.11917633483966131,0.5833770739131983,0.6434856661957247,0,06,0,sleepy,easy,600
0.0,0,0,0.0,0.0,0.0,0.25101186499468436,0.060962654726428436,0.11750173848600126,0.5826694511853964,0.6434856661957247,0,06,0,sleepy,easy,900
0.0,0,0,0.0,0.0,0.0,0.2664551388500763,0.045310767788011706,0.11750173848600126,0.5687924596599304,0.7081882358106442,3,06,0,sleepy,easy,1200
0.0,0,0,0.0,0.0,0.0,0.26983570216508185,0.041343805396712265,0.12312943071497323,0.5807216287601589,0.7081882358106442,3,06,0,sleepy,easy,1500
0.0,0,0,0.0,0.0,0.0,0.27986428485428605,0.04204655249888927,0.1254381043785992,0.6183633781622663,0.6904116535032004,0,06,0,sleepy,easy,1800
0.0,0,0,0.0,0.0,0.0,0.2693387916336039,0.05359734561146799,0.1254381043785992,0.6273859889436417,0.6756574760063653,0,06,0,sleepy,easy,2100
0.0,0,0,0.0,0.0,0.0,0.2579094516824397,0.060564114885435415,0.13032308287922484,0.6194458790953513,0.6756574760063653,0,06,0,sleepy,easy,2400
0.10333333333333333,0,47,47.0,1.3191489361702127,0.17397510449412953,0.19720113730629157,0.04696073708769967,0.05533060257534017,0.5112647774528584,0.5371356174921269,30,07,1,alert,easy,0
0.1,0,46,46.0,1.3043478260869565,0.16265676281643837,0.19018967283890564,0.04503439755835706,0.05844081010983801,0.5111960729865764,0.533868272475053,21,07,1,alert,easy,300
0.08333333333333333,0,40,40.0,1.25,0.16200505687710803,0.1870897768579225,0.04074680357066983,0.06158730929344898,0.5120856329122135,0.533868272475053,9,07,1,alert,easy,600
0.07,0,32,32.0,1.3125,0.14595604717776167,0.18916512893483287,0.035331681740961234,0.06158730929344898,0.5118907422470429,0.5336052246347138,21,07,1,alert,easy,900
0.07666666666666666,0,34,34.0,1.3529411764705883,0.15060314150079082,0.1885228590337216,0.03634267249271041,0.07224370651224082,0.5122310964728907,0.5336052246347138,21,07,1,alert,easy,1200
0.09,0,39,39.0,1.3846153846153846,0.15463965491335047,0.18367837882203897,0.039222369428090084,0.06136487804090299,0.5135570161034373,0.5324825206850333,13,07,1,alert,easy,1500
0.08333333333333333,0,36,36.0,1.3888888888888888,0.15514647378634192,0.18694396799357973,0.04002493184917919,0.06136487804090299,0.5100649959462416,0.5325807236656103,30,07,1,alert,easy,1800
0.09,0,41,41.0,1.3170731707317074,0.153692502583782,0.18797475705867064,0.04139702043642667,0.0583316801429035,0.5105926561428137,0.5341449940034609,23,07,1,alert,easy,2100
0.12333333333333334,0,51,51.0,1.4509803921568627,0.14579587566729318,0.17902653665193813,0.043740693775330464,0.0583316801429035,0.5151105571729785,0.5341449940034609,6,07,1,alert,easy,2400
0.18666666666666668,0,56,56.0,1.7142857142857142,0.15244846002021545,0.16214661124677648,0.05067560444362218,0.05037393849631081,0.5156248295614408,0.5412738176522855,13,07,0,sleepy,easy,0
0.13,0,49,49.0,1.5918367346938775,0.149860678850355,0.17594025798850405,0.046954350667558105,0.05037393849631081,0.5132223637135279,0.5409826620563443,16,07,0,sleepy,easy,300
0.08666666666666667,0,42,42.0,1.2380952380952381,0.148874094672308,0.18889673442717503,0.04018574008373279,0.0587987464277758,0.5005514855974811,0.5326812433066581,45,07,0,sleepy,easy,600
0.07333333333333333,0,38,38.0,1.1578947368421053,0.14748998715836845,0.19373140571367134,0.03902573215661744,0.06197587423951016,0.49570881448994714,0.5195937478619475,88,07,0,sleepy,easy,900
0.07666666666666666,0,43,43.0,1.069767441860465,0.1467810903610797,0.19504602740720536,0.04208275057833913,0.0742047378083252,0.499511830501822,0.5195937478619475,119,07,0,sleepy,easy,1200
0.165,1,59,59.0,1.1864406779661016,0.1492282310770253,0.181040304323956,0.052596805327774596,0.06662592680724078,0.49982430049553395,0.5202520759017957,118,07,0,sleepy,easy,1500
0.19166666666666668,1,62,62.00000000000001,1.3870967741935485,0.15582363357329906,0.1759322949450375,0.05308720762849945,0.05671859844306776,0.4998304779341707,0.5254885873903691,117,07,0,sleepy,easy,1800
0.165,0,61,61.0,1.6229508196721312,0.15277494817885415,0.17461966693160452,0.04931304243276305,0.05671859844306776,0.5037239352863977,0.5341989637073801,93,07,0,sleepy,easy,2100
0.19,0,62,62.00000000000001,1.7419354838709677,0.15560229883358415,0.1642830047998695,0.04828014775276987,0.05691388488429097,0.5100467019075581,0.5341989637073801,42,07,0,sleepy,easy,2400
0.03666666666666667,0,16,16.0,1.375,0.2740519730352005,0.27803160109709896,0.04820082638749552,0.04749941711481147,0.5354683565005545,0.6258405415533849,9,08,1,alert,easy,0
0.03666666666666667,0,17,17.0,1.2941176470588236,0.2769084316474212,0.2751212057876239,0.0471823027754341,0.04800117751164491,0.5460116463534357,0.6965854585501663,0,08,1,alert,easy,300
0.035,0,16,16.0,1.3125,0.2729039813480241,0.2712651928801793,0.04571336439667218,0.056245019576207964,0.5462925247534639,0.6965854585501663,3,08,1,alert,easy,600
0.043333333333333335,0,19,19.0,1.368421052631579,0.25876141420492793,0.26135286413480724,0.04798978942646448,0.0521217274165174,0.5472381444182317,0.6960548488220701,3,08,1,alert,easy,900
0.04,0,17,17.0,1.411764705882353,0.2712843567823606,0.2660115771969212,0.046226766795375296,0.0521217274165174,0.5580653636621864,0.6960548488220701,0,08,1,alert,easy,1200
0.035,0,13,13.0,1.6153846153846154,0.2682695812708371,0.26912851313759045,0.04158493890923469,0.05784824937347267,0.560826425710492,0.6029717880422735,0,08,1,alert,easy,1500
0.041666666666666664,0,14,14.0,1.7857142857142858,0.23645916452862867,0.2657960570733247,0.043896855249857654,0.0586620128849813,0.5624623980286951,0.6029717880422735,0,08,1,alert,easy,1800
0.043333333333333335,0,15,15.0,1.7333333333333334,0.2467617707343952,0.2663988070509839,0.045250155306594535,0.04435093338351985,0.5537771941118662,0.5854350146690629,1,08,1,alert,easy,2100
0.041666666666666664,0,14,14.0,1.7857142857142858,0.26445439663585635,0.26531617090537757,0.043664420036379624,0.04435093338351985,0.5459996321861165,0.5941462111508149,5,08,1,alert,easy,2400
0.04,0,17,17.0,1.411764705882353,0.29078785758145514,0.2730975779808736,0.050379015460904106,0.031787575420111666,0.563200249444646,0.6622879466578626,0,08,0,sleepy,easy,0
0.05,0,15,15.0,1.6666666666666667,0.27695340596685863,0.267600888563202,0.051115742300751936,0.044070848509047494,0.5601392073153727,0.5977444081579063,0,08,0,sleepy,easy,300
0.058333333333333334,0,19,19.0,1.5789473684210527,0.3111520095216673,0.2617205446411435,0.054820010500644716,0.04715863673872335,0.563953556330114,0.5912130883951484,0,08,0,sleepy,easy,600
0.058333333333333334,0,20,20.0,1.5,0.3320085402598628,0.2611870691015877,0.058284361148544316,0.04092607359356514,0.563280162654376,0.6000988147884064,0,08,0,sleepy,easy,900
0.055,0,16,16.0,1.75,0.33112645026045473,0.2615749332535424,0.05551614708315485,0.04092607359356514,0.5614386747158413,0.6000988147884064,0,08,0,sleepy,easy,1200
0.05333333333333334,0,20,20.0,1.6,0.30417779756728025,0.26902919447912393,0.05559642827916507,0.04130699678110861,0.5586545596935611,0.5979918216260007,1,08,0,sleepy,easy,1500
0.04,0,17,17.0,1.411764705882353,0.30680881221832845,0.27906694347039324,0.05106928454221756,0.035019767897924825,0.5625113758438315,0.5970331376216103,1,08,0,sleepy,easy,1800
0.045,0,17,17.0,1.588235294117647,0.29992245553341207,0.2704221494950616,0.052364511249243254,0.035019767897924825,0.5733162214872912,0.6149162922748322,0,08,0,sleepy,easy,2100
0.06166666666666667,0,21,21.0,1.7619047619047619,0.27642749353274026,0.25640752531288596,0.05644723361897976,0.041414609793823956,0.5706924906147832,0.6149162922748322,0,08,0,sleepy,easy,2400
0.051666666666666666,0,27,27.0,1.1481481481481481,0.2190152833350991,0.26201335018852046,0.04622482932082473,0.06804934244539523,0.5050683992311585,0.6405601547314869,51,09,1,alert,easy,0
0.055,0,30,30.0,1.1,0.21576515892935533,0.25961745309788853,0.04842194190566235,0.06804934244539523,0.49892552152222047,0.5494413170812247,56,09,1,alert,easy,300
0.03833333333333333,0,23,23.0,1.0,0.21510411279985253,0.26050091932153613,0.04328882621333346,0.07239499242870309,0.49378747331302664,0.5412183288863048,49,09,1,alert,easy,600
0.03,0,18,18.0,1.0,0.20600192569426787,0.2607342995559599,0.03930235130890766,0.07338426898574116,0.48786343209808575,0.5317780490701208,40,09,1,alert,easy,900
0.03,0,18,18.0,1.0,0.20983717251347167,0.2591572173489265,0.040229801995472325,0.06905684600526502,0.4937746951225815,0.5591302210807703,43,09,1,alert,easy,1200
0.041666666666666664,0,24,24.0,1.0416666666666667,0.20938268904607335,0.25603289732562134,0.04453292569659634,0.06905684600526502,0.4947981081051828,0.5591302210807703,55,09,1,alert,easy,1500
0.04666666666666667,0,27,27.0,1.037037037037037,0.2134629363978849,0.2563225958430594,0.04436928607087495,0.07327206812896522,0.49001025529467046,0.5335150754368554,48,09,1,alert,easy,1800
0.041666666666666664,0,23,23.0,1.0869565217391304,0.21293727460676107,0.25587072531444977,0.04252288945425924,0.07327206812896522,0.49414968523129194,0.6390840896053787,44,09,1,alert,easy,2100
0.03833333333333333,0,21,21.0,1.0952380952380953,0.20401697626548698,0.25542420522717846,0.041527967623453635,0.07538681101676303,0.49661032092323354,0.6390840896053787,68,09,1,alert,easy,2400
0.055,0,25,25.0,1.32,0.20821914217361848,0.2473821873910942,0.04928409744813672,0.05549186149798262,0.5231368497443589,0.7009022952031372,41,09,0,sleepy,easy,0
0.065,0,31,31.000000000000004,1.2580645161290323,0.20424403311417572,0.24545729666958532,0.05273916991001949,0.07609574737831329,0.5127671715581689,0.6352281172658064,37,09,0,sleepy,easy,300
0.07666666666666666,0,38,38.0,1.2105263157894737,0.20746312032339845,0.23951310833987313,0.05855781152540785,0.07586516766645973,0.502931613167253,0.6208062753672907,47,09,0,sleepy,easy,600
0.06666666666666667,0,30,30.0,1.3333333333333333,0.21120595913512868,0.24367903396957136,0.05835326837600895,0.07586516766645973,0.5057961244100028,0.5597261279595759,44,09,0,sleepy,easy,900
0.08,0,32,32.0,1.5,0.21273258754681956,0.24398014483338917,0.057131145498335124,0.07649709349439304,0.5128019325319616,0.6128211769941403,33,09,0,sleepy,easy,1200
0.09,0,37,37.0,1.4594594594594594,0.2025892728280568,0.24271602116490332,0.056187054906490445,0.07294829022647975,0.5123851147754623,0.6182561907641708,54,09,0,sleepy,easy,1500
0.095,0,35,35.0,1.4285714285714286,0.20323334581080602,0.2367161979019994,0.06053047135621362,0.07294829022647975,0.51724468825561,0.6367425549356326,52,09,0,sleepy,easy,1800
0.08333333333333333,0,34,34.0,1.2647058823529411,0.21726233832970634,0.23907120983579322,0.059274525248750404,0.061186218903250295,0.5304330114053641,0.6754908275835791,29,09,0,sleepy,easy,2100
0.06333333333333334,0,35,35.0,1.0857142857142856,0.2174703953615432,0.237899606005748,0.056578285912267566,0.05340634769098353,0.5436613946773122,0.6775315880656622,20,09,0,sleepy,easy,2400
0.008333333333333333,0,5,5.0,1.0,0.22330698415571262,0.26622435317056725,0.03296817478714775,0.09320712916777216,0.4883833320633895,0.6791914422081169,27,10,1,alert,easy,0
0.006666666666666667,0,4,4.0,1.0,0.22348297837346914,0.258123648267141,0.03910646569943171,0.09320712916777216,0.5113692480354023,0.7423942930725248,25,10,1,alert,easy,300
0.0033333333333333335,0,2,2.0,1.0,0.1989733924549549,0.26100295825440956,0.03636815074361899,0.09493293303423717,0.49491729760024955,0.7423942930725248,12,10,1,alert,easy,600
0.011666666666666667,0,6,6.0,1.1666666666666667,0.20304720809504206,0.2605509544493339,0.036502268406701295,0.07505312215255885,0.4899776397192147,0.6950659555606418,11,10,1,alert,easy,900
0.03166666666666667,0,17,17.0,1.1176470588235294,0.19765104631927996,0.24384189417332705,0.05005561548481631,0.07505312215255885,0.5614053959464612,0.7839534679610952,11,10,1,alert,easy,1200
0.03166666666666667,0,17,17.0,1.1176470588235294,0.194118281594811,0.2343097087606764,0.05114101265255071,0.07786947906703157,0.596019150219457,0.7839534679610952,6,10,1,alert,easy,1500
0.011666666666666667,0,6,6.0,1.1666666666666667,0.2094800239071359,0.2414162990464617,0.04077178359098723,0.08122865105086881,0.5685377562288081,0.7651779509554935,14,10,1,alert,easy,1800
0.006666666666666667,0,4,4.0,1.0,0.210412748896252,0.2511234162910159,0.038097670527109766,0.07970216114217554,0.5231372223413269,0.7651779509554935,13,10,1,alert,easy,2100
0.006666666666666667,0,4,4.0,1.0,0.19425766270305084,0.2545479721348705,0.03841151167732478,0.07970216114217554,0.49659825641317656,0.724454284480236,8,10,1,alert,easy,2400
0.01,0,6,6.0,1.0,0.1951701962946536,0.2442732267827847,0.04133505283114087,0.08594968065919201,0.526742911017866,0.7178613040298629,19,10,0,sleepy,easy,0
0.0033333333333333335,0,2,2.0,1.0,0.1819782882841498,0.24020574435961994,0.04038495461577178,0.09434615680189884,0.5066825005260557,0.7178613040298629,17,10,0,sleepy,easy,300
0.0016666666666666668,0,1,1.0,1.0,0.19048627294365378,0.24936679156837024,0.03692730982467799,0.09434615680189884,0.4586216755417067,0.6413063123598289,5,10,0,sleepy,easy,600
0.0016666666666666668,0,1,1.0,1.0,0.18780973033193904,0.25541322296320895,0.03472895462311419,0.09856933250464106,0.473614427443082,0.6710332016951702,7,10,0,sleepy,easy,900
0.0033333333333333335,0,2,2.0,1.0,0.1969231461047528,0.247918383796604,0.04006108396736415,0.08034250095901353,0.5053553840410194,0.6722472329309832,11,10,0,sleepy,easy,1200
0.01,0,6,6.0,1.0,0.19427975362158115,0.23527143930698713,0.04381011038745653,0.08034250095901353,0.5459005205444372,0.7303656128590346,12,10,0,sleepy,easy,1500
0.013333333333333334,0,8,8.0,1.0,0.18795689562947518,0.2336353543698255,0.04225760694976943,0.07449878133683929,0.5425360169240606,0.7303656128590346,18,10,0,sleepy,easy,1800
0.011666666666666667,0,7,7.0,1.0,0.1869707253231882,0.23590366171357924,0.03909666737498987,0.07449878133683929,0.5278656019950426,0.7469023996093416,20,10,0,sleepy,easy,2100
0.006666666666666667,0,4,4.0,1.0,0.1877721585325106,0.23000620443106437,0.042375844132270954,0.08907183111586137,0.525127768830817,0.760451160498688,15,10,0,sleepy,easy,2400
0.03333333333333333,0,20,20.0,1.0,0.23048421500407765,0.2650215228055812,0.04271219409904925,0.05893424483269652,0.5080537557970091,0.7116940509930326,88,11,1,alert,easy,0
0.03666666666666667,0,22,22.0,1.0,0.24459224277637476,0.2581379102416966,0.04420594560707497,0.06665031202515988,0.4981028652692398,0.5215986505875171,106,11,1,alert,easy,300
0.055,0,33,33.0,1.0,0.24298334980127348,0.2528550569127281,0.048827274427046874,0.06665031202515988,0.49921465338678594,0.5226948487819278,101,11,1,alert,easy,600
0.06666666666666667,0,39,39.0,1.0256410256410255,0.2077434662507818,0.25019261044355867,0.05170534358742733,0.06657568609873366,0.5014733743076296,0.6126990616529537,89,11,1,alert,easy,900
0.05,0,29,29.0,1.0344827586206897,0.23059809446539595,0.2532133108863204,0.04786038767958654,0.06657568609873366,0.5031796597350305,0.6126990616529537,68,11,1,alert,easy,1200
0.04,0,24,24.0,1.0,0.23076563233157332,0.25170189417392513,0.04595680981669883,0.07596712387040552,0.5062840775416669,0.5477756362795427,51,11,1,alert,easy,1500
0.03833333333333333,0,23,23.0,1.0,0.2115962668318173,0.2477792867164238,0.04567355909881012,0.05830598940181354,0.5029115861902261,0.5997502504296787,61,11,1,alert,easy,1800
0.04,0,24,24.0,1.0,0.21036587196240272,0.2470626707055466,0.04398921706186138,0.05830598940181354,0.5037562833142649,0.5997502504296787,66,11,1,alert,easy,2100
0.041666666666666664,0,24,24.0,1.0416666666666667,0.20940422978631648,0.24706522295440905,0.04405706768993288,0.07643365087310076,0.5103268031140328,0.5427561004592171,38,11,1,alert,easy,2400
0.095,1,37,37.0,1.2432432432432432,0.21767272127646037,0.2316652599942148,0.0686377820377957,0.045454220564087565,0.48953967365713275,0.6419756106855334,10,11,0,sleepy,easy,0
0.08,1,28,28.0,1.3214285714285714,0.21432714337770706,0.24205699893162483,0.06730554364834289,0.0667834599861748,0.4824080505631184,0.5379253817412957,72,11,0,sleepy,easy,300
0.0,0,0,0.0,0.0,0.0,0.27998188322231743,0.0239980794057482,0.10681149074693513,0.5031995040370312,0.5593051427207465,126,11,0,sleepy,easy,600
0.0,0,0,0.0,0.0,0.0,0.2822561533521329,0.024245222918141893,0.10681149074693513,0.49917425023901557,0.5593051427207465,117,11,0,sleepy,easy,900
0.0,0,0,0.0,0.0,0.0,0.28134211938623804,0.024125073771966665,0.11738074960567366,0.49029804998723914,0.534225136925684,80,11,0,sleepy,easy,1200
0.005,0,3,3.0,1.0,0.21046199565801763,0.27888337063110874,0.032079986940909064,0.08941403349374796,0.4816859805849059,0.5344244926187111,55,11,0,sleepy,easy,1500
0.011666666666666667,0,6,6.0,1.1666666666666667,0.2193439316161969,0.27131262377761567,0.03658444542104166,0.07950601447533853,0.49543383092998816,0.581816970666095,40,11,0,sleepy,easy,1800
0.01,0,5,5.0,1.2,0.238730520777135,0.27496365309930637,0.037278241740514535,0.07950601447533853,0.5269816870752565,0.581816970666095,10,11,0,sleepy,easy,2100
0.0033333333333333335,0,2,2.0,1.0,0.23873501420023316,0.28205179422030874,0.03441140533162197,0.08527613696251088,0.5323962707046204,0.5728667857420863,4,11,0,sleepy,easy,2400
0.0,0,0,0.0,0.0,0.0,0.25290234087084457,0.01675282189330558,0.1238233353515498,0.49449747566192914,0.5470749429677689,11,12,1,alert,easy,0
0.0,0,0,0.0,0.0,0.0,0.25176322204424656,0.01846223995108185,0.12111134868928548,0.5106745296839493,0.5636167625479553,9,12,1,alert,easy,300
0.0016666666666666668,0,1,1.0,1.0,0.2003030520078492,0.25295787991679597,0.01868519757625163,0.08627850256584822,0.5208588078492857,0.5636167625479553,9,12,1,alert,easy,600
0.0016666666666666668,0,1,1.0,1.0,0.21151460673669686,0.25545777343432086,0.01749751429781797,0.08627850256584822,0.5134838721543142,0.5761810241269109,12,12,1,alert,easy,900
0.0,0,0,0.0,0.0,0.0,0.25319859384072413,0.0170659061509604,0.11469711128425467,0.49230478378582454,0.5761810241269109,11,12,1,alert,easy,1200
0.0,0,0,0.0,0.0,0.0,0.25051977016095917,0.017015692780638067,0.11138309690324294,0.4803034659435615,0.5042911573829045,6,12,1,alert,easy,1500
0.0,0,0,0.0,0.0,0.0,0.2489080527885458,0.017795534015150428,0.11138309690324294,0.48977476242493706,0.5584003157762588,12,12,1,alert,easy,1800
0.0,0,0,0.0,0.0,0.0,0.2533482165552229,0.017539686077182037,0.11861929472989835,0.4915669247478435,0.5584003157762588,15,12,1,alert,easy,2100
0.0,0,0,0.0,0.0,0.0,0.2556607499809459,0.018330894201487306,0.12207611025917248,0.5030661539995515,0.5545907841212836,6,12,1,alert,easy,2400
0.006666666666666667,0,4,4.0,1.0,0.21607881626080305,0.2474544143017865,0.025045834643669013,0.04724918837468731,0.48609882859437825,0.6011726970855362,27,12,0,sleepy,easy,0
0.0016666666666666668,0,1,1.0,1.0,0.18256242397873168,0.2468032458304496,0.022854868740437448,0.09252234111006132,0.5020435215460591,0.6011726970855362,45,12,0,sleepy,easy,300
0.0033333333333333335,0,2,2.0,1.0,0.18923998375127213,0.25134604026100155,0.023268340376490063,0.09135037538405053,0.5007717903695579,0.5936584947564109,64,12,0,sleepy,easy,600
0.0033333333333333335,0,2,2.0,1.0,0.18923998375127213,0.25215430584549486,0.02558546146560624,0.09135037538405053,0.5004228411783235,0.5473645711116116,43,12,0,sleepy,easy,900
0.0,0,0,0.0,0.0,0.0,0.25367812188907396,0.02429095039576969,0.10086461549205747,0.48844235746989134,0.5473645711116116,5,12,0,sleepy,easy,1200
0.0,0,0,0.0,0.0,0.0,0.2593241566511007,0.023728516670963314,0.10086461549205747,0.46528783935073703,0.5045482933459687,0,12,0,sleepy,easy,1500
0.0,0,0,0.0,0.0,0.0,0.2601077791059055,0.02253773327711933,0.11286322949236918,0.47232305864769114,0.5350973157406074,5,12,0,sleepy,easy,1800
0.0,0,0,0.0,0.0,0.0,0.2507757342247054,0.024600724727028962,0.11035139373447746,0.47025807387413904,0.5350973157406074,5,12,0,sleepy,easy,2100
0.0,0,0,0.0,0.0,0.0,0.24638111514651806,0.02488588087117864,0.10398622137798905,0.46578473032622253,0.4959884831375445,0,12,0,sleepy,easy,2400
0.0033333333333333335,0,2,2.0,1.0,0.2232843568428388,0.2582546757987346,0.01824341034009551,0.06191468447401073,0.46251270895089835,0.657692521517536,2,13,1,alert,easy,0
0.01,0,6,6.0,1.0,0.20293055396735107,0.25063559308095923,0.024288894924475633,0.06191468447401073,0.4583648073901609,0.6061185642445092,2,13,1,alert,easy,300
0.028333333333333332,0,17,17.0,1.0,0.22458039771563182,0.24233132934527057,0.03453407412622859,0.06452484527548834,0.4809363068985288,0.6787979076645084,3,13,1,alert,easy,600
0.03166666666666667,0,19,19.0,1.0,0.22530822322070768,0.23513677878939082,0.03571814346190528,0.06526430537856212,0.498774504408558,0.6787979076645084,4,13,1,alert,easy,900
0.021666666666666667,0,13,13.0,1.0,0.19734461517254556,0.23210269098128605,0.030199047720276477,0.06526430537856212,0.4927734750270946,0.6704516453200842,5,13,1,alert,easy,1200
0.028333333333333332,0,17,17.0,1.0,0.22386074890140328,0.23490976901324562,0.03351474893698147,0.06648952303324229,0.5100182835251658,0.6598544809190193,8,13,1,alert,easy,1500
0.03666666666666667,0,22,22.0,1.0,0.22666763702839632,0.2379104337215683,0.03744507716299878,0.06648952303324229,0.508772954925447,0.6438702998555362,7,13,1,alert,easy,1800
0.02666666666666667,0,16,16.0,1.0,0.1966020708171679,0.23210207100366195,0.03375093029236543,0.0671483528940808,0.4779308418275205,0.6314112692147256,3,13,1,alert,easy,2100
0.03,0,18,18.0,1.0,0.18417655896680588,0.22671991428879465,0.032116202533202506,0.06525155206121581,0.48651397192185747,0.6596451457978062,5,13,1,alert,easy,2400
0.01,0,6,6.0,1.0,0.22038291876002833,0.24638461101179623,0.023969179814035572,0.0593723796950001,0.47471107586473277,0.6230463492656643,1,13,0,sleepy,easy,0
0.006666666666666667,0,4,4.0,1.0,0.20880641334969996,0.2458008243999446,0.018436570755515008,0.061009691465012776,0.47370453692885445,0.49605495059049975,0,13,0,sleepy,easy,300
0.005,0,3,3.0,1.0,0.20975777920558092,0.24481771441432926,0.017538024391394815,0.061009691465012776,0.4718579033702454,0.49589672083435704,0,13,0,sleepy,easy,600
0.005,0,3,3.0,1.0,0.19794533043968313,0.242827267621954,0.018292702357924972,0.06119423217777338,0.47006069853383414,0.4959277845189787,0,13,0,sleepy,easy,900
0.008333333333333333,0,5,5.0,1.0,0.18942255484308568,0.24197354828147552,0.019481948586389148,0.06119423217777338,0.47119209645517707,0.5015947200219624,1,13,0,sleepy,easy,1200
0.013333333333333334,0,8,8.0,1.0,0.19804234418054167,0.24277503988221377,0.02410355625656103,0.0602944333516965,0.4705749283888616,0.5015947200219624,1,13,0,sleepy,easy,1500
0.008333333333333333,0,5,5.0,1.0,0.20403429380775565,0.24554179795256034,0.021430683610178275,0.0602944333516965,0.4680031961120515,0.49208294177620965,0,13,0,sleepy,easy,1800
0.008333333333333333,0,5,5.0,1.0,0.20227900272575922,0.24564888567645085,0.019954914379286915,0.06366051997010957,0.46982183020078405,0.5067819346103327,3,13,0,sleepy,easy,2100
0.013333333333333334,0,8,8.0,1.0,0.20265551589958894,0.2448644055843719,0.024931810408084336,0.05992616347451341,0.4735694949440792,0.5067819346103327,3,13,0,sleepy,easy,2400
0.023333333333333334,0,12,12.0,1.1666666666666667,0.1837336875453119,0.2407815171055025,0.037699283111830524,0.08066091960510016,0.48224104805047224,0.5676261367383324,44,14,1,alert,easy,0
0.035,0,18,18.0,1.1666666666666667,0.18465847236898983,0.23961823175666813,0.03936307682129505,0.0649793999106024,0.48900652900023034,0.5965843677597321,50,14,1,alert,easy,300
0.05333333333333334,0,27,27.0,1.1851851851851851,0.18628873474191718,0.23024006785903844,0.043907401633808206,0.05861494895664615,0.48740563903777245,0.5965843677597321,51,14,1,alert,easy,600
0.041666666666666664,0,22,22.0,1.1363636363636365,0.18321282714512147,0.22617061864838567,0.04425953132256477,0.05861494895664615,0.4779844908253741,0.590912287909512,29,14,1,alert,easy,900
0.03666666666666667,0,20,20.0,1.1,0.18345975036098283,0.22931824900324624,0.044676383111445464,0.0678518080200799,0.4785488073054438,0.590912287909512,22,14,1,alert,easy,1200
0.041666666666666664,0,22,22.0,1.1363636363636365,0.18463811724126797,0.2302646154995197,0.04400370411907791,0.0678518080200799,0.48372741001749,0.5862505593658041,34,14,1,alert,easy,1500
0.03166666666666667,0,18,18.0,1.0555555555555556,0.18044714541460533,0.23192573803240696,0.041553543770199375,0.07227967961147479,0.4860153147869996,0.5796246512286053,42,14,1,alert,easy,1800
0.04,0,22,22.0,1.0909090909090908,0.18918101135324886,0.22942240985500453,0.044361867781694736,0.06274683670649503,0.4906754734107803,0.5733506877751894,53,14,1,alert,easy,2100
0.056666666666666664,0,30,30.0,1.1333333333333333,0.19033436251291716,0.22558873302855725,0.04516187869612941,0.06274683670649503,0.494627344514613,0.5784686359895541,67,14,1,alert,easy,2400
0.03666666666666667,0,18,18.0,1.2222222222222223,0.19000874443489768,0.2152492387290247,0.052306465856835814,0.07562125473433387,0.46075512587555406,0.5248879277485489,9,14,0,sleepy,easy,0
0.04666666666666667,0,20,20.0,1.4,0.17456583337230427,0.20875219451022137,0.05180984505248882,0.08048184048187507,0.4645665005584357,0.5303255610295073,12,14,0,sleepy,easy,300
0.08666666666666667,0,40,40.0,1.3,0.17546843311147076,0.2093717105345253,0.05519966511092219,0.07056452531222121,0.46526985539365723,0.542796464263904,9,14,0,sleepy,easy,600
0.07166666666666667,0,37,37.0,1.162162162162162,0.17865606732190423,0.2158665994405218,0.05294335361888767,0.07056452531222121,0.47094289851148774,0.5738645011546456,10,14,0,sleepy,easy,900
0.08,0,25,25.0,1.36,0.17945504882560892,0.21375523336392738,0.05561457647025444,0.07084514529314156,0.4776915076092092,0.5738645011546456,19,14,0,sleepy,easy,1200
0.08666666666666667,0,24,24.0,1.375,0.17762935308232,0.21066100135262475,0.05408462582371554,0.07084514529314156,0.48313679334261905,0.5610226301208274,41,14,0,sleepy,easy,1500
0.07833333333333334,0,29,29.0,1.2758620689655173,0.16159676370568865,0.20793721690071706,0.050839100245858866,0.07215497100214567,0.4889390245767577,0.5766187673137221,59,14,0,sleepy,easy,1800
0.08333333333333333,0,31,31.000000000000004,1.2903225806451613,0.17488689613487368,0.21381199430073375,0.052345078415425295,0.07215497100214567,0.4911758527380446,0.5766187673137221,69,14,0,sleepy,easy,2100
0.06666666666666667,0,29,29.0,1.206896551724138,0.173867693172552,0.2180735471846082,0.048268973653435195,0.07289289839792532,0.4890655210694003,0.5823824769415963,59,14,0,sleepy,easy,2400
0.0033333333333333335,0,2,2.0,1.0,0.21771120803309918,0.2656702888756219,0.02952028893031993,0.09130186270937676,0.5012812817365477,0.7806157562863214,15,15,1,alert,easy,0
0.0033333333333333335,0,2,2.0,1.0,0.21699167566251948,0.26253331434774124,0.02871386516951583,0.09130186270937676,0.5103203125906575,0.7806157562863214,15,15,1,alert,easy,300
0.0,0,0,0.0,0.0,0.0,0.26425814520922064,0.02671914752449708,0.10743313936109919,0.514963587880955,0.7142018836037988,16,15,1,alert,easy,600
0.0,0,0,0.0,0.0,0.0,0.26594583103895636,0.02853369104818495,0.11252949116285377,0.5321840202923198,0.7142018836037988,15,15,1,alert,easy,900
0.0,0,0,0.0,0.0,0.0,0.2671583959453603,0.027860135906961014,0.11252949116285377,0.5433950852758255,0.7610742297606341,13,15,1,alert,easy,1200
0.0,0,0,0.0,0.0,0.0,0.2620963893182034,0.026990645263367568,0.10570813980951253,0.5311627596613526,0.7610742297606341,13,15,1,alert,easy,1500
0.0,0,0,0.0,0.0,0.0,0.25654202665063375,0.032484487991851926,0.10233707443376804,0.5325999365303554,0.7766433301650058,12,15,1,alert,easy,1800
0.0,0,0,0.0,0.0,0.0,0.25492632780203933,0.033660379047055496,0.10233707443376804,0.5328315998598273,0.7766433301650058,13,15,1,alert,easy,2100
0.0,0,0,0.0,0.0,0.0,0.2618065683357783,0.027088006800446606,0.10713559510499077,0.509741345129248,0.660233584332239,27,15,1,alert,easy,2400
0.011666666666666667,0,5,5.0,1.4,0.21255119844200845,0.24609529478513234,0.04917241838528746,0.08005963544466696,0.529160341429194,0.8524472083590912,21,15,0,sleepy,easy,0
0.055,2,5,5.0,1.4,0.2138845258071765,0.2221095130114753,0.06104961721190854,0.06265100469219395,0.5039864665478231,0.89385624333686,16,15,0,sleepy,easy,300
0.10666666666666667,3,4,4.0,1.0,0.21211949076090633,0.19719185010304693,0.0674038602819351,0.06064654696478154,0.5359170389850643,0.9360168826696983,17,15,0,sleepy,easy,600
0.058333333333333334,1,1,1.0,1.0,0.2048160901787283,0.21910622820733114,0.06591780057598048,0.06064654696478154,0.5163519746672361,0.9360168826696983,17,15,0,sleepy,easy,900
0.0,0,0,0.0,0.0,0.0,0.23995724524836531,0.04648581498845334,0.10249445675413016,0.48395331632650995,0.5166251340880426,59,15,0,sleepy,easy,1200
0.05333333333333334,1,5,5.0,1.6,0.1932117965080029,0.22282546114387022,0.0566071686641447,0.055309556213260905,0.5259230619810767,0.8892561329927682,84,15,0,sleepy,easy,1500
0.05333333333333334,1,5,5.0,1.6,0.1932117965080029,0.21731065661112636,0.05962015703270955,0.055309556213260905,0.5242365308707762,0.8892561329927682,52,15,0,sleepy,easy,1800
0.0,0,0,0.0,0.0,0.0,0.22568595987603757,0.05055938278536691,0.11132561889038994,0.48748499325709077,0.5309220629658132,62,15,0,sleepy,easy,2100
0.015,0,5,5.0,1.8,0.19880858564808593,0.22110564649106929,0.05125274766162398,0.08726277576828068,0.5073737897219662,0.8644243975948382,55,15,0,sleepy,easy,2400
0.0016666666666666668,0,1,1.0,1.0,0.229149359047539,0.2709538668595525,0.03986848346191302,0.09050653230534103,0.5170391807470274,0.6124736870339557,37,16,1,alert,easy,0
0.0,0,0,0.0,0.0,0.0,0.27119735232960795,0.04226410336017871,0.10518475825642337,0.5160202636698316,0.5633168721472864,19,16,1,alert,easy,300
0.0,0,0,0.0,0.0,0.0,0.270320685472414,0.04185279854651531,0.10489478736829538,0.5193845065616779,0.5677190828510993,13,16,1,alert,easy,600
0.0,0,0,0.0,0.0,0.0,0.2596681750578143,0.040432811715814955,0.10004124207375427,0.5162604149931124,0.6177133421110702,10,16,1,alert,easy,900
0.0,0,0,0.0,0.0,0.0,0.261549703792981,0.03838928314767021,0.10004124207375427,0.5080788513712605,0.6177133421110702,34,16,1,alert,easy,1200
0.0,0,0,0.0,0.0,0.0,0.2612223280612031,0.038886502173727945,0.10117269692867725,0.5118353627202632,0.549578856541255,41,16,1,alert,easy,1500
0.0,0,0,0.0,0.0,0.0,0.25980448038849296,0.03720944154500565,0.10117269692867725,0.5154608598026525,0.5547085436063558,21,16,1,alert,easy,1800
0.0016666666666666668,0,1,1.0,1.0,0.21149036706969446,0.2647437903460843,0.03464799471270513,0.09453328045095569,0.5191736904123601,0.5547085436063558,4,16,1,alert,easy,2100
0.0033333333333333335,0,2,2.0,1.0,0.21249532681283892,0.2616315839134653,0.03935877772688697,0.09252336096466676,0.5249501754585763,0.5786350331142888,5,16,1,alert,easy,2400
0.016666666666666666,0,3,3.0,3.3333333333333335,0.2044244042655842,0.22688849611308332,0.056426305402379785,0.08422442088863247,0.5113758133893267,0.5699091824230867,35,16,0,sleepy,easy,0
0.0016666666666666668,0,1,1.0,1.0,0.2108300561828601,0.23690560970373611,0.05139640012673775,0.09849169896744026,0.5235302809988773,0.5724809994375366,21,16,0,sleepy,easy,300
0.0016666666666666668,0,1,1.0,1.0,0.2108300561828601,0.23310882343126682,0.052073134556035475,0.09849169896744026,0.5316116949724166,0.5724809994375366,4,16,0,sleepy,easy,600
0.0,0,0,0.0,0.0,0.0,0.23248707961033857,0.047354840458126705,0.10499343384170642,0.5181684260481962,0.5580854443239185,21,16,0,sleepy,easy,900
0.05333333333333334,1,11,11.0,1.4545454545454546,0.18179332041404855,0.21232736288962992,0.060303445051955645,0.08097747160959719,0.5109425907125632,0.5728648034665823,22,16,0,sleepy,easy,1200
0.065,1,16,16.0,1.4375,0.19282353837333305,0.20045520068085182,0.06500646551746461,0.08097747160959719,0.4889550968972736,0.5728648034665823,16,16,0,sleepy,easy,1500
0.015,0,7,7.0,1.2857142857142858,0.1928499784032152,0.22076694172619885,0.056988229153075796,0.09101920669983614,0.4792023063329894,0.5520851266971526,24,16,0,sleepy,easy,1800
0.0033333333333333335,0,2,2.0,1.0,0.1965762880025175,0.2381595848814685,0.04924521142700802,0.0933056792660059,0.4964664666979026,0.5520851266971526,48,16,0,sleepy,easy,2100
0.005,0,2,2.0,1.5,0.19784995679969025,0.24134881589589516,0.046387722786183805,0.09269803193211273,0.515338104139375,0.5627341004114762,42,16,0,sleepy,easy,2400
0.011666666666666667,0,6,6.0,1.1666666666666667,0.21445349017724233,0.2531971498867149,0.02537638222376851,0.051561017612590604,0.49804350616613685,0.5652050932807509,83,17,1,alert,easy,0
0.018333333333333333,0,8,8.0,1.375,0.2174293224987462,0.24373750897463206,0.03237504694645982,0.051561017612590604,0.4939729634151896,0.5867305318662431,53,17,1,alert,easy,300
0.013333333333333334,0,5,5.0,1.6,0.214238911239248,0.23958090388238504,0.026615600969374337,0.056945533702496706,0.4873170127134252,0.5867305318662431,31,17,1,alert,easy,600
0.018333333333333333,0,7,7.0,1.5714285714285714,0.21766291299213703,0.24086095612641828,0.0279361341029825,0.05261909675403417,0.4969014635793719,0.6305391824994994,21,17,1,alert,easy,900
0.021666666666666667,0,9,9.0,1.4444444444444444,0.22567317760754108,0.24613581716543118,0.034410829535738804,0.051831053658798684,0.507935541353223,0.6659688183950333,43,17,1,alert,easy,1200
0.015,0,7,7.0,1.2857142857142858,0.226705505493616,0.24156627096177416,0.03434092183418078,0.051831053658798684,0.4875239213438683,0.6659688183950333,26,17,1,alert,easy,1500
0.015,0,8,8.0,1.125,0.20591500871806792,0.23845406137224184,0.030756308860081922,0.0562109520489988,0.47232888641651716,0.5050830920314984,3,17,1,alert,easy,1800
0.02,0,9,9.0,1.3333333333333333,0.1991580441441757,0.24404321161266418,0.02935602926991717,0.0631785088720615,0.4830821118528847,0.6742059378680112,3,17,1,alert,easy,2100
0.03833333333333333,0,16,16.0,1.4375,0.21274232563365442,0.24017380595225452,0.03998640666284242,0.05275879939319293,0.5166186438521927,0.7353058487069278,7,17,1,alert,easy,2400
0.03166666666666667,0,11,11.0,1.7272727272727273,0.2007190099127306,0.21539141157871697,0.035152160437380196,0.03479117904496629,0.5192412399911751,0.6637357114147395,15,17,0,sleepy,easy,0
0.07666666666666666,0,20,20.0,1.9,0.18631155239581243,0.2040839570970707,0.04864650227711823,0.03477372458974862,0.5336578121754375,0.6637357114147395,15,17,0,sleepy,easy,300
0.07,0,19,19.0,1.7894736842105263,0.18630848710244488,0.20912440734343454,0.04668340708882688,0.03477372458974862,0.5251109250200398,0.6595674730114558,50,17,0,sleepy,easy,600
0.043333333333333335,0,18,18.0,1.4444444444444444,0.18135924449467208,0.21615985881289157,0.03690216317609459,0.04550419849442239,0.5094286584348499,0.6884121234408764,79,17,0,sleepy,easy,900
0.10666666666666667,1,22,22.0,2.090909090909091,0.1835584067744578,0.19458372457217615,0.053028263394665556,0.04550419849442239,0.5221833036415047,0.6884121234408764,56,17,0,sleepy,easy,1200
0.16666666666666666,2,23,23.0,2.4347826086956523,0.18428512406180636,0.17248529766026488,0.054544589085586515,0.04129675062598269,0.5370624775616976,0.6935590539055301,29,17,0,sleepy,easy,1500
0.12,1,21,21.0,2.1904761904761907,0.17875781714312464,0.18803996402245962,0.05026678793404389,0.04129675062598269,0.5199425756533624,0.7213576211108946,5,17,0,sleepy,easy,1800
0.06166666666666667,0,20,20.0,1.85,0.1728246707287946,0.2032621837028738,0.03934380585883486,0.04186552331362901,0.4830565505628789,0.7213576211108946,1,17,0,sleepy,easy,2100
0.041666666666666664,0,16,16.0,1.5625,0.1810428652324353,0.20981170176345304,0.036621544232385644,0.04542819639498796,0.4890242901666832,0.5198717039080576,24,17,0,sleepy,easy,2400
0.0,0,0,0.0,0.0,0.0,0.2292864736517898,0.02772722835404725,0.11550736388517488,0.600107743195942,0.808469771270245,0,18,1,alert,easy,0
0.0,0,0,0.0,0.0,0.0,0.24229826727735249,0.026503044549851012,0.1279427676077262,0.5814697012380285,0.808469771270245,0,18,1,alert,easy,300
0.0,0,0,0.0,0.0,0.0,0.24848931511424766,0.016702947453264384,0.1494932711749197,0.5761160923737992,0.6107156800401062,0,18,1,alert,easy,600
0.0,0,0,0.0,0.0,0.0,0.24606128995960905,0.01397818618290528,0.17748609279160138,0.5853546531937548,0.6297217844424574,0,18,1,alert,easy,900
0.0,0,0,0.0,0.0,0.0,0.24257978182866888,0.015773859180657032,0.1330458024033306,0.6090811796436745,0.6684393055252554,0,18,1,alert,easy,1200
0.0,0,0,0.0,0.0,0.0,0.2384018527444288,0.01652523527536679,0.1330458024033306,0.6176352107405325,0.6684393055252554,0,18,1,alert,easy,1500
0.0,0,0,0.0,0.0,0.0,0.24577632808849562,0.01838162542689462,0.15906800119025724,0.5958072176482273,0.65267706752012,0,18,1,alert,easy,1800
0.0,0,0,0.0,0.0,0.0,0.24916228771111523,0.020720437106131112,0.12461793797447798,0.5811713835290442,0.6202036103555233,0,18,1,alert,easy,2100
0.0,0,0,0.0,0.0,0.0,0.2440208665848478,0.02339508028470117,0.11039805492087676,0.591421481849827,0.6396015304907696,0,18,1,alert,easy,2400
0.0,0,0,0.0,0.0,0.0,0.23872465683614555,0.036048178033466376,0.11965343767568248,0.5429375646191045,0.7235150493836111,45,18,0,sleepy,easy,0
0.0,0,0,0.0,0.0,0.0,0.24167260033829085,0.032584402118378646,0.13566005162638511,0.5365303492531587,0.6789639749016303,63,18,0,sleepy,easy,300
0.0,0,0,0.0,0.0,0.0,0.23143009270098303,0.028816732687148808,0.13416520417771138,0.56163268867718,0.6973520507604285,50,18,0,sleepy,easy,600
0.0,0,0,0.0,0.0,0.0,0.227246893090348,0.029214297923748245,0.13163176923138392,0.5601734210532506,0.7026444499723661,59,18,0,sleepy,easy,900
0.0,0,0,0.0,0.0,0.0,0.22412226132328011,0.027593533408728246,0.13163176923138392,0.5238078248199057,0.7026444499723661,92,18,0,sleepy,easy,1200
0.0,0,0,0.0,0.0,0.0,0.22697733816495097,0.02510569927646068,0.13237068923571418,0.5122382103042806,0.6002121507960249,102,18,0,sleepy,easy,1500
0.0,0,0,0.0,0.0,0.0,0.2346284199153831,0.02744721546238317,0.12876645525478775,0.5243365025539377,0.6575101579980607,82,18,0,sleepy,easy,1800
0.0,0,0,0.0,0.0,0.0,0.23544738076240898,0.024933166349284448,0.12876645525478775,0.5325971985867493,0.6764207842099969,77,18,0,sleepy,easy,2100
0.0,0,0,0.0,0.0,0.0,0.2178925729189215,0.029918143996369193,0.13538206263113273,0.5509050653422011,0.6764207842099969,44,18,0,sleepy,easy,2400
0.03166666666666667,0,18,18.0,1.0555555555555556,0.220992860564669,0.2566542025755238,0.04089428371868041,0.061235541321592785,0.4259396833731229,0.5901058894408641,8,19,1,alert,easy,0
0.03333333333333333,0,18,18.0,1.1111111111111112,0.24997787151221568,0.25955949056706756,0.042131322708415374,0.06711637966902434,0.4205131888408232,0.5075736669023371,3,19,1,alert,easy,300
0.03166666666666667,0,16,16.0,1.1875,0.2533373913259973,0.2540055323618573,0.03952357482512077,0.06477362189404696,0.42702243628708686,0.44982206411474407,0,19,1,alert,easy,600
0.043333333333333335,0,21,21.0,1.2380952380952381,0.21908723987393763,0.2456407203256507,0.042850006249433026,0.06477362189404696,0.43551431163092114,0.45871888159606056,0,19,1,alert,easy,900
0.06,0,31,31.000000000000004,1.1612903225806452,0.2149904745245663,0.23393962779887142,0.04876557954024395,0.06062137968208471,0.42588072847392267,0.5739887440971089,6,19,1,alert,easy,1200
0.05333333333333334,0,30,30.0,1.0666666666666667,0.20120114848382262,0.23134071977830017,0.04384363313772024,0.06062137968208471,0.4012836053171153,0.5739887440971089,6,19,1,alert,easy,1500
0.041666666666666664,0,24,24.0,1.0416666666666667,0.21406251732283446,0.24656559303957712,0.04278312745007784,0.0680111985723228,0.40234865351421556,0.4358566829454276,0,19,1,alert,easy,1800
0.045,0,26,26.0,1.0384615384615385,0.21938007321451106,0.2522944357788307,0.04690742387299508,0.06464148761419275,0.42475015242544456,0.45231983684951915,0,19,1,alert,easy,2100
0.06,0,29,29.0,1.2413793103448276,0.2258806098118421,0.24966841995215575,0.05111572703667516,0.06371156509184236,0.43054935692153284,0.46330899845161577,0,19,1,alert,easy,2400
0.025,0,10,10.0,1.5,0.19925933159596804,0.23425328967872663,0.032656518992963436,0.05286640420922403,0.4699258032801378,0.5840072377054516,24,19,0,sleepy,easy,0
0.051666666666666666,0,21,21.0,1.4761904761904763,0.19527373726048086,0.23170710241768366,0.04240176015814691,0.054592378498446406,0.45776348471441924,0.474657068151507,0,19,0,sleepy,easy,300
0.085,0,28,28.0,1.5714285714285714,0.20983574073830583,0.22917818496410783,0.053891089059894114,0.054592378498446406,0.45643659262600467,0.4766093628834079,0,19,0,sleepy,easy,600
0.075,0,23,23.0,1.6521739130434783,0.21214004963285635,0.23213838659385913,0.05184301843730541,0.055547276927729206,0.4566801828694323,0.4766093628834079,0,19,0,sleepy,easy,900
0.045,0,21,21.0,1.2857142857142858,0.20240454409924194,0.2365827965621088,0.04212107137508467,0.057771424015011424,0.456469555641865,0.47275000086192864,0,19,0,sleepy,easy,1200
0.06666666666666667,0,21,21.0,1.380952380952381,0.19919492899604355,0.23216246234690951,0.04822011704796384,0.0601660833547403,0.4538983870158258,0.47303919851510345,0,19,0,sleepy,easy,1500
0.06833333333333333,0,20,20.0,1.5,0.20067340143563572,0.23156205376305544,0.048524785694759924,0.0603239232701656,0.45226775085435916,0.47303919851510345,0,19,0,sleepy,easy,1800
0.058333333333333334,0,19,19.0,1.5263157894736843,0.19888959236097659,0.23198483719957969,0.045702588939700514,0.0603239232701656,0.45330978530015564,0.4748466232750215,0,19,0,sleepy,easy,2100
0.04833333333333333,0,15,15.0,1.5333333333333334,0.1998642621749518,0.23460401593979507,0.04293686107481239,0.051402458419163924,0.4581691092748653,0.4777226060084915,0,19,0,sleepy,easy,2400
0.05333333333333334,0,18,18.0,1.7777777777777777,0.18946219224191815,0.2054645750829216,0.03818879758705939,0.04519144510097446,0.5738779238093636,0.7484198785769169,3,20,1,alert,easy,0
0.04666666666666667,0,16,16.0,1.75,0.19766675558338526,0.20938526433727328,0.036425767059652156,0.049278338963276665,0.5678517139766183,0.7200075536391489,3,20,1,alert,easy,300
0.045,0,15,15.0,1.8,0.19250137374005175,0.20724664730817352,0.03429379755114091,0.05062077333996487,0.5623824261770559,0.6951275699825641,3,20,1,alert,easy,600
0.045,0,16,16.0,1.6875,0.15756385074658114,0.197337839021018,0.03037712225899319,0.054001895877546724,0.5667592475473647,0.6951275699825641,22,20,1,alert,easy,900
0.051666666666666666,0,20,20.0,1.55,0.18307083000005867,0.20276840107009253,0.03581169086041621,0.052390128840369865,0.550271967879488,0.6882679149897255,19,20,1,alert,easy,1200
0.055,0,24,24.0,1.375,0.18524936961524288,0.21556095795437785,0.03974460108691445,0.052390128840369865,0.5574328395907149,0.686120458485835,0,20,1,alert,easy,1500
0.055,0,25,25.0,1.32,0.18630995021479987,0.21548223433166858,0.041104027944856895,0.054801609581714025,0.5763179614839916,0.8403374034697007,0,20,1,alert,easy,1800
0.065,0,26,26.0,1.5,0.2111259645760761,0.21329834926628036,0.04384233136406787,0.054079774807855335,0.5817179564351473,0.8403374034697007,0,20,1,alert,easy,2100
0.06833333333333333,0,26,26.0,1.5769230769230769,0.20670204094666852,0.216229820692158,0.04452708399010963,0.054079774807855335,0.5741698482564694,0.6850321414628244,1,20,1,alert,easy,2400
0.06666666666666667,0,15,15.0,2.6666666666666665,0.1835149718766386,0.1884646442118643,0.03850589678742496,0.03639156176216158,0.5689376251169467,0.6370049714305038,0,20,0,sleepy,easy,0
0.09833333333333333,1,15,15.0,2.533333333333333,0.16739402066170397,0.17791006769817627,0.045171931383987174,0.03410060313821422,0.5772562999403292,0.6152616793067808,0,20,0,sleepy,easy,300
0.09333333333333334,1,14,14.0,2.5,0.16168200086608084,0.16973299414478385,0.04157796607425602,0.03398939850979672,0.5789993168463369,0.6152616793067808,0,20,0,sleepy,easy,600
0.08666666666666667,0,13,13.0,3.0,0.14308449965267284,0.16256548143771546,0.036672192625442426,0.03139431195471022,0.5762920365773393,0.6128891809399182,0,20,0,sleepy,easy,900
0.10666666666666667,0,16,16.0,3.1875,0.13884963934700872,0.15393531043743358,0.037271698045015185,0.03139431195471022,0.5750997983442736,0.61099261154402,0,20,0,sleepy,easy,1200
0.09666666666666666,0,16,16.0,3.3125,0.14713359156174308,0.14849689446835324,0.036384739683902975,0.03479568586513564,0.5850182204011086,0.6644173352330788,0,20,0,sleepy,easy,1500
0.17,1,17,17.0,3.411764705882353,0.14777336554819437,0.14054865738556924,0.04328164576801934,0.03622831251335113,0.6127980681094406,0.6644173352330788,0,20,0,sleepy,easy,1800
0.22333333333333333,1,25,25.0,3.56,0.14410117647762863,0.13576501137184532,0.044576346055930825,0.050515672584947685,0.6354523208225652,0.6724590884658183,0,20,0,sleepy,easy,2100
0.205,0,28,28.0,3.5357142857142856,0.13433757423861817,0.13731434129744632,0.041856197519534635,0.046990650474995066,0.6298630825655698,0.6724590884658183,0,20,0,sleepy,easy,2400
0.0,0,0,0.0,0.0,0.0,0.28174140176414225,0.030935165156047374,0.11848335108764274,0.5347253750011971,0.6824397012112657,24,01,1,alert,hard,0
0.0,0,0,0.0,0.0,0.0,0.27709696519483235,0.02947397425436303,0.12164322948135614,0.5411761687556007,0.7412655649332467,29,01,1,alert,hard,300
0.0,0,0,0.0,0.0,0.0,0.269844412391399,0.026155266591430155,0.122282109953996,0.5448651682816634,0.7412655649332467,12,01,1,alert,hard,600
0.0,0,0,0.0,0.0,0.0,0.2734539696406611,0.022729097801185077,0.12866733853249823,0.5548036090188311,0.6802648347405308,3,01,1,alert,hard,900
0.0,0,0,0.0,0.0,0.0,0.27186593380908775,0.026323448144873317,0.12866733853249823,0.5432224632090888,0.6597582928703567,12,01,1,alert,hard,1200
0.0,0,0,0.0,0.0,0.0,0.27461685784808915,0.0317156244399366,0.12466353774824271,0.49217123626530385,0.6524302790359026,16,01,1,alert,hard,1500
0.0,0,0,0.0,0.0,0.0,0.274897394763904,0.03169461871417717,0.12466353774824271,0.5026788646311668,0.6896346789590257,16,01,1,alert,hard,1800
0.0,0,0,0.0,0.0,0.0,0.2652532735239628,0.030754102789159313,0.12159565432745745,0.5535625418252482,0.699852832014826,21,01,1,alert,hard,2100
0.0,0,0,0.0,0.0,0.0,0.26083101602779996,0.029657405266825556,0.12159565432745745,0.5274985209086053,0.699852832014826,18,01,1,alert,hard,2400
0.0,0,0,0.0,0.0,0.0,0.26897285097841583,0.045243754295462804,0.10244799244914297,0.48181579429149424,0.7581748014584904,11,01,0,sleepy,hard,0
0.0,0,0,0.0,0.0,0.0,0.2697954236682685,0.04481537877961805,0.10351914688314395,0.4844224625713495,0.7581748014584904,13,01,0,sleepy,hard,300
0.0,0,0,0.0,0.0,0.0,0.2665811163012971,0.04618947307088796,0.10351914688314395,0.5078580390709206,0.7519133599801494,16,01,0,sleepy,hard,600
0.0,0,0,0.0,0.0,0.0,0.26131250508556275,0.047224841013504125,0.10704696638638574,0.5048444573805654,0.7177169425635314,11,01,0,sleepy,hard,900
0.0,0,0,0.0,0.0,0.0,0.267707315990297,0.04299498396361152,0.1096653209170446,0.4783154655103606,0.6367280809699916,7,01,0,sleepy,hard,1200
0.0,0,0,0.0,0.0,0.0,0.2701601431126599,0.039468718476424344,0.10981667743232293,0.49295377605798424,0.7034772266862118,18,01,0,sleepy,hard,1500
0.0,0,0,0.0,0.0,0.0,0.2653803465163179,0.03919506320591433,0.11548945820291034,0.5222197247792202,0.7113464410149803,22,01,0,sleepy,hard,1800
0.0,0,0,0.0,0.0,0.0,0.26602655680059256,0.04475130360825272,0.10613489802808773,0.5002602953346481,0.7113464410149803,12,01,0,sleepy,hard,2100
0.0,0,0,0.0,0.0,0.0,0.26727802154014635,0.04693083183320202,0.10613489802808773,0.47217313198105376,0.6525908298278575,4,01,0,sleepy,hard,2400
0.0,0,0,0.0,0.0,0.0,0.28382920476317364,0.02464853369819123,0.1123208866585383,0.4677383089235733,0.6096978809386046,26,02,1,alert,hard,0
0.0,0,0,0.0,0.0,0.0,0.2846128549058862,0.01571832826248851,0.12237133763400065,0.4750251826143862,0.6096978809386046,37,02,1,alert,hard,300
0.0,0,0,0.0,0.0,0.0,0.2865462365152708,0.013220946055976327,0.24230719482241284,0.478078017062776,0.5400822421864034,44,02,1,alert,hard,600
0.0,0,0,0.0,0.0,0.0,0.29123308348584676,0.01340126375957415,0.24230719482241284,0.4890112875285602,0.5532564367440981,38,02,1,alert,hard,900
0.0033333333333333335,0,2,2.0,1.0,0.23920930134672697,0.29448498339197593,0.017576997192478728,0.08445637286343663,0.5143760000850844,0.5532564367440981,29,02,1,alert,hard,1200
0.0033333333333333335,0,2,2.0,1.0,0.24356300936419456,0.2961373297645107,0.019141746506218842,0.08445637286343663,0.5235218163979521,0.553846913815573,9,02,1,alert,hard,1500
0.0,0,0,0.0,0.0,0.0,0.2944088455537422,0.013266820855174236,0.26114759830037576,0.5230549159094878,0.6308172680055463,9,02,1,alert,hard,1800
0.0,0,0,0.0,0.0,0.0,0.2859495541989093,0.011217425499826494,0.26114759830037576,0.5144752686973445,0.6308172680055463,21,02,1,alert,hard,2100
0.09,0,30,30.0,1.3666666666666667,0.2822864052324281,0.22618467737010634,0.05603997726509927,0.06433548481911824,0.509547622487429,0.5637543832559084,49,02,0,sleepy,hard,0
0.075,0,23,23.0,1.608695652173913,0.2790183593398854,0.23228272162758762,0.05165207083593241,0.06885090517882173,0.5078194976726302,0.5637543832559084,56,02,0,sleepy,hard,300
0.075,0,14,14.0,1.5714285714285714,0.2763622912238332,0.2389448979352421,0.05036715861977239,0.06603377573735474,0.5093866857488221,0.5380869398227955,60,02,0,sleepy,hard,600
0.07,0,16,16.0,1.25,0.2812262865328395,0.2434033927252194,0.051433387756929315,0.064182383073778,0.5067198194543179,0.5411939056581216,74,02,0,sleepy,hard,900
0.043333333333333335,0,9,9.0,1.2222222222222223,0.22921906851756146,0.2560202360631496,0.04493856715146257,0.064182383073778,0.5040846077595394,0.5411939056581216,70,02,0,sleepy,hard,1200
0.07333333333333333,1,16,16.0,1.5,0.2403987880402957,0.25155041696848446,0.05512208541770685,0.06777965287732708,0.5072005125649413,0.5516337708916417,50,02,0,sleepy,hard,1500
0.08666666666666667,2,22,22.0,1.3636363636363635,0.24330960968058804,0.23729371939637806,0.0559095274021786,0.06777965287732708,0.5143620095561161,0.5516337708916417,37,02,0,sleepy,hard,1800
0.05333333333333334,1,16,16.0,1.0625,0.2271505698926248,0.23862382620927083,0.04660290659088285,0.06911424108700909,0.5173624836329821,0.5527391461171003,25,02,0,sleepy,hard,2100
0.07833333333333334,1,22,22.0,1.1363636363636365,0.22606546861773041,0.2355909167005179,0.052905957005752985,0.06226724168797241,0.5118356032169956,0.5527391461171003,32,02,0,sleepy,hard,2400
0.008333333333333333,0,5,5.0,1.0,0.18465348919628838,0.2472986241684717,0.023579001224455016,0.0881332449852019,0.5401678429535672,0.7693846360875972,4,03,1,alert,hard,0
0.0033333333333333335,0,2,2.0,1.0,0.19042285976979562,0.25502537804248543,0.020450189731409416,0.09366364660010376,0.5345501897749417,0.599806574818375,7,03,1,alert,hard,300
0.0016666666666666668,0,1,1.0,1.0,0.18884851535486186,0.2569648766694567,0.02164689009110575,0.09802632371831532,0.539541729235909,0.6815628018416088,4,03,1,alert,hard,600
0.0016666666666666668,0,1,1.0,1.0,0.1881726223407521,0.26020565237906906,0.026311537332989406,0.09802632371831532,0.5382692459193875,0.6815628018416088,0,03,1,alert,hard,900
0.0,0,0,0.0,0.0,0.0,0.26671633122926686,0.026297138843257573,0.10252446338814626,0.5359103916552328,0.5726528669572527,0,03,1,alert,hard,1200
0.0,0,0,0.0,0.0,0.0,0.26965195852947166,0.023990731651276555,0.10358918402168393,0.5416382173323894,0.5886711597328564,0,03,1,alert,hard,1500
0.0,0,0,0.0,0.0,0.0,0.26911002920856597,0.022011132034776226,0.11238026620814984,0.5522521573371297,0.5886711597328564,0,03,1,alert,hard,1800
0.0,0,0,0.0,0.0,0.0,0.27062135290750816,0.019308836896856307,0.11151074432761612,0.5599836279826299,0.5949749819140576,0,03,1,alert,hard,2100
0.18166666666666667,0,60,60.0,1.5333333333333334,0.18026967882327108,0.18566407189403103,0.05373716172516986,0.06612790079493631,0.5729864706593077,0.6526746177726488,0,03,0,sleepy,hard,0
0.18333333333333332,0,56,56.0,1.6428571428571428,0.1784694553719426,0.19114570633486966,0.05688772613847735,0.07835728226180008,0.5687287132452216,0.6020060884438212,0,03,0,sleepy,hard,300
0.265,1,52,52.0,1.6730769230769231,0.1696794053563861,0.17832184278494032,0.061768716726117744,0.07950183340831751,0.5558815304987619,0.589715070779396,0,03,0,sleepy,hard,600
0.25333333333333335,1,49,49.0,1.510204081632653,0.15838641614840243,0.17738815299155392,0.05931121772938452,0.0809508508105449,0.5416930511514764,0.570065465254144,0,03,0,sleepy,hard,900
0.18833333333333332,2,53,53.0,1.2641509433962264,0.16794438858230104,0.19331271114074022,0.05790784066219995,0.07841714606342996,0.5279475541276156,0.570065465254144,1,03,0,sleepy,hard,1200
0.24666666666666667,3,56,56.0,1.3214285714285714,0.17140115164529046,0.18736932334112855,0.06254703976008211,0.07768935771440756,0.5189928256999572,0.5397166613388192,3,03,0,sleepy,hard,1500
0.22333333333333333,1,64,64.0,1.375,0.17320340923794803,0.1902593969793639,0.06170335957639838,0.07768935771440756,0.5208202908762333,0.5452949729825222,3,03,0,sleepy,hard,1800
0.17666666666666667,0,66,66.0,1.606060606060606,0.17168025112463384,0.200857304181815,0.05987805606710492,0.07850660216559038,0.5202385883811718,0.5485788145829005,18,03,0,sleepy,hard,2100
0.0,0,0,0.0,0.0,0.0,0.3198463307353042,0.024609354702194535,0.12978201737002532,0.5076696198126084,0.5617372877257286,8,04,1,alert,hard,0
0.0,0,0,0.0,0.0,0.0,0.3075176248782584,0.02456708372663049,0.12978201737002532,0.4845087970588645,0.5472059584688613,26,04,1,alert,hard,300
0.0,0,0,0.0,0.0,0.0,0.30203337503801986,0.022458784662278793,0.12533659781121623,0.49255574145185205,0.5628550763611301,79,04,1,alert,hard,600
0.0,0,0,0.0,0.0,0.0,0.30215506063338626,0.023142104625313475,0.12499315482553218,0.5211235382878042,0.6052584239637633,59,04,1,alert,hard,900
0.0,0,0,0.0,0.0,0.0,0.3032746543895166,0.022114899206879205,0.12499315482553218,0.5413581497440423,0.6052584239637633,1,04,1,alert,hard,1200
0.0,0,0,0.0,0.0,0.0,0.3027013317971701,0.01943963669510783,0.12715084302878207,0.5282104063839869,0.5702815262373582,19,04,1,alert,hard,1500
0.0,0,0,0.0,0.0,0.0,0.3037448622607046,0.0154218113884051,0.12561253258785024,0.5150217808134395,0.5504647685851976,45,04,1,alert,hard,1800
0.0,0,0,0.0,0.0,0.0,0.30692674252246605,0.019751776652331313,0.10207566687701242,0.5264717552846622,0.5796324026794655,28,04,1,alert,hard,2100
0.0016666666666666668,0,1,1.0,1.0,0.2318311613832842,0.27231623962687707,0.033076278239190786,0.09764148422536628,0.5261345233192345,0.5583881845564441,8,04,0,sleepy,hard,0
0.0,0,0,0.0,0.0,0.0,0.2766588713659532,0.022455612453840396,0.12025550747916298,0.5245503460323474,0.5572620454640487,3,04,0,sleepy,hard,300
0.0,0,0,0.0,0.0,0.0,0.2758364321588238,0.021718260348734048,0.12025550747916298,0.5234211109873127,0.5487249432081037,6,04,0,sleepy,hard,600
0.0,0,0,0.0,0.0,0.0,0.2597233422677307,0.04496493707365678,0.11182912363689196,0.5259304948990668,0.5574401371145067,6,04,0,sleepy,hard,900
0.0,0,0,0.0,0.0,0.0,0.25863726808496795,0.045248595899346065,0.11182912363689196,0.5274189817019975,0.5574401371145067,0,04,0,sleepy,hard,1200
0.0,0,0,0.0,0.0,0.0,0.273113231056057,0.021785230072125187,0.10980584251539277,0.5211799361041088,0.5439987166880791,6,04,0,sleepy,hard,1500
0.0,0,0,0.0,0.0,0.0,0.27682167342541847,0.01612976620463406,0.10980584251539277,0.5129613631120199,0.5405890095838369,44,04,0,sleepy,hard,1800
0.0,0,0,0.0,0.0,0.0,0.2696125593955592,0.018064054653573827,0.10987215512370066,0.5033246512252408,0.5388089006514822,92,04,0,sleepy,hard,2100
0.013333333333333334,0,4,4.0,2.0,0.16686788714161796,0.20746857510628017,0.024480078419363806,0.07263889574362925,0.4576080527937876,0.528527500874395,17,05,1,alert,hard,0
0.016666666666666666,0,6,6.0,1.6666666666666667,0.1579862965003624,0.19757832985603116,0.026319456416296953,0.07263889574362925,0.43127208716142973,0.5044299907084887,2,05,1,alert,hard,300
0.02666666666666667,0,11,11.0,1.4545454545454546,0.16713600911625806,0.20046168915384505,0.03358366763001627,0.06890941729369338,0.43360851001781175,0.47360883367059603,0,05,1,alert,hard,600
0.07,0,20,20.0,2.1,0.17244087648228185,0.19703042034437507,0.04204299125079147,0.05984248571940082,0.42977590585574776,0.47360883367059603,0,05,1,alert,hard,900
0.06666666666666667,0,19,19.0,2.1052631578947367,0.16537790630684984,0.19888075373566663,0.03966707661170298,0.05984248571940082,0.45463245405964736,0.635520195256792,13,05,1,alert,hard,1200
0.03833333333333333,0,13,13.0,1.7692307692307692,0.16470448543166075,0.20922278489439278,0.034431835204047974,0.06953148630565167,0.5041110411672647,0.635520195256792,33,05,1,alert,hard,1500
0.04833333333333333,0,12,12.0,2.4166666666666665,0.19683243983043908,0.2073983015314129,0.03916628869252152,0.06505687561551685,0.4766988744626319,0.6156890661455829,25,05,1,alert,hard,1800
0.058333333333333334,0,17,17.0,2.0588235294117645,0.19447678628353837,0.19354482259635594,0.04192991790337989,0.06505687561551685,0.4662761641423076,0.6566456332941006,6,05,1,alert,hard,2100
0.4216666666666667,9,19,19.0,1.5263157894736843,0.14256411986544817,0.12684143705050194,0.051047821129935715,0.06405881138937952,0.43990709778736875,0.5338039938433184,0,05,0,sleepy,hard,0
0.575,9,17,17.0,1.6470588235294117,0.11517536760987862,0.10435355556516424,0.03812336479767451,0.05659893441126512,0.4599383924472877,0.4913185306922413,0,05,0,sleepy,hard,300
0.435,6,20,20.0,2.15,0.1312211465260395,0.11985784569174607,0.044836314068226336,0.05659893441126512,0.4549288164322537,0.4913185306922413,0,05,0,sleepy,hard,600
0.3,5,39,39.0,1.8461538461538463,0.12921413900390702,0.132686834868469,0.04219640615385622,0.07435923511393974,0.43993565052706735,0.48389443550475103,0,05,0,sleepy,hard,900
0.5983333333333334,10,34,34.0,2.0294117647058822,0.11794668987567741,0.1106379640868108,0.037294947034774345,0.06527820738674164,0.42854377199897536,0.47763781992075005,0,05,0,sleepy,hard,1200
0.6033333333333334,9,24,24.0,2.1666666666666665,0.10987796551296598,0.11071921340212043,0.035938225767693475,0.06527820738674164,0.4394273604792903,0.4727516474472938,0,05,0,sleepy,hard,1500
0.43166666666666664,7,26,26.0,2.0,0.11117734762292522,0.11709193452248745,0.03309905907833898,0.06906444955849678,0.46719782517748426,0.6671835637064466,4,05,0,sleepy,hard,1800
0.3016666666666667,5,26,26.0,2.3846153846153846,0.133101538601917,0.1244153755729372,0.031917020879348154,0.0734661596700959,0.5126769257063685,0.6671835637064466,9,05,0,sleepy,hard,2100
0.14833333333333334,0,21,21.0,2.6666666666666665,0.137017449390194,0.147207550435706,0.037035225280867064,0.07071738474757089,0.4745641016367648,0.6567646532526196,5,05,0,sleepy,hard,2400
0.0,0,0,0.0,0.0,0.0,0.24012601620493024,0.019214189521950992,0.11628113372121945,0.5783399235289528,0.6718178674117883,0,06,1,alert,hard,0
0.0,0,0,0.0,0.0,0.0,0.2494265615205967,0.014271920564060101,0.1424805361601093,0.5589725848547727,0.5912033054033257,0,06,1,alert,hard,300
0.0,0,0,0.0,0.0,0.0,0.25409642738395083,0.015020781874709833,0.17024778679543373,0.5691898696969959,0.6341538234988844,0,06,1,alert,hard,600
0.0,0,0,0.0,0.0,0.0,0.2568640810275238,0.012679362432606128,0.1735354352198154,0.5800168303751442,0.6341538234988844,0,06,1,alert,hard,900
0.0,0,0,0.0,0.0,0.0,0.25546278780307213,0.01378512723836954,0.13276986840423086,0.6011670359515038,0.6896480551219375,0,06,1,alert,hard,1200
0.0,0,0,0.0,0.0,0.0,0.2612418600942685,0.01872886938706061,0.13276986840423086,0.6357085572719363,0.6906191629058595,0,06,1,alert,hard,1500
0.0016666666666666668,0,1,1.0,1.0,0.21577417712594782,0.26646217079999435,0.020549464790538118,0.08935985975636605,0.6656558271398472,0.6998982324353761,0,06,1,alert,hard,1800
0.0016666666666666668,0,1,1.0,1.0,0.21577417712594782,0.2652247259255292,0.018866893907862173,0.08935985975636605,0.668838918629141,0.7101653208517775,0,06,1,alert,hard,2100
0.0,0,0,0.0,0.0,0.0,0.26823627520811755,0.01806135115446195,0.13584481966994344,0.6481166594505884,0.7360792679574111,0,06,1,alert,hard,2400
0.02666666666666667,0,5,5.0,2.0,0.2055732666075747,0.23040367424455463,0.044862689508236325,0.07665138313815148,0.568341633470015,0.6713493517925662,0,06,0,sleepy,hard,0
0.0,0,0,0.0,0.0,0.0,0.25141996467699734,0.033131083830767204,0.10024169335868369,0.6119323936527218,0.7436662626262345,0,06,0,sleepy,hard,300
0.0,0,0,0.0,0.0,0.0,0.2537470665519834,0.03365668412562463,0.10024169335868369,0.6638839035005227,0.7436662626262345,0,06,0,sleepy,hard,600
0.0,0,0,0.0,0.0,0.0,0.23038296557853216,0.044968763495535295,0.10191729785481914,0.6704523984515646,0.7182771040986308,0,06,0,sleepy,hard,900
0.0,0,0,0.0,0.0,0.0,0.23113350441351585,0.05036850155915525,0.10191729785481914,0.656014004153037,0.7130797636762505,4,06,0,sleepy,hard,1200
0.0016666666666666668,0,1,1.0,1.0,0.23162773233400266,0.2399480453104067,0.05435086300161882,0.0992288361189139,0.6034929365015674,0.7091419233121852,4,06,0,sleepy,hard,1500
0.0016666666666666668,0,1,1.0,1.0,0.23162773233400266,0.22942659133201104,0.04952474103497148,0.0992288361189139,0.5767255975115617,0.6271616040630641,0,06,0,sleepy,hard,1800
0.0,0,0,0.0,0.0,0.0,0.236091934810678,0.033552539666985945,0.10456668466625904,0.6048877859260338,0.6970530052404458,0,06,0,sleepy,hard,2100
0.0,0,0,0.0,0.0,0.0,0.24622130199072118,0.03060897144914296,0.11136689969487229,0.6492353603530238,0.7260099756183767,0,06,0,sleepy,hard,2400
0.12666666666666668,0,47,47.0,1.6170212765957446,0.1480772545943845,0.1742602176583533,0.04343753770750205,0.05613347031628162,0.5060963943612002,0.6085036210202528,60,07,1,alert,hard,0
0.13,0,46,46.0,1.6956521739130435,0.13728058077392283,0.16655067962481634,0.04114377803364328,0.05767773484142039,0.5148895630415694,0.5406477779872275,26,07,1,alert,hard,300
0.13166666666666665,0,50,50.0,1.58,0.14369309777238765,0.16652426259617387,0.041192007664578506,0.054057894277842355,0.5150364721200721,0.5406477779872275,33,07,1,alert,hard,600
0.12166666666666667,0,50,50.0,1.46,0.14884353420866336,0.17439664393178395,0.041806974820058726,0.054057894277842355,0.5136270729222168,0.5382355561284987,35,07,1,alert,hard,900
0.08833333333333333,0,41,41.0,1.2926829268292683,0.1463706932327331,0.18265337848382743,0.03771194892668922,0.061431523804989716,0.5169159311868167,0.5382355561284987,8,07,1,alert,hard,1200
0.12666666666666668,0,50,50.0,1.52,0.14805065153742217,0.1760475246743406,0.043113209752690486,0.05319898429540178,0.522113363165034,0.5759975255848656,7,07,1,alert,hard,1500
0.15666666666666668,0,59,59.0,1.5932203389830508,0.1523230371487102,0.17371734063952668,0.04740631053870597,0.05319898429540178,0.5309587854186124,0.5759975255848656,2,07,1,alert,hard,1800
0.13666666666666666,0,55,55.0,1.490909090909091,0.14842284763610436,0.17773398804574062,0.04566766701695268,0.05924029047839888,0.5279650526211732,0.5538016913978573,0,07,1,alert,hard,2100
0.12166666666666667,0,50,50.0,1.46,0.14757539543474815,0.1795568801124222,0.04372320698149111,0.06521222938593896,0.5253449979268582,0.5524240940367208,0,07,1,alert,hard,2400
0.195,0,58,58.0,1.6896551724137931,0.1509791801769485,0.16011257402101486,0.05083748078957818,0.053191369316849466,0.5136328907698338,0.5493596638577403,14,07,0,sleepy,hard,0
0.145,0,40,40.0,1.525,0.14909366602186694,0.16792863313917655,0.04546747476359954,0.060004503707020575,0.5103959559850704,0.5423958619395577,28,07,0,sleepy,hard,300
0.16,0,42,42.0,1.9285714285714286,0.14037581975758276,0.15508197169977067,0.04264085557894303,0.06233463873712017,0.5086250788865164,0.5270147494083279,32,07,0,sleepy,hard,600
0.18,0,50,50.0,2.16,0.12556878514475098,0.1357632795633518,0.03042468237011929,0.06338375199855377,0.509718832504535,0.5270147494083279,33,07,0,sleepy,hard,900
0.16166666666666665,0,44,44.0,2.2045454545454546,0.12502852869392944,0.1418029290652051,0.03191030311133717,0.06529960368754006,0.5096376592476201,0.5310133707192053,34,07,0,sleepy,hard,1200
0.17833333333333334,0,52,52.0,2.0576923076923075,0.13240621751204004,0.15193635617612883,0.03864049820846185,0.06529960368754006,0.5122065758783272,0.5319682851135872,16,07,0,sleepy,hard,1500
0.18,0,54,54.0,1.9074074074074074,0.13451206130342677,0.15803571375234876,0.04173152791344028,0.0651611601554055,0.5134511569827318,0.5319682851135872,18,07,0,sleepy,hard,1800
0.19333333333333333,0,50,50.0,2.0,0.1358666325083446,0.14959698343143296,0.03994410993889463,0.0651611601554055,0.5131505290001945,0.5347761842831198,17,07,0,sleepy,hard,2100
0.20833333333333334,0,46,46.0,2.108695652173913,0.13543446776265106,0.1433692504326336,0.038493281432299124,0.05783798781306047,0.5104605800245601,0.5380772915734032,22,07,0,sleepy,hard,2400
0.03666666666666667,0,15,15.0,1.4666666666666666,0.27653541296017575,0.27833299083353136,0.04753125513582825,0.04988424528296122,0.5559490807262246,0.6011066551723485,0,08,1,alert,hard,0
0.03,0,12,12.0,1.5,0.2504830694265075,0.27547241944718875,0.04057427311302293,0.04988424528296122,0.559300881110303,0.5910672020490325,0,08,1,alert,hard,300
0.025,0,11,11.0,1.3636363636363635,0.2643889819306464,0.2774687467513609,0.038465819692798414,0.05558438922013592,0.5653709959029825,0.6146735473025765,0,08,1,alert,hard,600
0.035,0,15,15.0,1.4,0.2658701196480606,0.2809479047391917,0.04596576746848445,0.05558438922013592,0.5674495437869388,0.6146735473025765,0,08,1,alert,hard,900
0.03666666666666667,0,16,16.0,1.375,0.2498191210144055,0.27871672167239836,0.047494290974862095,0.06086276782879884,0.557657451648494,0.5941892578582454,10,08,1,alert,hard,1200
0.03166666666666667,0,13,13.0,1.4615384615384615,0.24966706511157707,0.27577349145530516,0.044533877547996044,0.05766666525167695,0.5595700299371373,0.607632747160735,10,08,1,alert,hard,1500
0.041666666666666664,0,16,16.0,1.5625,0.2614707183180014,0.271142420282519,0.048230953291291685,0.05766666525167695,0.5680657988239921,0.6122632483468567,0,08,1,alert,hard,1800
0.056666666666666664,0,20,20.0,1.7,0.25981984782534184,0.2715241577380428,0.053163619019000984,0.052053910203615425,0.5610622574443979,0.6122632483468567,2,08,1,alert,hard,2100
0.04666666666666667,0,17,17.0,1.6470588235294117,0.26321599928131956,0.2776461507103208,0.049386007196620146,0.0507268668562528,0.5658223577467834,0.6031832048378152,2,08,1,alert,hard,2400
0.085,0,24,24.0,1.7916666666666667,0.2790858534672828,0.2579854253221814,0.06325557427358584,0.045274121774063605,0.5655555202563293,0.6857864287895,0,08,0,sleepy,hard,0
0.09666666666666666,0,29,29.0,1.7241379310344827,0.2776873703473579,0.25213820806737924,0.06657823415702993,0.045274121774063605,0.5705730844291882,0.6071054102832352,0,08,0,sleepy,hard,300
0.08666666666666667,0,26,26.0,1.6923076923076923,0.2506665519922102,0.25005210452467697,0.06253229426952707,0.05684587261040616,0.5746263107452144,0.6071054102832352,0,08,0,sleepy,hard,600
0.105,1,24,24.0,2.125,0.2928451329108934,0.2475273838301345,0.06909437432864017,0.04747943307478931,0.57068674658723,0.6024917966709503,0,08,0,sleepy,hard,900
0.11666666666666667,2,21,21.0,2.238095238095238,0.29702916975505345,0.24772383707941334,0.0739727424951466,0.046826775407317195,0.565429388594548,0.6071303305758826,0,08,0,sleepy,hard,1200
0.15166666666666667,2,25,25.0,1.88,0.2727163839804219,0.23984643804104053,0.0770914623391852,0.046826775407317195,0.5714329229984044,0.6071303305758826,0,08,0,sleepy,hard,1500
0.14,1,25,25.0,1.84,0.2569102370380149,0.24013569712768174,0.07330740607468836,0.057793323315862864,0.5761950623332738,0.6039150202941573,0,08,0,sleepy,hard,1800
0.115,2,21,21.0,1.6666666666666667,0.28685276430988305,0.24403704149655425,0.07197916295729637,0.04474309563690966,0.5701556682902265,0.5996709147118219,0,08,0,sleepy,hard,2100
0.13,2,25,25.0,1.76,0.286856769911318,0.23615600598172157,0.07402297765437045,0.04474309563690966,0.5662681520626527,0.5996709147118219,0,08,0,sleepy,hard,2400
0.03833333333333333,0,22,22.0,1.0454545454545454,0.2251392801831863,0.2629415095021857,0.04215386722975985,0.06155367324162441,0.5244182372603122,0.6795637675676761,18,09,1,alert,hard,0
0.043333333333333335,0,23,23.0,1.1304347826086956,0.2208321298734191,0.2592587398014628,0.04541390257592033,0.06329035265025225,0.5237575758369651,0.5615481835427198,20,09,1,alert,hard,300
0.041666666666666664,0,21,21.0,1.1904761904761905,0.2138285420481206,0.2599138261668524,0.04517665964348985,0.066570374079913,0.5253069597416419,0.5617793996221666,24,09,1,alert,hard,600
0.041666666666666664,0,22,22.0,1.1363636363636365,0.22028721184986633,0.26143266214318184,0.044703966554821034,0.066570374079913,0.5225124098415076,0.5617793996221666,29,09,1,alert,hard,900
0.04833333333333333,0,25,25.0,1.16,0.22327810890796587,0.26036481129438416,0.04833237913219682,0.06810145691459538,0.5238637711451869,0.5731911518647262,24,09,1,alert,hard,1200
0.043333333333333335,0,22,22.0,1.1818181818181819,0.22890148468169447,0.2613622742635902,0.04800582767589651,0.06298507704959781,0.5302004368005145,0.5893930241340728,10,09,1,alert,hard,1500
0.05,0,26,26.0,1.1538461538461537,0.22707787047868472,0.25724458874371947,0.05050336079828168,0.06298507704959781,0.5259040191660277,0.5893930241340728,14,09,1,alert,hard,1800
0.06666666666666667,0,34,34.0,1.1764705882352942,0.22445379687821976,0.25013790897239385,0.05415589387058057,0.06810907059032563,0.517282701376825,0.5783675720130423,32,09,1,alert,hard,2100
0.065,0,31,31.000000000000004,1.2580645161290323,0.21550547484147842,0.2526759487354937,0.05301650490299607,0.07033753469693275,0.5193192694175736,0.5783675720130423,25,09,1,alert,hard,2400
0.08333333333333333,0,35,35.0,1.2857142857142858,0.20286662340335987,0.23864902506405153,0.0560175639683974,0.05449810040040394,0.5282282805269974,0.7711948287079617,41,09,0,sleepy,hard,0
0.07833333333333334,0,32,32.0,1.3125,0.20177990417818745,0.23463483349586847,0.06083243439702185,0.07124487728001105,0.5114564343766059,0.6499346177188958,56,09,0,sleepy,hard,300
0.04833333333333333,0,21,21.0,1.380952380952381,0.2032814587453025,0.22356307619675495,0.06293124115837286,0.07124487728001105,0.5024878601514574,0.5857063562703824,69,09,0,sleepy,hard,600
0.09166666666666666,1,29,29.0,1.5517241379310345,0.19965046079896226,0.2170404814698271,0.06270035064287376,0.0788469686221704,0.5083365218132682,0.663171471416121,68,09,0,sleepy,hard,900
0.115,1,37,37.0,1.5945945945945945,0.1966084920173345,0.21407881739166684,0.0653953126989662,0.06541990506545688,0.5228486124368075,0.8321608404895611,59,09,0,sleepy,hard,1200
0.13333333333333333,1,39,39.0,1.6666666666666667,0.20069382099735497,0.2123002932180741,0.06943107374115717,0.06541990506545688,0.527841322403241,0.8924776866876677,47,09,0,sleepy,hard,1500
0.13166666666666665,1,39,39.0,1.641025641025641,0.20026498792727357,0.22419601288881694,0.06579755727558424,0.0663025932307532,0.5231509319239537,0.8924776866876677,39,09,0,sleepy,hard,1800
0.14833333333333334,1,33,33.0,1.4545454545454546,0.19910556758361553,0.2173715626241767,0.067360177194857,0.06788561477683273,0.5346533490782714,1.0344264468471425,50,09,0,sleepy,hard,2100
0.17333333333333334,1,37,37.0,1.5135135135135136,0.19892830274947204,0.20810167352633868,0.06828418701525338,0.07234763446066939,0.5333399803804812,1.0344264468471425,54,09,0,sleepy,hard,2400
0.006666666666666667,0,4,4.0,1.0,0.20654062615790364,0.26222433345173973,0.03825435150035794,0.08350401251614793,0.5151075252373917,0.6734624402416621,22,10,1,alert,hard,0
0.005,0,3,3.0,1.0,0.19945974532376134,0.26059448203341146,0.038914207866074906,0.08350401251614793,0.5005995561209712,0.6506191130035913,15,10,1,alert,hard,300
0.0016666666666666668,0,1,1.0,1.0,0.2013942887740613,0.2705642324200328,0.03212710872971284,0.0982598124876699,0.4702801209247295,0.6329602238163613,4,10,1,alert,hard,600
0.0016666666666666668,0,1,1.0,1.0,0.21747571636251117,0.27161399712075845,0.036995469852066004,0.09413227908735522,0.4824657891785773,0.6452727211427429,12,10,1,alert,hard,900
0.0033333333333333335,0,2,2.0,1.0,0.22247747733542783,0.25804870888350023,0.045595464302384765,0.08412875714152188,0.5437164475355772,0.7670216339804722,20,10,1,alert,hard,1200
0.011666666666666667,0,6,6.0,1.1666666666666667,0.19805078006117938,0.2461525579784987,0.04373602785330015,0.08412875714152188,0.5748618353937754,0.7670216339804722,19,10,1,alert,hard,1500
0.023333333333333334,0,11,11.0,1.2727272727272727,0.1927475605306154,0.23808144758951594,0.04281693577963786,0.0851325114274003,0.5566222156137007,0.7441965639826668,25,10,1,alert,hard,1800
0.025,0,12,12.0,1.25,0.19629363147562376,0.23665177388658634,0.04157272486662824,0.08306725957232616,0.5446117882773867,0.7441965639826668,22,10,1,alert,hard,2100
0.013333333333333334,0,7,7.0,1.1428571428571428,0.18670899633511615,0.23768801023873634,0.04090155189944161,0.08306725957232616,0.5493599892046531,0.7359171335082065,16,10,1,alert,hard,2400
0.005,0,3,3.0,1.0,0.20718441755143605,0.2514085634397887,0.04482699319710091,0.08790995227468894,0.49429964870164733,0.7092814210302855,11,10,0,sleepy,hard,0
0.006666666666666667,0,4,4.0,1.0,0.20307087690505668,0.2486203270102077,0.04151469896174658,0.09028636046083957,0.4985735571229831,0.6769541652232026,20,10,0,sleepy,hard,300
0.011666666666666667,0,7,7.0,1.0,0.18997817248422755,0.24035095932880124,0.03986219557683417,0.08980786073053365,0.5356368906444828,0.6925366080118914,20,10,0,sleepy,hard,600
0.008333333333333333,0,5,5.0,1.0,0.19683444720011295,0.23916770420113417,0.037909274029588845,0.08980786073053365,0.5613688905012081,0.7389892150589519,17,10,0,sleepy,hard,900
0.0033333333333333335,0,2,2.0,1.0,0.19933172268315,0.23941973197142155,0.03739532400068351,0.09163343720274762,0.5579211390398847,0.7389892150589519,19,10,0,sleepy,hard,1200
0.0016666666666666668,0,1,1.0,1.0,0.19392329874200426,0.24460839832188092,0.0370815902318381,0.09324288495430516,0.5198619814106752,0.7375284842836348,26,10,0,sleepy,hard,1500
0.0,0,0,0.0,0.0,0.0,0.24697835936034532,0.03852574346939415,0.10560225215458192,0.47896303023645503,0.6831077345962259,22,10,0,sleepy,hard,1800
0.0,0,0,0.0,0.0,0.0,0.23567073103061892,0.04193630974532819,0.10234775064776219,0.5017405267571053,0.6656703379898995,14,10,0,sleepy,hard,2100
0.005,0,3,3.0,1.0,0.20833866474365115,0.23386323735264658,0.04239786309303616,0.09495323156083399,0.5297772253124897,0.745321870376486,22,10,0,sleepy,hard,2400
0.008333333333333333,0,5,5.0,1.0,0.22695654941816587,0.2827277194555661,0.030614045189789038,0.08997576633647023,0.5309919769889317,0.611265721511173,4,11,1,alert,hard,0
0.011666666666666667,0,7,7.0,1.0,0.2162229572753744,0.2752433858466335,0.030515986438954663,0.08675484813258652,0.5367904675637653,0.611265721511173,3,11,1,alert,hard,300
0.01,0,6,6.0,1.0,0.22477935493958004,0.2697244524517585,0.03400771216892279,0.05638419162186122,0.548742723889683,0.6770231181859888,4,11,1,alert,hard,600
0.006666666666666667,0,4,4.0,1.0,0.22668487504881188,0.2730728436699255,0.03431570434357905,0.05638419162186122,0.5412214978492184,0.6770231181859888,9,11,1,alert,hard,900
0.006666666666666667,0,4,4.0,1.0,0.22348627382581543,0.279445761057282,0.033130151476597355,0.09128981667937269,0.5308050332280129,0.5723070667833319,8,11,1,alert,hard,1200
0.011666666666666667,0,7,7.0,1.0,0.22581726097791943,0.2771846452677614,0.03696093187800042,0.08807985869929388,0.5344883043807008,0.5723070667833319,4,11,1,alert,hard,1500
0.016666666666666666,0,9,9.0,1.1111111111111112,0.2340043933214397,0.27640141037167315,0.03657685465942387,0.07852592260958113,0.5370197457379239,0.5719046981391721,3,11,1,alert,hard,1800
0.011666666666666667,0,6,6.0,1.1666666666666667,0.23687784828213584,0.2789912597856582,0.038699515851264056,0.07852592260958113,0.5411962679211314,0.5719046981391721,2,11,1,alert,hard,2100
0.0033333333333333335,0,2,2.0,1.0,0.21448168650954164,0.2804250417293913,0.038438181794706955,0.09453259206850004,0.5410332341132421,0.5735967623332932,0,11,1,alert,hard,2400
0.023333333333333334,0,2,2.0,1.0,0.23184688001547127,0.265066193133057,0.04162001924166154,0.08035778238462644,0.5019637685675604,0.666172807409627,64,11,0,sleepy,hard,0
0.03333333333333333,0,8,8.0,1.0,0.21288399430133803,0.26027026275562254,0.046101399167610274,0.08035778238462644,0.4855532157396638,0.6123158244022061,40,11,0,sleepy,hard,300
0.021666666666666667,0,13,13.0,1.0,0.2159568474489113,0.26641780322224634,0.040151778463955054,0.08043908016125986,0.4860449525373146,0.5763271509758527,34,11,0,sleepy,hard,600
0.051666666666666666,1,13,13.0,1.0,0.2197456379335191,0.2628547962445763,0.05367811481442229,0.06454829823783727,0.4987926217415251,0.6584503486536096,44,11,0,sleepy,hard,900
0.09333333333333334,2,18,18.0,1.1111111111111112,0.21910732127919322,0.253081890364412,0.0641282304222305,0.06454829823783727,0.5139101851623084,0.6584503486536096,17,11,0,sleepy,hard,1200
0.075,1,16,16.0,1.125,0.21561831514422045,0.2561360286756817,0.05828629835051766,0.07606933024922634,0.5269602027814352,0.5735905591020111,8,11,0,sleepy,hard,1500
0.056666666666666664,0,17,17.0,1.4705882352941178,0.21586099798997724,0.2518896171307604,0.060249307868157055,0.0795637705060768,0.5309899046375915,0.5837460868858579,8,11,0,sleepy,hard,1800
0.041666666666666664,0,17,17.0,1.4705882352941178,0.21387922909196697,0.2555343182791235,0.05635297593725117,0.08024690144857395,0.5310999086086862,0.5837460868858579,5,11,0,sleepy,hard,2100
0.013333333333333334,0,8,8.0,1.0,0.2141870342650163,0.2717570482603237,0.03913840958024774,0.08155212920810628,0.5196963265418636,0.5645871632802205,11,11,0,sleepy,hard,2400
0.0016666666666666668,0,1,1.0,1.0,0.1801098071553125,0.23186793652791834,0.023957867628092128,0.0902903040109619,0.5174878582059443,0.6463852644262755,35,12,1,alert,hard,0
0.0,0,0,0.0,0.0,0.0,0.23058059085188123,0.020923159252964202,0.10198117644618121,0.5226786432231763,0.6206214433798324,26,12,1,alert,hard,300
0.0,0,0,0.0,0.0,0.0,0.22820882128833925,0.023781182324447377,0.10617762084772592,0.525891330388752,0.6130056273038232,15,12,1,alert,hard,600
0.0,0,0,0.0,0.0,0.0,0.2250617558679581,0.028683156142980146,0.10188901750387874,0.5406930780750424,0.7844115310260725,15,12,1,alert,hard,900
0.0016666666666666668,0,1,1.0,1.0,0.15828750727121166,0.21648837798617332,0.028268773148101736,0.09829294747492745,0.536731340763089,0.7844115310260725,29,12,1,alert,hard,1200
0.0033333333333333335,0,2,2.0,1.0,0.1543857185758945,0.2124730828865582,0.02923970089317473,0.09812609511142475,0.5244592718072727,0.7174560386485747,29,12,1,alert,hard,1500
0.0033333333333333335,0,2,2.0,1.0,0.14916507175776947,0.20679832327770112,0.030322637150966752,0.09525065644338207,0.5293954343948664,0.6649561253717364,28,12,1,alert,hard,1800
0.0016666666666666668,0,1,1.0,1.0,0.16265779171647685,0.21135751550371484,0.028430794326096194,0.09525065644338207,0.5185500058138582,0.657693896150348,29,12,1,alert,hard,2100
0.0033333333333333335,0,2,2.0,1.0,0.16014376528320898,0.22424385283707088,0.025083232762368072,0.09646356704482129,0.5142482954991885,0.6378659562143731,27,12,1,alert,hard,2400
0.006666666666666667,0,4,4.0,1.0,0.1717791000309133,0.23438321221847075,0.02858173385958576,0.09116979632704417,0.48751333832392835,0.5995734517063436,22,12,0,sleepy,hard,0
0.015,0,9,9.0,1.0,0.17060428299563432,0.21255021410260122,0.037827260515100394,0.09111221117508991,0.5120259208586869,0.5995734517063436,36,12,0,sleepy,hard,300
0.013333333333333334,0,8,8.0,1.0,0.15271813830602105,0.1986703976316302,0.032428116705815635,0.0806051312265775,0.511444967420598,0.5991561174441852,40,12,0,sleepy,hard,600
0.0033333333333333335,0,2,2.0,1.0,0.16167600217812872,0.20972575642267532,0.029910470955796273,0.0806051312265775,0.5126991378281364,0.5991561174441852,35,12,0,sleepy,hard,900
0.0016666666666666668,0,1,1.0,1.0,0.1546482428800546,0.2185936682093405,0.02572045547582739,0.09466064982272573,0.5192967510062914,0.6608715422634257,24,12,0,sleepy,hard,1200
0.006666666666666667,0,4,4.0,1.0,0.1545743262609245,0.21405012745194127,0.03274368471459176,0.09187194207823157,0.5189181626809806,0.6608715422634257,31,12,0,sleepy,hard,1500
0.013333333333333334,0,8,8.0,1.0,0.15643541155818969,0.2015299284454427,0.03608295197795869,0.08835843924487227,0.5211509851577633,0.6326807036806802,48,12,0,sleepy,hard,1800
0.011666666666666667,0,7,7.0,1.0,0.14933115053813514,0.19767610568586141,0.030623209143058168,0.08835843924487227,0.5170700257228157,0.6326807036806802,51,12,0,sleepy,hard,2100
0.006666666666666667,0,4,4.0,1.0,0.15209967366102825,0.20974765694413625,0.0297113449823567,0.0922342720303905,0.5104107445660224,0.6342526953465345,47,12,0,sleepy,hard,2400
0.02,0,11,11.0,1.0909090909090908,0.18825145727523773,0.24426159945187986,0.02752694057334942,0.06902904438543703,0.47101825962719074,0.6169927037229187,1,13,1,alert,hard,0
0.016666666666666666,0,9,9.0,1.1111111111111112,0.18222982300426824,0.24394873663183853,0.025433227762742396,0.06902904438543703,0.47306429802065586,0.4997916407549481,0,13,1,alert,hard,300
0.01,0,5,5.0,1.2,0.17958889321558116,0.246379981649177,0.023560203436539036,0.07951980280788891,0.4718979123582171,0.4916962828050711,0,13,1,alert,hard,600
0.01,0,5,5.0,1.2,0.18633564754017756,0.25122002872630234,0.024960543835768158,0.07951980280788891,0.4705993379402056,0.5011992230444927,1,13,1,alert,hard,900
0.008333333333333333,0,5,5.0,1.0,0.19262523405823767,0.2528136328492229,0.02671206046192365,0.0790758825726773,0.47186159566824143,0.5011992230444927,1,13,1,alert,hard,1200
0.01,0,6,6.0,1.0,0.19591797441741354,0.25354122206391005,0.02974302328184404,0.0790758825726773,0.47403306219337005,0.5007436007041264,1,13,1,alert,hard,1500
0.011666666666666667,0,7,7.0,1.0,0.20336177520176993,0.2570550479279663,0.03105687537584013,0.08089999865046926,0.47560529464595996,0.5050020434611807,2,13,1,alert,hard,1800
0.025,0,15,15.0,1.0,0.2051145959522697,0.253596532890764,0.03556143069465868,0.06872623209450995,0.4756276759909297,0.5062555630558953,2,13,1,alert,hard,2100
0.025,0,15,15.0,1.0,0.19613868583927335,0.2493278216098414,0.03424088991220972,0.06872623209450995,0.4776814576883822,0.5062555630558953,4,13,1,alert,hard,2400
0.03,0,17,17.0,1.0588235294117647,0.20606171068282414,0.2459648424875814,0.0358655748849576,0.06687852454338523,0.474682132014554,0.5070033894883881,5,13,0,sleepy,hard,0
0.03333333333333333,0,19,19.0,1.0526315789473684,0.20624757716356662,0.2409764071913374,0.037197152547372075,0.06674177875503834,0.47699313073847793,0.5096998158840761,6,13,0,sleepy,hard,300
0.03,0,18,18.0,1.0,0.20610404954924932,0.23674264842447576,0.03343744376681725,0.06674177875503834,0.47681918279111185,0.5096998158840761,5,13,0,sleepy,hard,600
0.02,0,12,12.0,1.0,0.19652565110843598,0.23977565227922298,0.028972069073926365,0.0734445798242387,0.481905578024433,0.5637760910978667,16,13,0,sleepy,hard,900
0.016666666666666666,0,10,10.0,1.0,0.19223451730416502,0.24492673084356795,0.028588940038122006,0.0734445798242387,0.48486812699895127,0.5637760910978667,26,13,0,sleepy,hard,1200
0.02666666666666667,0,16,16.0,1.0,0.19030157534391415,0.24340146922342826,0.033837509999737836,0.06334515981457167,0.4828949866898274,0.5652211572836388,22,13,0,sleepy,hard,1500
0.03333333333333333,0,20,20.0,1.0,0.20730889196192823,0.24548444863039398,0.037473871406840616,0.06334515981457167,0.47914792345442625,0.5652211572836388,17,13,0,sleepy,hard,1800
0.028333333333333332,0,17,17.0,1.0,0.20838262345931505,0.24854510860492,0.03718076144224287,0.0617047234486362,0.47763702549421244,0.5692400653745546,12,13,0,sleepy,hard,2100
0.025,0,15,15.0,1.0,0.20454904208798114,0.24641499020743424,0.03531559106975739,0.0617047234486362,0.4805212664837566,0.5747223023522195,7,13,0,sleepy,hard,2400
0.021666666666666667,0,12,12.0,1.0833333333333333,0.17676762402375024,0.23011335948389677,0.03722894476448763,0.06458294079451676,0.48050368578917935,0.6271408084506063,27,14,1,alert,hard,0
0.016666666666666666,0,10,10.0,1.0,0.18581292457948262,0.23214832096488455,0.03660584603598813,0.05279415038873232,0.4740109514633763,0.558666881086417,15,14,1,alert,hard,300
0.016666666666666666,0,10,10.0,1.0,0.19113386651284037,0.23282054947348874,0.037299673807383436,0.05279415038873232,0.47544913925354176,0.5630361397430902,23,14,1,alert,hard,600
0.011666666666666667,0,7,7.0,1.0,0.18197671697406917,0.23192534228212253,0.037366378347903954,0.08120445144932373,0.48049721448085203,0.5737958268682675,34,14,1,alert,hard,900
0.006666666666666667,0,4,4.0,1.0,0.1702329830950179,0.23082619779621558,0.03787066439900887,0.09486716065024454,0.48474326450649347,0.5737958268682675,41,14,1,alert,hard,1200
0.008333333333333333,0,5,5.0,1.0,0.17811471643682525,0.23401935452430053,0.039244024617570844,0.08832295826513217,0.4852382199646982,0.5432322580777972,44,14,1,alert,hard,1500
0.02666666666666667,0,15,15.0,1.0666666666666667,0.1828807295243165,0.23337777269723348,0.043107172826950965,0.07625007974331081,0.4829839821181621,0.5778856974882023,38,14,1,alert,hard,1800
0.03333333333333333,0,18,18.0,1.1111111111111112,0.18015628468736405,0.2308778642056357,0.04503208705941827,0.07625007974331081,0.48144535696520907,0.5778856974882023,24,14,1,alert,hard,2100
0.021666666666666667,0,12,12.0,1.0833333333333333,0.17274277891116965,0.22927860716881837,0.04215278348977832,0.09166606803181637,0.4876328477517628,0.5525382108356092,46,14,1,alert,hard,2400
0.07833333333333334,0,32,32.0,1.28125,0.16453320610720606,0.1989245597649999,0.05306094470464726,0.07506067536721199,0.4851739747382051,0.5720331517650996,44,14,0,sleepy,hard,0
0.08166666666666667,0,33,33.0,1.303030303030303,0.1670150373554305,0.2003780003523026,0.05451981812220322,0.0700378172917274,0.48890068721487645,0.5957069268362495,54,14,0,sleepy,hard,300
0.085,0,38,38.0,1.3421052631578947,0.16924000404481615,0.19954039744991428,0.054530694785057475,0.0700378172917274,0.48955509062236624,0.5957069268362495,49,14,0,sleepy,hard,600
0.09333333333333334,0,45,45.0,1.2444444444444445,0.16733507057107022,0.19277127604840455,0.05270316871448968,0.07902214845315522,0.48879133726360746,0.5771502919692733,59,14,0,sleepy,hard,900
0.08166666666666667,0,41,41.0,1.1951219512195121,0.17289474102995073,0.19339549573395298,0.05230929563233513,0.08282000447128049,0.4873772970278363,0.6070421498163903,56,14,0,sleepy,hard,1200
0.056666666666666664,0,28,28.0,1.2142857142857142,0.17262720480860683,0.19317120358082082,0.05067603800907957,0.08282000447128049,0.47993882018423695,0.6070421498163903,26,14,0,sleepy,hard,1500
0.03,0,16,16.0,1.125,0.153766629028057,0.19636313961742766,0.04790258731059018,0.0917766588386216,0.48067411609568905,0.5763476051084027,23,14,0,sleepy,hard,1800
0.023333333333333334,0,13,13.0,1.0769230769230769,0.1535943852569444,0.19961668817113726,0.04591951607512394,0.09459826619328005,0.4834073717094979,0.5763994930917219,29,14,0,sleepy,hard,2100
0.021666666666666667,0,12,12.0,1.0833333333333333,0.16179247766744675,0.20179713789418727,0.04590112909467886,0.09071377304252011,0.48127581419044624,0.630723641372119,25,14,0,sleepy,hard,2400
0.0,0,0,0.0,0.0,0.0,0.3087010837781821,0.020222821452702187,0.14191411259884798,0.453240328995099,0.7344957966660092,1,15,1,alert,hard,0
0.0,0,0,0.0,0.0,0.0,0.30788812203892474,0.025800880146657813,0.14047940266621695,0.4391344819145523,0.49390551521996434,0,15,1,alert,hard,300
0.0,0,0,0.0,0.0,0.0,0.30057959380552146,0.027541309202758105,0.14047940266621695,0.45513421418051137,0.5925670416560781,11,15,1,alert,hard,600
0.0,0,0,0.0,0.0,0.0,0.305952133842111,0.023600166384473983,0.14538862070243289,0.46249382264966377,0.5925670416560781,13,15,1,alert,hard,900
0.0,0,0,0.0,0.0,0.0,0.3126082527065115,0.028895008133862508,0.14082983912057298,0.44288674780703785,0.5237482473292011,2,15,1,alert,hard,1200
0.0,0,0,0.0,0.0,0.0,0.30050989761075914,0.02942371822604106,0.14082983912057298,0.4506209886848936,0.524394173934775,6,15,1,alert,hard,1500
0.0,0,0,0.0,0.0,0.0,0.29292750388397565,0.02637002522794782,0.12942652064706783,0.46572664053873136,0.524394173934775,13,15,1,alert,hard,1800
0.0,0,0,0.0,0.0,0.0,0.29943247038244003,0.030634833347106098,0.12942652064706783,0.4548434378289529,0.5134150571504804,7,15,1,alert,hard,2100
0.0,0,0,0.0,0.0,0.0,0.3037837387708243,0.02865893249023264,0.14699984122313436,0.4534275005238961,0.640001257107864,5,15,1,alert,hard,2400
0.018333333333333333,0,5,5.0,1.2,0.23121133872291738,0.24226320387880435,0.056251558400768384,0.045484325889527694,0.5448267147279815,1.1035789765575252,17,15,0,sleepy,hard,0
0.0,0,0,0.0,0.0,0.0,0.243837603851995,0.04785966096890905,0.10222694465974218,0.529840586699946,0.7436055051171309,21,15,0,sleepy,hard,300
0.0,0,0,0.0,0.0,0.0,0.23950402308196098,0.04789191895059807,0.10481049638378143,0.5385235112727568,0.7462052479908652,18,15,0,sleepy,hard,600
0.04833333333333333,2,4,4.0,1.25,0.19631325582227832,0.22868715409229518,0.0594072117622649,0.08600746708992232,0.5648763696209795,1.0519961091232026,14,15,0,sleepy,hard,900
0.04833333333333333,2,4,4.0,1.25,0.19912703353088934,0.23195914235118248,0.05792511013550403,0.08600746708992232,0.5496395871047556,1.0519961091232026,26,15,0,sleepy,hard,1200
0.0,0,0,0.0,0.0,0.0,0.24363920944803577,0.04217237094851481,0.10105641702318802,0.5345737693021513,0.7587389303221389,23,15,0,sleepy,hard,1500
0.043333333333333335,1,4,4.0,1.25,0.20329623230296184,0.23256865328790677,0.05559101190559369,0.07661426477310294,0.5654900212256251,1.0671804260164217,10,15,0,sleepy,hard,1800
0.045,1,5,5.0,1.2,0.2019592712085016,0.23415206988705264,0.058102828880254725,0.07661426477310294,0.5250412023716946,1.0671804260164217,10,15,0,sleepy,hard,2100
0.0016666666666666668,0,1,1.0,1.0,0.19300201620624838,0.23705146038696484,0.04473865350714041,0.09584818900360523,0.4919765727651522,0.7723317996981632,13,15,0,sleepy,hard,2400
0.0016666666666666668,0,1,1.0,1.0,0.22961268722751743,0.27197821342162587,0.03656620419117675,0.08185942487576986,0.5339240322310522,0.6921372211492305,0,16,1,alert,hard,0
0.0,0,0,0.0,0.0,0.0,0.26755229405789566,0.03911268522841617,0.11077174492558658,0.5386926012857408,0.570617187934755,0,16,1,alert,hard,300
0.0,0,0,0.0,0.0,0.0,0.2623979610296588,0.03903522830805198,0.10123441703458569,0.5280042816201989,0.591270284199114,4,16,1,alert,hard,600
0.0,0,0,0.0,0.0,0.0,0.265093701782536,0.04041753568340555,0.10123441703458569,0.5188891087092848,0.591270284199114,6,16,1,alert,hard,900
0.0,0,0,0.0,0.0,0.0,0.2658488567300402,0.04170353748871285,0.10340676081462186,0.5270879066085344,0.5955951505996341,4,16,1,alert,hard,1200
0.0,0,0,0.0,0.0,0.0,0.2631454428126663,0.04160572577230994,0.10340676081462186,0.5247599936465813,0.5955951505996341,10,16,1,alert,hard,1500
0.0,0,0,0.0,0.0,0.0,0.26467409588514035,0.04156501552029069,0.10125772309221626,0.5199251779890486,0.5712139275255546,14,16,1,alert,hard,1800
0.0,0,0,0.0,0.0,0.0,0.2640081211416765,0.04172465529095434,0.10125772309221626,0.5239654297651031,0.5576720381407687,9,16,1,alert,hard,2100
0.0016666666666666668,0,1,1.0,1.0,0.2075734178068243,0.264103208922814,0.04113415961231847,0.09350329935439321,0.5290476754742958,0.5684486844282006,3,16,1,alert,hard,2400
0.0033333333333333335,0,2,2.0,1.0,0.20363173782389232,0.24221875568815657,0.04781864898858537,0.09257513665392603,0.5443682939752102,0.5904981013959987,1,16,0,sleepy,hard,0
0.005,0,3,3.0,1.0,0.1941088602716963,0.240007719225448,0.045716894297750985,0.09562078069127422,0.5390315512300878,0.5749358045745241,2,16,0,sleepy,hard,300
0.008333333333333333,0,4,4.0,1.25,0.19581962356044844,0.23871877871084593,0.04849569307467569,0.09463767820811567,0.5229665827437785,0.5970008209868441,14,16,0,sleepy,hard,600
0.005,0,2,2.0,1.5,0.19722554808008008,0.24844902084124404,0.0456403433653348,0.09463767820811567,0.5156454480587185,0.5970008209868441,17,16,0,sleepy,hard,900
0.015,0,6,6.0,1.5,0.196123045877075,0.24063205407186777,0.04743922674569538,0.09180454107487393,0.5071565333016204,0.5687377482144226,9,16,0,sleepy,hard,1200
0.015,0,6,6.0,1.5,0.20617048001179564,0.23817780731615015,0.04712981907674998,0.09180454107487393,0.5075081949429636,0.5669802492255422,11,16,0,sleepy,hard,1500
0.01,0,5,5.0,1.2,0.20807631510119112,0.23118981726054463,0.0525557846550169,0.08960634576053574,0.5311096492438812,0.7520486303996916,8,16,0,sleepy,hard,1800
0.013333333333333334,0,7,7.0,1.1428571428571428,0.18961593920945916,0.22243307558976771,0.05333927423266139,0.08960634576053574,0.5261325555615735,0.7520486303996916,15,16,0,sleepy,hard,2100
0.013333333333333334,0,5,5.0,1.6,0.18580063144890452,0.22415621635180547,0.04648271744127347,0.09477307220477554,0.5146408038512227,0.5640682621755528,17,16,0,sleepy,hard,2400
0.0033333333333333335,0,2,2.0,1.0,0.2109508198859723,0.2699790999497525,0.01576649462270859,0.0863735768400657,0.49842180515222123,0.5236358076064551,120,17,1,alert,hard,0
0.006666666666666667,0,4,4.0,1.0,0.2169169146314418,0.2644167494870504,0.020420880281523415,0.07392836482931375,0.504159725022975,0.534041418427477,95,17,1,alert,hard,300
0.01,0,6,6.0,1.0,0.23108379975784707,0.2638108685331781,0.024638872414217576,0.06515322027062617,0.5081895170616239,0.6784203025698771,63,17,1,alert,hard,600
0.011666666666666667,0,6,6.0,1.1666666666666667,0.23375487152360322,0.26936208553145424,0.02595448570749477,0.06310016865430951,0.50650364624264,0.6784203025698771,69,17,1,alert,hard,900
0.01,0,5,5.0,1.2,0.23888011403437978,0.27007067145320357,0.029869140582517845,0.059562916171978945,0.5018293890316118,0.6229913722121222,96,17,1,alert,hard,1200
0.011666666666666667,0,7,7.0,1.0,0.2345005640516107,0.27257239479705964,0.03141270507864163,0.059562916171978945,0.49972126075101425,0.6662326927447207,100,17,1,alert,hard,1500
0.013333333333333334,0,8,8.0,1.0,0.2246404634440476,0.26777968403923763,0.03048831828780969,0.06562161447770806,0.5082596884552083,0.6662326927447207,47,17,1,alert,hard,1800
0.018333333333333333,0,10,10.0,1.1,0.2160674177083557,0.2576087181777325,0.0339189511081525,0.06531980881615015,0.5157495266985225,0.5483152220390456,14,17,1,alert,hard,2100
0.015,0,8,8.0,1.125,0.21358892006257668,0.25987755774600807,0.03054977426947706,0.06531980881615015,0.5109046533465158,0.5925824350448357,58,17,1,alert,hard,2400
0.011666666666666667,0,6,6.0,1.1666666666666667,0.17456645018726288,0.22974782913491823,0.02159743987870348,0.04126770598421323,0.49935241763670507,0.5193430966149432,105,17,0,sleepy,hard,0
0.016666666666666666,0,6,6.0,1.6666666666666667,0.18012840140588482,0.23176022879361843,0.028051233287909573,0.03978198414459269,0.5069428099065268,0.533221693951957,76,17,0,sleepy,hard,300
0.023333333333333334,0,7,7.0,2.0,0.18903235513425973,0.23291052633262466,0.03259459633398291,0.03978198414459269,0.5133734986335878,0.5380562306149721,28,17,0,sleepy,hard,600
0.023333333333333334,0,9,9.0,1.5555555555555556,0.18804679512655093,0.2302380301902692,0.030398217845811107,0.04893862524269636,0.518091873990624,0.5381158065832286,7,17,0,sleepy,hard,900
0.03333333333333333,0,15,15.0,1.3333333333333333,0.19120229919947673,0.22608735996595503,0.03459607335986827,0.048357151894936265,0.5248843014580062,0.5681177749764659,5,17,0,sleepy,hard,1200
0.041666666666666664,0,17,17.0,1.4705882352941178,0.19263489293080266,0.21692855862722202,0.0385051573246249,0.048357151894936265,0.5349464680177096,0.5681177749764659,4,17,0,sleepy,hard,1500
0.04666666666666667,0,19,19.0,1.4736842105263157,0.19779637309737325,0.20976206013652812,0.03973410013049696,0.03141642258499828,0.5367351499941481,0.5657027738970563,0,17,0,sleepy,hard,1800
0.05333333333333334,0,23,23.0,1.391304347826087,0.19748818661162257,0.21232419729960644,0.041723896331124805,0.03141642258499828,0.524771090751416,0.6288106692717841,2,17,0,sleepy,hard,2100
0.055,0,22,22.0,1.5,0.1945687595342064,0.21297181706578722,0.03958485078491844,0.031199796860685095,0.5136563173670547,0.6288106692717841,15,17,0,sleepy,hard,2400
0.02,0,12,12.0,1.0,0.17088248243333035,0.19978256943518033,0.030040116710965688,0.06391212383342629,0.5377270289644055,0.5851161245493336,0,18,1,alert,hard,0
0.015,0,9,9.0,1.0,0.17255097330945204,0.20540012134948776,0.025355647336010288,0.06391212383342629,0.5301896840896876,0.5530388451113033,7,18,1,alert,hard,300
0.01,0,6,6.0,1.0,0.1510892968782324,0.20825129443991672,0.023028467124947688,0.08170884735247794,0.5266837599759733,0.5508017367182813,21,18,1,alert,hard,600
0.02666666666666667,0,13,13.0,1.2307692307692308,0.17906993862015064,0.20634781985971684,0.03115432492011844,0.07253997044156225,0.5245051023895648,0.5492153827033259,28,18,1,alert,hard,900
0.035,0,16,16.0,1.3125,0.190068050899066,0.19907464997211316,0.03581921353073104,0.06940943182890824,0.5235332337296954,0.5713491891568856,39,18,1,alert,hard,1200
0.028333333333333332,0,14,14.0,1.2142857142857142,0.19487740242125032,0.18538614893057703,0.036129292792478916,0.06348359174375298,0.5097170925913522,0.5713491891568856,82,18,1,alert,hard,1500
0.025,0,12,12.0,1.25,0.19059165391751673,0.18017248066377625,0.03491948369881328,0.06348359174375298,0.4947570160552022,0.5464385168698961,103,18,1,alert,hard,1800
0.02,0,10,10.0,1.2,0.17920390592875118,0.17211246227077073,0.03303158019448675,0.06772081037714098,0.494487027074368,0.5460311281543595,106,18,1,alert,hard,2100
0.02666666666666667,0,10,10.0,1.6,0.15253934370260497,0.17272799929417534,0.028954488056694958,0.06131444047674056,0.5024709397387612,0.5380928737192467,113,18,1,alert,hard,2400
0.0,0,0,0.0,0.0,0.0,0.2374468558532223,0.0216207043327114,0.12261427482866533,0.5628737024626421,0.6440615158038457,4,18,0,sleepy,hard,0
0.0,0,0,0.0,0.0,0.0,0.24068830809782432,0.020358730423747192,0.1290682365708797,0.5524456644048714,0.6300063728037752,20,18,0,sleepy,hard,300
0.0,0,0,0.0,0.0,0.0,0.2376440153117224,0.021603916595652257,0.13085863134802994,0.5411250288028273,0.592819928396793,18,18,0,sleepy,hard,600
0.0,0,0,0.0,0.0,0.0,0.2263229440381826,0.02566629280638898,0.13085863134802994,0.5536292843014246,0.6011569309075024,1,18,0,sleepy,hard,900
0.0,0,0,0.0,0.0,0.0,0.2041648246155668,0.030207681665169652,0.10769380938373999,0.5547875654715048,0.6740346080262241,6,18,0,sleepy,hard,1200
0.0,0,0,0.0,0.0,0.0,0.19832829623976375,0.036585134568419185,0.10603502014395963,0.5785816828040915,0.7432924603078049,9,18,0,sleepy,hard,1500
0.0,0,0,0.0,0.0,0.0,0.2132469402711918,0.035772500274220825,0.10603502014395963,0.6016138936295801,0.7553532664038071,6,18,0,sleepy,hard,1800
0.0,0,0,0.0,0.0,0.0,0.2160218615723818,0.029706698180701843,0.1166929062540064,0.608720080546626,0.7553532664038071,4,18,0,sleepy,hard,2100
0.0,0,0,0.0,0.0,0.0,0.22002469978826356,0.02830136949572465,0.11765383713426772,0.5837152624594123,0.7301174108775088,1,18,0,sleepy,hard,2400
0.05,0,26,26.0,1.1538461538461537,0.23441137563250297,0.2577102311382501,0.04959281361048051,0.06407836724972518,0.4102837575752842,0.5738756541531101,1,19,1,alert,hard,0
0.04666666666666667,0,24,24.0,1.1666666666666667,0.21948024430532723,0.25010391539656224,0.04566680333040442,0.06419794075829388,0.40407269550978303,0.4344822803936979,0,19,1,alert,hard,300
0.035,0,21,21.0,1.0,0.2164528318825752,0.2471776794981041,0.042169313554912484,0.06402182733635114,0.41975447825178896,0.5679879023302182,6,19,1,alert,hard,600
0.045,0,25,25.0,1.08,0.22103773100380508,0.2491135921871935,0.04644114424760016,0.06402182733635114,0.41768399870149303,0.57734105854697,13,19,1,alert,hard,900
0.04833333333333333,0,26,26.0,1.1153846153846154,0.2195565555094876,0.25641930663191215,0.04713119440920668,0.068542411967209,0.4207387827351115,0.57734105854697,7,19,1,alert,hard,1200
0.04666666666666667,0,25,25.0,1.12,0.21578993099117205,0.251259311057572,0.04752584991257403,0.06499082977234241,0.42961315653558835,0.45928012562374826,0,19,1,alert,hard,1500
0.06333333333333334,0,30,30.0,1.2666666666666666,0.21780276353354908,0.24227158691444936,0.0503641898685543,0.06499082977234241,0.43992018037668856,0.47495573494833004,0,19,1,alert,hard,1800
0.06,0,30,30.0,1.2,0.2205938965334758,0.24590730146487136,0.048398124592201004,0.06623524974419359,0.4538886439851702,0.5651307800496337,1,19,1,alert,hard,2100
0.043333333333333335,0,25,25.0,1.04,0.2200746230927063,0.2536976777673101,0.04404112675349462,0.06675672645641041,0.45277603193658306,0.5651307800496337,1,19,1,alert,hard,2400
0.11333333333333333,2,28,28.0,1.6428571428571428,0.2170058012393512,0.21532779354950576,0.05624818500699062,0.05358072250075789,0.43277553875359476,0.48497250881280546,0,19,0,sleepy,hard,0
0.11166666666666666,2,25,25.0,1.52,0.2246295535522182,0.2222230993828085,0.05877695145907454,0.061222854131474456,0.42856644821842244,0.460562849903667,0,19,0,sleepy,hard,300
0.07833333333333334,0,26,26.0,1.5384615384615385,0.22287089243857866,0.23494950139761675,0.05148554282493544,0.06554155218798818,0.42296483167357884,0.4445745907170221,0,19,0,sleepy,hard,600
0.08666666666666667,0,24,24.0,1.8333333333333333,0.20157928931860528,0.22861859597513975,0.051718764151441214,0.06315120510908985,0.43246459035869,0.4542588428925839,0,19,0,sleepy,hard,900
0.085,0,22,22.0,1.6818181818181819,0.20585042049680177,0.22956989406251305,0.05256238196674439,0.06095406015393808,0.4362514009945324,0.4585568087062572,0,19,0,sleepy,hard,1200
0.04666666666666667,0,18,18.0,1.2222222222222223,0.2084983446986689,0.2401518657982362,0.04298511775255322,0.060276395798634926,0.43630246113445553,0.4585568087062572,0,19,0,sleepy,hard,1500
0.03666666666666667,0,17,17.0,1.2941176470588236,0.20802272855223947,0.23897646597607974,0.03949515164442448,0.060276395798634926,0.4368787136469312,0.453146364314101,0,19,0,sleepy,hard,1800
0.065,0,21,21.0,1.5238095238095237,0.19479357480740025,0.22875493960635912,0.04648482986146488,0.06041684955344281,0.437881835788547,0.455448997075956,0,19,0,sleepy,hard,2100
0.06333333333333334,0,19,19.0,1.631578947368421,0.21903870534364872,0.2377641172912657,0.04778958859637182,0.061624816805992716,0.44122353683962445,0.45975760313298797,0,19,0,sleepy,hard,2400
0.058333333333333334,0,30,30.0,1.1666666666666667,0.19606226794310236,0.22109916401675922,0.04293540381644227,0.059851412304100945,0.6066839405483875,0.7432930505856306,0,20,1,alert,hard,0
0.07833333333333334,0,36,36.0,1.3055555555555556,0.19376636790509943,0.21532576711801557,0.04597192895034521,0.06016371516647627,0.6119436524607712,0.6905069387195037,0,20,1,alert,hard,300
0.08166666666666667,0,33,33.0,1.4848484848484849,0.19296634799884085,0.21664861087397824,0.046328629440747365,0.06473952561604157,0.6015581809702791,0.646312987547938,0,20,1,alert,hard,600
0.065,0,28,28.0,1.3928571428571428,0.19132687529222742,0.2239457447863605,0.04301473037636598,0.0653855802762969,0.6003898797329958,0.6527272781426445,0,20,1,alert,hard,900
0.07,0,32,32.0,1.3125,0.18794225422878025,0.22444918209164247,0.04541568610392811,0.05968687248727333,0.6163198826047857,0.6612232023766869,0,20,1,alert,hard,1200
0.07166666666666667,0,34,34.0,1.2647058823529411,0.18820723197979858,0.22228157001838791,0.04600803565696012,0.05968687248727333,0.6214877570606144,0.8785003814148503,1,20,1,alert,hard,1500
0.058333333333333334,0,29,29.0,1.206896551724138,0.19183800769179632,0.22266577161504622,0.0420402364672602,0.06373561431257038,0.6258573824995775,0.8785003814148503,1,20,1,alert,hard,1800
0.06333333333333334,0,29,29.0,1.3103448275862069,0.19091322145137418,0.22043669828911475,0.042680788398364936,0.06327938261847016,0.6303729806272255,0.6816373316837073,0,20,1,alert,hard,2100
0.05,0,22,22.0,1.3636363636363635,0.17697776771357024,0.2247121831920033,0.038100606232747455,0.06327938261847016,0.6238657844205351,0.6704031716961888,0,20,1,alert,hard,2400
0.11333333333333333,0,26,26.0,2.3846153846153846,0.14705450129229794,0.1547522134311134,0.039192426009639396,0.03678369839175376,0.5361719580207595,0.7096474862515831,29,20,0,sleepy,hard,0
0.10666666666666667,0,26,26.0,2.4615384615384617,0.15489707824560237,0.16580373646052637,0.04241515856201479,0.038908786432132574,0.5520884358876866,0.6886932548605438,1,20,0,sleepy,hard,300
0.135,0,24,24.0,2.9166666666666665,0.154352061757926,0.15900722566351239,0.04464019709711706,0.04115794482560198,0.5847982856556749,0.636810126230192,0,20,0,sleepy,hard,600
0.14833333333333334,0,26,26.0,3.0,0.1467658311266415,0.15298677187020485,0.043528542835323564,0.041157743318827746,0.6016963888384954,0.6630886446018691,1,20,0,sleepy,hard,900
0.16333333333333333,0,28,28.0,2.9642857142857144,0.1481278174790068,0.15111951614598373,0.045879125086778896,0.041157743318827746,0.6171771445372902,0.6718857493213144,1,20,0,sleepy,hard,1200
0.195,0,26,26.0,3.269230769230769,0.1423198926077469,0.13876420965245836,0.044896195524860384,0.041790591935248686,0.6270488816346087,0.6718857493213144,0,20,0,sleepy,hard,1500
0.22666666666666666,2,26,26.0,2.923076923076923,0.17652176529987074,0.13475192385650486,0.04687789818311948,0.042109203002869196,0.6260477476748586,0.6823116722118099,0,20,0,sleepy,hard,1800
0.225,2,29,29.0,2.6551724137931036,0.1740377740211917,0.1392548799906564,0.04785863522825989,0.04310660087594466,0.6191289694063474,0.6823116722118099,1,20,0,sleepy,hard,2100
0.20333333333333334,1,28,28.0,2.7857142857142856,0.15971115578216066,0.1426058770022757,0.046397349722809574,0.04528889214498682,0.6032581847022148,0.6640016231210476,1,20,0,sleepy,hard,2400
