mean_error,median_error,std_error,p95_error,inside_ratio_900,longest_run_900,inside_ratio_975,longest_run_975,inside_ratio_625,longest_run_625,subject,label,state,difficulty,window_idx
231.2773497777778,180.3746,211.56429384850279,679.9481149999999,0.9744444444444444,506,0.9783333333333334,537,0.9394444444444444,344,01,1,alert,easy,0
254.69469111111113,193.8298,232.77055596710912,769.9852999999998,0.9672222222222222,268,0.9722222222222222,405,0.9277777777777778,174,01,1,alert,easy,900
270.39450566666665,219.33765,206.42376967782283,730.2677399999999,0.9755555555555555,288,0.9822222222222222,405,0.9344444444444444,186,01,1,alert,easy,1800
290.2784958888889,239.5704,206.51998661525172,675.3782550000001,0.9738888888888889,368,0.9788888888888889,541,0.9472222222222222,219,01,1,alert,easy,2700
319.4749375555556,257.1089,225.44759665209025,718.722685,0.9661111111111111,272,0.9694444444444444,295,0.9305555555555556,219,01,1,alert,easy,3600
298.39868766666666,227.3312,272.06267321945063,702.7638849999994,0.96,272,0.9616666666666667,272,0.9277777777777778,207,01,1,alert,easy,4500
267.36467311111113,200.49810000000002,261.26891398106727,668.194745,0.9655555555555555,217,0.9683333333333334,293,0.9438888888888889,207,01,1,alert,easy,5400
255.75457983333334,197.6196,217.93403448136755,687.6654299999998,0.9688888888888889,211,0.9738888888888889,302,0.9372222222222222,155,01,1,alert,easy,6300
764.997441111111,703.9382,437.5672945877378,1534.83812,0.6227777777777778,111,0.6694444444444444,112,0.43777777777777777,63,01,0,sleepy,easy,0
826.2198692777778,779.96605,385.7140973877305,1505.6107,0.5916666666666667,113,0.6527777777777778,135,0.365,68,01,0,sleepy,easy,900
747.6354031111111,695.93175,348.41489550574846,1377.31654,0.6827777777777778,128,0.7316666666666667,177,0.39944444444444444,68,01,0,sleepy,easy,1800
685.7891843333333,639.13575,354.5731447168488,1294.2931849999998,0.7327777777777778,128,0.7761111111111111,132,0.48388888888888887,53,01,0,sleepy,easy,2700
669.7306013888889,643.3156,335.51349112252495,1253.6204950000001,0.7605555555555555,171,0.8211111111111111,200,0.4816666666666667,81,01,0,sleepy,easy,3600
634.3986472777777,613.0073,315.44963145147204,1107.1395,0.7933333333333333,185,0.8561111111111112,188,0.5116666666666667,92,01,0,sleepy,easy,4500
646.6335753888887,606.245,346.4349619902801,1297.9387299999999,0.7855555555555556,201,0.8288888888888889,201,0.5327777777777778,104,01,0,sleepy,easy,5400
669.3791876666667,627.04305,344.35860805956264,1308.2090799999999,0.7761111111111111,155,0.8127777777777778,157,0.49722222222222223,104,01,0,sleepy,easy,6300
292.9259974444444,274.38385,134.4867684449394,501.04599,0.9927777777777778,983,0.9938888888888889,983,0.9883333333333333,630,02,1,alert,easy,0
319.16371733333335,301.6463,128.14898472128195,524.33637,0.9966666666666667,1170,0.9983333333333333,1170,0.9761111111111112,900,02,1,alert,easy,900
334.09914883333335,323.69894999999997,125.08659729919411,519.33379,0.9966666666666667,1524,0.9983333333333333,1527,0.9722222222222222,622,02,1,alert,easy,1800
335.4879726666667,332.25509999999997,107.0337696829789,490.12512499999997,1.0,1800,1.0,1800,0.985,623,02,1,alert,easy,2700
324.9169447777778,320.12030000000004,97.44351895903462,480.13743,1.0,1800,1.0,1800,0.9905555555555555,623,02,1,alert,easy,3600
323.1789198333333,307.59955,94.34464214532777,480.00021,0.9994444444444445,1080,1.0,1800,0.9883333333333333,538,02,1,alert,easy,4500
345.3924461666667,330.78845,110.61469663657411,534.1136750000001,0.9994444444444445,1619,1.0,1800,0.9744444444444444,368,02,1,alert,easy,5400
350.3771012777778,341.57354999999995,117.3864875829895,545.26739,1.0,1800,1.0,1800,0.9727777777777777,449,02,1,alert,easy,6300
342.39105477777775,339.4157,218.03417601350407,771.4164449999996,0.9638888888888889,511,0.9727777777777777,571,0.9172222222222223,509,02,0,sleepy,easy,0
447.7656005555556,399.7149,234.9989681384627,971.46898,0.9288888888888889,370,0.9516666666666667,371,0.8477777777777777,208,02,0,sleepy,easy,900
472.23176038888886,407.9479,221.3662823612665,958.36788,0.9338888888888889,260,0.9583333333333334,376,0.8166666666666667,145,02,0,sleepy,easy,1800
402.5507577777778,376.5913,175.48662149133855,795.6055349999999,0.985,884,0.9905555555555555,1002,0.8855555555555555,328,02,0,sleepy,easy,2700
334.2165677777778,320.4029,147.99538869578905,631.5728499999998,0.9988888888888889,1784,1.0,1800,0.9477777777777778,328,02,0,sleepy,easy,3600
328.5358367777778,304.80975,152.41831595875584,639.947975,0.9933333333333333,1377,0.9966666666666667,1447,0.945,315,02,0,sleepy,easy,4500
402.4413407777778,363.11564999999996,185.78191232769458,826.8592399999998,0.9677777777777777,477,0.9783333333333334,620,0.8827777777777778,279,02,0,sleepy,easy,5400
370.7584087222222,334.24095,201.56436010083686,848.755915,0.96,352,0.98,1016,0.8944444444444445,253,02,0,sleepy,easy,6300
350.65174488888886,284.35015,219.19195978864553,781.5616949999995,0.9644444444444444,227,0.9716666666666667,394,0.8911111111111111,123,03,1,alert,easy,0
337.34532005555553,282.13295,203.21523984019353,757.0123799999998,0.975,411,0.9861111111111112,762,0.8972222222222223,174,03,1,alert,easy,900
338.15319900000003,292.81905,207.91587275854354,726.8218649999999,0.9777777777777777,411,0.9911111111111112,762,0.9083333333333333,174,03,1,alert,easy,1800
312.9804797222222,254.08069999999998,203.53217605232618,649.60915,0.9833333333333333,549,0.9911111111111112,1224,0.9377777777777778,352,03,1,alert,easy,2700
313.9673443888888,248.11485,183.58022831330842,674.9033999999998,0.9911111111111112,549,0.9966666666666667,718,0.9327777777777778,352,03,1,alert,easy,3600
317.9855103888889,259.21035,183.62415470964902,732.85618,0.9894444444444445,405,0.9961111111111111,883,0.9138888888888889,177,03,1,alert,easy,4500
292.069301,243.26839999999999,175.33980528770002,710.35452,0.9883333333333333,405,0.9938888888888889,455,0.9233333333333333,174,03,1,alert,easy,5400
274.7373699444444,231.7207,160.34736610033377,667.687945,0.9905555555555555,478,0.9933333333333333,478,0.94,350,03,1,alert,easy,6300
585.2709100555556,562.67665,222.25500622427444,962.0283399999998,0.9094444444444445,186,0.9533333333333334,329,0.6033333333333334,43,03,0,sleepy,easy,0
553.5111331666667,487.36485,298.7608627965169,1161.1322599999999,0.8927777777777778,105,0.91,111,0.7455555555555555,64,03,0,sleepy,easy,900
527.5503994999999,449.5614,317.3130363291667,1215.6374149999997,0.8883333333333333,138,0.8983333333333333,139,0.8038888888888889,138,03,0,sleepy,easy,1800
484.50631933333335,446.5462,276.87799456608053,1067.7982699999995,0.9188888888888889,190,0.9288888888888889,190,0.8266666666666667,109,03,0,sleepy,easy,2700
503.27128105555556,477.15555,273.7384431482992,1052.532625,0.9161111111111111,211,0.9333333333333333,212,0.7727777777777778,109,03,0,sleepy,easy,3600
535.2031447777778,484.1766,266.1400306534093,1072.22884,0.8905555555555555,211,0.9216666666666666,212,0.7177777777777777,106,03,0,sleepy,easy,4500
540.290129,483.3446,259.512224838706,1054.929855,0.8977777777777778,123,0.9255555555555556,123,0.6805555555555556,71,03,0,sleepy,easy,5400
538.3206824444444,501.41695,265.39612187320273,1010.4631149999999,0.9283333333333333,144,0.9422222222222222,206,0.6638888888888889,80,03,0,sleepy,easy,6300
553.6722766111111,548.19475,104.471934202231,732.0700899999999,0.9938888888888889,807,0.995,1521,0.8294444444444444,160,04,1,alert,easy,0
568.994230111111,559.9799,103.62006194550248,760.26153,0.9911111111111112,892,0.995,1080,0.8166666666666667,163,04,1,alert,easy,900
548.7185343333333,539.10805,94.04874202298284,707.9372899999998,0.9922222222222222,1344,0.995,1611,0.8638888888888889,186,04,1,alert,easy,1800
526.4078105555556,516.18505,88.4551090908207,681.52605,1.0,1800,1.0,1800,0.8666666666666667,261,04,1,alert,easy,2700
555.3128346666667,542.5099,117.44398347395152,747.0385,0.9916666666666667,1074,0.9955555555555555,1530,0.7372222222222222,261,04,1,alert,easy,3600
552.9726506666667,532.2903,118.6112858239074,752.247965,0.9877777777777778,622,0.9955555555555555,1162,0.7611111111111111,316,04,1,alert,easy,4500
533.7663803333334,522.6347000000001,102.08377138203382,728.1725250000001,0.9911111111111112,892,1.0,1800,0.8711111111111111,316,04,1,alert,easy,5400
572.1070210555556,558.32065,106.05327416402547,754.1143399999999,0.9922222222222222,473,0.9983333333333333,946,0.7555555555555555,215,04,1,alert,easy,6300
811.8960245555556,748.49085,216.52977393829374,1214.81015,0.6788888888888889,156,0.7511111111111111,167,0.18444444444444444,54,04,0,sleepy,easy,0
754.4605638888888,696.48475,242.13536790951048,1304.72058,0.7672222222222222,210,0.8216666666666667,210,0.30833333333333335,63,04,0,sleepy,easy,900
735.7298494999999,663.4738,262.8185160341504,1292.9566149999996,0.7455555555555555,584,0.8244444444444444,681,0.4033333333333333,140,04,0,sleepy,easy,1800
763.5147626666667,740.9234,267.87318297522955,1200.1969249999997,0.6533333333333333,494,0.7833333333333333,498,0.35888888888888887,235,04,0,sleepy,easy,2700
728.7114306666667,695.48435,235.79693354317928,1116.764475,0.7488888888888889,360,0.8266666666666667,363,0.3838888888888889,235,04,0,sleepy,easy,3600
717.8377437777779,671.4897000000001,242.61930014887574,1152.0274749999999,0.7994444444444444,360,0.8372222222222222,363,0.4033333333333333,91,04,0,sleepy,easy,4500
731.1220798333334,700.7923499999999,228.04028674676897,1170.237135,0.8344444444444444,259,0.8872222222222222,351,0.30333333333333334,90,04,0,sleepy,easy,5400
789.9039114444444,735.25945,256.79437494302294,1248.855085,0.7644444444444445,259,0.8472222222222222,259,0.2088888888888889,80,04,0,sleepy,easy,6300
436.30648305555553,447.02234999999996,152.97534809642173,628.1019399999999,0.985,892,0.9905555555555555,892,0.9461111111111111,352,05,1,alert,easy,0
408.8287483333333,413.16700000000003,136.08803683265953,606.027125,0.9905555555555555,1072,0.9916666666666667,1072,0.9588888888888889,439,05,1,alert,easy,900
380.21544616666665,370.2972,142.33939050677813,610.9215999999999,0.9944444444444445,1610,0.9955555555555555,1612,0.96,442,05,1,alert,easy,1800
413.3296765555556,415.45095000000003,139.66362545070552,633.7127449999999,1.0,1800,1.0,1800,0.9438888888888889,270,05,1,alert,easy,2700
499.976013,487.08209999999997,157.79393113675295,768.0487849999998,0.9894444444444445,1080,0.9938888888888889,1080,0.79,256,05,1,alert,easy,3600
580.0364575555556,565.55015,194.91342941341532,870.3316249999999,0.9577777777777777,478,0.9688888888888889,483,0.5838888888888889,158,05,1,alert,easy,4500
494.59018533333335,461.66545,231.4468749353835,860.015135,0.9638888888888889,748,0.975,1383,0.7016666666666667,361,05,1,alert,easy,5400
401.0723963333333,396.87390000000005,156.20616519389117,689.351965,0.9905555555555555,892,1.0,1800,0.925,361,05,1,alert,easy,6300
802.1424211666667,813.7561000000001,361.20048091942186,1398.2093849999999,0.5877777777777777,211,0.6677777777777778,219,0.3111111111111111,108,05,0,sleepy,easy,0
829.3442571111111,846.94775,332.8582418942492,1362.881655,0.5638888888888889,211,0.64,219,0.27944444444444444,108,05,0,sleepy,easy,900
878.8616141666666,898.3596,343.9895264941574,1442.046325,0.5033333333333333,158,0.5855555555555556,168,0.25222222222222224,59,05,0,sleepy,easy,1800
816.4917895555556,820.9098,333.24924404337867,1384.5074599999998,0.5816666666666667,158,0.6688888888888889,168,0.31666666666666665,59,05,0,sleepy,easy,2700
945.9171685555557,917.8614,409.9595244019961,1663.232415,0.48444444444444446,93,0.5544444444444444,146,0.23,39,05,0,sleepy,easy,3600
1124.1341115555556,1111.94155,430.50563181201176,1797.94743,0.35055555555555556,91,0.4061111111111111,146,0.12611111111111112,40,05,0,sleepy,easy,4500
1104.2275032777777,1128.12445,425.4339972388507,1749.6321099999998,0.325,91,0.3761111111111111,134,0.14555555555555555,40,05,0,sleepy,easy,5400
1234.1141127777778,1225.2165,510.46285937380145,1922.1912099999997,0.2311111111111111,56,0.2738888888888889,84,0.11444444444444445,20,05,0,sleepy,easy,6300
419.5468173888888,383.3112,224.65050291633145,914.8623,0.9488888888888889,630,0.9572222222222222,630,0.8516666666666667,540,06,1,alert,easy,0
466.18308183333335,422.6263,213.22031549695407,833.2325199999999,0.9644444444444444,1002,0.9716666666666667,1260,0.7527777777777778,370,06,1,alert,easy,900
555.9519501666667,542.4661000000001,216.09848712791162,904.3865349999999,0.9477777777777778,725,0.9677777777777777,726,0.5955555555555555,270,06,1,alert,easy,1800
546.8149608333334,537.2619,183.34241631898513,860.2122649999999,0.9644444444444444,627,0.99,717,0.665,217,06,1,alert,easy,2700
530.8853748888889,514.64355,161.98065590749786,861.696585,0.9611111111111111,1022,0.98,1116,0.7688888888888888,180,06,1,alert,easy,3600
525.5686825,509.13505,156.4671665452168,834.010595,0.9672222222222222,711,0.9816666666666667,1260,0.8016666666666666,262,06,1,alert,easy,4500
553.9436122777778,543.22785,169.2480449712574,852.4006299999999,0.9644444444444444,785,0.9911111111111112,1354,0.6933333333333334,262,06,1,alert,easy,5400
550.2552352222222,534.0744500000001,161.01001034709958,843.401135,0.9694444444444444,1260,0.9911111111111112,1273,0.7077777777777777,294,06,1,alert,easy,6300
515.3998452222222,518.0777,115.60793560361552,732.196455,0.9972222222222222,1389,1.0,1800,0.8811111111111111,294,06,1,alert,easy,7200
904.7963877777779,771.3704,581.5057392267985,1948.7358499999998,0.6222222222222222,170,0.6583333333333333,172,0.40055555555555555,86,06,0,sleepy,easy,0
924.7091042222222,828.4377,479.51655446845973,1904.883545,0.5694444444444444,163,0.6316666666666667,199,0.31666666666666665,69,06,0,sleepy,easy,900
873.4144163888889,861.1983,435.4157682044295,1688.45487,0.53,163,0.6122222222222222,199,0.3277777777777778,69,06,0,sleepy,easy,1800
840.0396662777779,852.52945,384.7248433655956,1562.58155,0.5522222222222222,152,0.6466666666666666,248,0.29333333333333333,73,06,0,sleepy,easy,2700
763.2889910555556,741.0161499999999,304.24768124102934,1260.07005,0.6861111111111111,189,0.7661111111111111,248,0.32944444444444443,73,06,0,sleepy,easy,3600
783.7100663333333,795.85985,356.02176044469405,1357.51128,0.6411111111111111,189,0.7205555555555555,231,0.31555555555555553,85,06,0,sleepy,easy,4500
806.0254850000001,869.8362,364.99138822519063,1342.0485049999997,0.5338888888888889,129,0.6561111111111111,179,0.2861111111111111,100,06,0,sleepy,easy,5400
859.9994215,819.33665,451.47162950274,1701.156415,0.5805555555555556,125,0.6777777777777778,179,0.30944444444444447,100,06,0,sleepy,easy,6300
918.9507920555556,792.6708,501.2641808521367,1973.1821249999998,0.6177777777777778,106,0.6811111111111111,128,0.3088888888888889,92,06,0,sleepy,easy,7200
892.1503074999999,882.3732,341.3964241175305,1437.3000849999999,0.5261111111111111,69,0.6666666666666666,159,0.16555555555555557,28,07,1,alert,easy,0
935.4298271666667,957.5957000000001,325.43373930063785,1389.0759549999996,0.3983333333333333,75,0.5372222222222223,90,0.13055555555555556,15,07,1,alert,easy,900
901.5947999444444,966.5383999999999,299.92332141205986,1306.4669049999998,0.395,97,0.5183333333333333,153,0.16444444444444445,25,07,1,alert,easy,1800
882.6723594999999,920.6096,277.07818431539,1278.59923,0.4633333333333333,97,0.6183333333333333,153,0.1438888888888889,25,07,1,alert,easy,2700
918.8125735555556,945.4737,253.5053528245383,1248.7696049999997,0.3877777777777778,76,0.5833333333333334,90,0.10277777777777777,13,07,1,alert,easy,3600
905.7958775,959.42455,272.3420756489769,1210.356435,0.3438888888888889,35,0.5377777777777778,97,0.13555555555555557,22,07,1,alert,easy,4500
795.9908587777777,829.6197999999999,289.4265002659785,1149.975035,0.6072222222222222,123,0.7305555555555555,348,0.2477777777777778,27,07,1,alert,easy,5400
660.5060746666666,638.5425,265.82090202922745,1057.5345249999996,0.8961111111111111,238,0.9305555555555556,348,0.46,31,07,1,alert,easy,6300
613.5131336666667,601.2229500000001,281.6764166750917,905.15654,0.9477777777777778,284,0.9594444444444444,449,0.5777777777777777,35,07,1,alert,easy,7200
1023.5489065555555,945.3281,425.7924192723769,1783.5175399999998,0.45222222222222225,58,0.5283333333333333,59,0.15222222222222223,44,07,0,sleepy,easy,0
1018.6533022222221,947.0799999999999,421.10218619254886,1760.30161,0.465,58,0.5205555555555555,59,0.14,14,07,0,sleepy,easy,900
1071.0001270555554,1054.89005,423.05117673762027,1740.15592,0.37277777777777776,91,0.44222222222222224,91,0.13555555555555557,41,07,0,sleepy,easy,1800
1155.2552187222223,1171.29225,465.4037348876864,1902.4833899999996,0.325,91,0.37277777777777776,91,0.14777777777777779,41,07,0,sleepy,easy,2700
1242.727551,1280.29585,490.2314979956128,2039.21973,0.26055555555555554,61,0.28555555555555556,74,0.13,33,07,0,sleepy,easy,3600
1175.8054081666667,1115.37885,507.3847415285088,2058.74635,0.335,48,0.3861111111111111,48,0.12666666666666668,18,07,0,sleepy,easy,4500
1058.2131833888889,966.3896500000001,490.5957867702027,2038.7520399999999,0.41944444444444445,30,0.5122222222222222,46,0.12833333333333333,12,07,0,sleepy,easy,5400
1086.3232478333334,1024.33025,467.3719164502532,1839.581215,0.3411111111111111,30,0.4361111111111111,33,0.11333333333333333,13,07,0,sleepy,easy,6300
1222.6853729444447,1136.1826,554.8417914390944,2526.83524,0.2361111111111111,24,0.3138888888888889,28,0.09777777777777778,13,07,0,sleepy,easy,7200
200.7945583333333,159.09109999999998,168.66472919010985,563.332329999999,0.9911111111111112,598,0.9933333333333333,932,0.955,286,08,1,alert,easy,0
217.45760483333333,166.86669999999998,178.48316434241045,600.705935,0.99,778,0.9933333333333333,778,0.9522222222222222,286,08,1,alert,easy,900
257.2513133333333,219.01139999999998,171.67598662565214,648.1793299999999,0.99,485,0.995,777,0.9444444444444444,235,08,1,alert,easy,1800
256.2012931111111,220.034,180.58889255355078,630.2845349999994,0.9827777777777778,396,0.9938888888888889,689,0.9488888888888889,243,08,1,alert,easy,2700
204.67478983333334,144.39875,171.25162811631964,544.1420649999994,0.9855555555555555,780,0.995,956,0.9677777777777777,296,08,1,alert,easy,3600
189.02902411111114,154.266,147.76801227859775,488.76832499999995,0.9938888888888889,495,0.9944444444444445,495,0.9666666666666667,296,08,1,alert,easy,4500
247.17532183333333,205.04874999999998,165.17938979876465,594.903555,0.9877777777777778,817,0.9922222222222222,817,0.9522222222222222,253,08,1,alert,easy,5400
258.1634055,218.8333,168.31780954885207,607.2094749999998,0.9844444444444445,594,0.9905555555555555,595,0.9516666666666667,213,08,1,alert,easy,6300
236.76077872222226,193.13979999999998,166.7393631130331,625.1353499999998,0.9838888888888889,539,0.9877777777777778,539,0.95,213,08,1,alert,easy,7200
342.38603772222217,240.18845,278.8968420218957,924.08673,0.9322222222222222,598,0.975,598,0.8288888888888889,190,08,0,sleepy,easy,0
272.6189817222222,206.16255,215.784168175603,699.26857,0.985,792,0.985,792,0.9105555555555556,223,08,0,sleepy,easy,900
306.0000201111111,227.38715,248.54979064443356,780.0339799999996,0.9777777777777777,442,0.9811111111111112,442,0.88,194,08,0,sleepy,easy,1800
311.0534662222222,242.2055,236.74332784568412,803.6148549999997,0.9722222222222222,368,0.9766666666666667,368,0.9155555555555556,279,08,0,sleepy,easy,2700
323.2143766666667,258.20725000000004,242.98978543656673,797.5928,0.9627777777777777,354,0.9655555555555555,355,0.8966666666666666,279,08,0,sleepy,easy,3600
328.2095478888889,255.099,272.87958233175544,864.2215299999998,0.9544444444444444,298,0.9616666666666667,342,0.8788888888888889,296,08,0,sleepy,easy,4500
348.4625334444445,297.99565,263.14514388629897,769.2800349999997,0.9666666666666667,402,0.975,902,0.8966666666666666,222,08,0,sleepy,easy,5400
370.3399727777778,332.456,240.059482241949,805.028915,0.9811111111111112,581,0.9872222222222222,774,0.8555555555555555,222,08,0,sleepy,easy,6300
335.75771938888886,287.99475,229.34533077151343,811.789255,0.9788888888888889,581,0.985,774,0.8794444444444445,231,08,0,sleepy,easy,7200
209.37941833333335,136.2461,206.22624213288253,716.4220250000001,0.9861111111111112,443,0.995,851,0.9311111111111111,167,09,1,alert,easy,0
210.44095716666666,136.9379,204.38635348101437,694.5676100000001,0.9866666666666667,712,0.9944444444444445,898,0.9366666666666666,135,09,1,alert,easy,900
192.2737003333333,136.2625,175.00828244239162,595.511135,0.9961111111111111,1612,0.9961111111111111,1612,0.9605555555555556,178,09,1,alert,easy,1800
174.57763094444442,128.5029,149.67036324748324,502.78938,0.9983333333333333,1272,0.9983333333333333,1272,0.9788888888888889,363,09,1,alert,easy,2700
184.05531605555552,133.92905000000002,157.84557382041538,556.198985,0.9933333333333333,713,0.9966666666666667,713,0.9711111111111111,210,09,1,alert,easy,3600
197.77559838888888,143.1363,162.25315709575486,592.0001149999999,0.995,1291,0.9983333333333333,1609,0.9583333333333334,173,09,1,alert,easy,4500
187.6647903888889,139.78015,163.27154365199883,580.002795,0.9961111111111111,1093,1.0,1800,0.9605555555555556,332,09,1,alert,easy,5400
187.54050650000002,144.9207,165.35527585330573,543.0033,0.9944444444444445,1157,0.9983333333333333,1440,0.9638888888888889,332,09,1,alert,easy,6300
197.5795405,152.6859,154.59073000707298,540.80437,0.9972222222222222,1180,0.9983333333333333,1257,0.9638888888888889,278,09,1,alert,easy,7200
553.8571737222222,494.95889999999997,408.50667432074135,1408.6827049999997,0.8827777777777778,163,0.9066666666666666,191,0.6483333333333333,108,09,0,sleepy,easy,0
599.4907643888888,534.9855500000001,405.6999535171514,1475.2234899999999,0.8672222222222222,163,0.9016666666666666,169,0.6266666666666667,108,09,0,sleepy,easy,900
724.6514410555556,610.07485,529.8550016257071,2014.6735249999995,0.8088888888888889,141,0.8477777777777777,178,0.525,124,09,0,sleepy,easy,1800
743.0177888333334,589.75205,658.5593157822975,2118.888475,0.8216666666666667,141,0.8672222222222222,178,0.55,124,09,0,sleepy,easy,2700
617.7631875555556,520.4863,570.5416644724482,1209.8692099999998,0.8822222222222222,121,0.9105555555555556,172,0.6661111111111111,83,09,0,sleepy,easy,3600
500.64241722222226,425.12545,389.2303557846373,1215.1732899999997,0.9061111111111111,194,0.9188888888888889,194,0.7661111111111111,99,09,0,sleepy,easy,4500
697.1562605555556,517.52635,661.4826621361784,2033.1132499999992,0.7694444444444445,218,0.7916666666666666,218,0.6161111111111112,99,09,0,sleepy,easy,5400
741.2640718333333,606.2396,605.0152234996716,1846.64844,0.7572222222222222,268,0.8,269,0.5277777777777778,91,09,0,sleepy,easy,6300
638.4678483888888,577.7850000000001,449.81060971886757,1616.01184,0.8594444444444445,268,0.8961111111111111,269,0.6038888888888889,74,09,0,sleepy,easy,7200
349.4846016111111,331.21515,198.06264841934254,703.13667,0.9838888888888889,1083,0.9961111111111111,1084,0.9233333333333333,693,10,1,alert,easy,0
313.38577227777773,293.45355,164.0838375085094,615.4896449999999,1.0,1800,1.0,1800,0.9533333333333334,693,10,1,alert,easy,900
260.4011096666667,247.25869999999998,156.01821865178363,563.4300799999999,1.0,1800,1.0,1800,0.975,1095,10,1,alert,easy,1800
242.06888800000002,242.8065,151.57108307533323,506.618005,1.0,1800,1.0,1800,0.9827777777777778,990,10,1,alert,easy,2700
277.54128083333336,260.73834999999997,151.88683006103372,566.783205,1.0,1800,1.0,1800,0.9711111111111111,635,10,1,alert,easy,3600
278.984789,259.28265,141.3496229641458,558.1525699999999,0.9988888888888889,1306,1.0,1800,0.975,489,10,1,alert,easy,4500
264.4435979444445,245.98985,161.07262268223712,574.6350449999998,0.9966666666666667,762,1.0,1800,0.9683333333333334,759,10,1,alert,easy,5400
278.41029299999997,260.5087,161.74142464801866,585.7481599999999,0.9977777777777778,1295,1.0,1800,0.9644444444444444,423,10,1,alert,easy,6300
277.3209707777778,262.64615000000003,145.42197497568498,548.3652049999997,1.0,1800,1.0,1800,0.9727777777777777,515,10,1,alert,easy,7200
430.5552987777778,413.69674999999995,230.68159014658082,800.8450700000001,0.9888888888888889,606,0.9933333333333333,828,0.795,152,10,0,sleepy,easy,0
378.7150927777778,369.2665,201.9580157237602,715.4934949999999,0.9911111111111112,789,0.995,790,0.8844444444444445,200,10,0,sleepy,easy,900
307.37070600000004,260.98365,180.16654347923387,639.79891,0.9927777777777778,1555,0.9966666666666667,1584,0.9433333333333334,479,10,0,sleepy,easy,1800
285.8936483888889,253.97435000000002,151.61122907979214,584.7551149999999,1.0,1800,1.0,1800,0.965,455,10,0,sleepy,easy,2700
336.8826145,309.1553,181.04978642931113,676.139935,0.9933333333333333,1166,0.9944444444444445,1166,0.9322222222222222,329,10,0,sleepy,easy,3600
345.90393216666666,310.8625,178.09491752988282,675.49072,0.9933333333333333,1521,0.9944444444444445,1521,0.9211111111111111,389,10,0,sleepy,easy,4500
324.80674922222227,282.0461,177.2946107451632,664.99766,1.0,1800,1.0,1800,0.9161111111111111,389,10,0,sleepy,easy,5400
328.6825397222222,290.56665,173.66397695741446,657.512495,0.9988888888888889,1258,1.0,1800,0.9311111111111111,270,10,0,sleepy,easy,6300
328.6570593888889,297.169,170.73397996524722,618.4704949999999,0.9922222222222222,829,0.9955555555555555,1193,0.9527777777777777,225,10,0,sleepy,easy,7200
537.9699833333334,486.5691,245.26211439076104,1093.22405,0.9022222222222223,182,0.9205555555555556,205,0.7794444444444445,176,11,1,alert,easy,0
539.7458252222223,484.6344,234.4558043640024,1026.28818,0.9083333333333333,127,0.9361111111111111,221,0.7477777777777778,79,11,1,alert,easy,900
538.266037,476.92295,250.58884284010077,1050.2102049999999,0.9061111111111111,123,0.9322222222222222,221,0.7433333333333333,63,11,1,alert,easy,1800
530.4130186111112,468.88054999999997,254.3617766879919,1104.987625,0.9116666666666666,137,0.9222222222222223,137,0.7733333333333333,60,11,1,alert,easy,2700
463.3617150555556,420.72615,223.36574347089712,920.60742,0.9455555555555556,222,0.955,278,0.8394444444444444,121,11,1,alert,easy,3600
465.65270316666664,422.09595,209.6303341054611,879.4038999999998,0.955,222,0.9688888888888889,278,0.8388888888888889,121,11,1,alert,easy,4500
558.4139946111111,489.826,246.73977150635366,1101.876235,0.9166666666666666,134,0.9316666666666666,177,0.7572222222222222,73,11,1,alert,easy,5400
570.7094328888888,492.09195,252.3434249358099,1149.5175499999998,0.9038888888888889,137,0.9155555555555556,137,0.7644444444444445,84,11,1,alert,easy,6300
505.67877461111107,429.28255,246.76087361634842,1100.4112349999998,0.9127777777777778,237,0.9294444444444444,237,0.805,204,11,1,alert,easy,7200
798.4835844444444,640.78935,488.8230598196882,1931.95262,0.7655555555555555,245,0.78,412,0.46944444444444444,122,11,0,sleepy,easy,0
780.0307892222221,662.8703,501.7929793746547,1929.4207749999998,0.7322222222222222,320,0.7877777777777778,533,0.45222222222222225,153,11,0,sleepy,easy,900
623.4236915555555,615.39665,286.40300570291544,1086.0350999999998,0.8011111111111111,324,0.86,330,0.525,129,11,0,sleepy,easy,1800
641.3277488888888,597.34155,232.1153914563988,1081.92514,0.8627777777777778,685,0.8811111111111111,734,0.5588888888888889,154,11,0,sleepy,easy,2700
618.5976453888888,574.9847500000001,166.33184861721227,926.06954,0.9361111111111111,553,0.9705555555555555,553,0.6288888888888889,130,11,0,sleepy,easy,3600
608.9664843333334,566.7085,179.05922813909805,932.154945,0.9322222222222222,255,0.9661111111111111,336,0.6277777777777778,87,11,0,sleepy,easy,4500
681.8669626666667,644.54675,234.92342149012953,1111.11648,0.8061111111111111,157,0.8405555555555555,336,0.4727777777777778,71,11,0,sleepy,easy,5400
702.5774439999999,664.96805,314.02331031197497,1218.42655,0.7483333333333333,247,0.7827777777777778,292,0.43222222222222223,138,11,0,sleepy,easy,6300
591.5772291111111,535.46655,295.9302005355813,1195.8773999999999,0.8977777777777778,266,0.9133333333333333,292,0.6177777777777778,151,11,0,sleepy,easy,7200
289.06388355555555,247.75965000000002,205.78287270210538,707.25898,0.9811111111111112,717,0.9911111111111112,718,0.9144444444444444,265,12,1,alert,easy,0
321.9950771666667,293.52004999999997,193.3280698832748,653.030265,0.9933333333333333,1255,0.995,1378,0.9322222222222222,445,12,1,alert,easy,900
443.3518772777778,463.7931,191.0171236073504,689.70948,0.9905555555555555,695,0.9916666666666667,695,0.8577777777777778,269,12,1,alert,easy,1800
469.4466439444445,475.74834999999996,149.97577904784444,692.4750049999999,0.9916666666666667,785,0.9955555555555555,1595,0.88,187,12,1,alert,easy,2700
417.30478055555557,384.3039,168.30891866040054,706.5288149999999,0.9911111111111112,810,0.9972222222222222,1539,0.9005555555555556,311,12,1,alert,easy,3600
531.0801317222223,564.2597,215.05963687714012,850.437815,0.9744444444444444,639,0.9861111111111112,639,0.6172222222222222,181,12,1,alert,easy,4500
672.3074418333333,665.18085,144.02214996348036,906.0632899999998,0.9455555555555556,206,0.9744444444444444,388,0.3838888888888889,95,12,1,alert,easy,5400
617.9491500555556,607.59035,175.3029070604194,885.049275,0.9538888888888889,525,0.9777777777777777,526,0.5466666666666666,95,12,1,alert,easy,6300
590.6948020555556,579.2055,187.10820803363717,875.8434299999999,0.9583333333333334,632,0.9733333333333334,633,0.6322222222222222,143,12,1,alert,easy,7200
532.4291244444445,498.34425,274.0725638677449,1043.3384,0.8822222222222222,615,0.9211111111111111,660,0.67,268,12,0,sleepy,easy,0
539.1373508888888,505.0242,255.72212889766095,1062.0887349999996,0.9161111111111111,615,0.9411111111111111,660,0.6866666666666666,268,12,0,sleepy,easy,900
561.7351946111112,531.5595000000001,242.13666432073632,1073.9650349999997,0.9144444444444444,715,0.9333333333333333,716,0.6622222222222223,194,12,0,sleepy,easy,1800
545.9436478888889,549.4665,244.94004302719378,958.4954849999997,0.935,595,0.9533333333333334,1056,0.6088888888888889,198,12,0,sleepy,easy,2700
636.0347351111111,642.40365,248.92059006263602,1081.19878,0.875,531,0.9061111111111111,651,0.46,198,12,0,sleepy,easy,3600
633.5255312777778,605.77635,221.6478888184279,1061.287345,0.8711111111111111,347,0.9094444444444445,410,0.5422222222222223,90,12,0,sleepy,easy,4500
588.0283427777778,565.23885,215.30111176177095,1049.682755,0.9088888888888889,381,0.9316666666666666,561,0.6561111111111111,90,12,0,sleepy,easy,5400
630.652189,594.9775999999999,215.5229338657862,1108.149335,0.8905555555555555,287,0.9211111111111111,466,0.5683333333333334,90,12,0,sleepy,easy,6300
252.29665244444448,235.0436,142.76794332007978,499.643105,1.0,1800,1.0,1800,0.9738888888888889,649,13,1,alert,easy,0
231.65739505555555,222.35105,141.3979794273574,505.9196599999997,0.9983333333333333,1080,1.0,1800,0.9777777777777777,829,13,1,alert,easy,900
235.176588,217.8302,150.13455471762964,549.61097,0.9983333333333333,1617,1.0,1800,0.9766666666666667,382,13,1,alert,easy,1800
233.93498533333334,202.73874999999998,151.96964122218276,549.61097,1.0,1800,1.0,1800,0.9766666666666667,577,13,1,alert,easy,2700
249.3374516111111,214.8441,149.00226838138423,557.7573849999999,1.0,1800,1.0,1800,0.9677777777777777,483,13,1,alert,easy,3600
249.414205,203.09975,162.2633701669705,628.788625,0.9994444444444445,1393,1.0,1800,0.9488888888888889,153,13,1,alert,easy,4500
238.027396,181.8378,181.41735201720613,663.3454399999999,0.9977777777777778,681,1.0,1800,0.9366666666666666,264,13,1,alert,easy,5400
247.23255783333335,209.3442,170.1720133675704,635.99702,0.9955555555555555,792,0.9977777777777778,1070,0.9466666666666667,264,13,1,alert,easy,6300
264.44515194444443,229.39375,149.8899455692336,622.1899699999999,0.9972222222222222,1625,0.9977777777777778,1626,0.9511111111111111,232,13,1,alert,easy,7200
510.89908433333335,498.8072,209.56045665154994,859.830325,0.9605555555555556,425,0.9755555555555555,476,0.725,242,13,0,sleepy,easy,0
481.82633116666665,481.9097,197.116733445666,826.68223,0.9844444444444445,389,0.9927777777777778,451,0.7866666666666666,242,13,0,sleepy,easy,900
478.9230063333333,469.7664,193.0304445074494,811.88432,0.98,674,0.9944444444444445,747,0.7938888888888889,175,13,0,sleepy,easy,1800
434.1841008888889,421.37985000000003,178.04776915409974,769.0909399999998,0.9883333333333333,717,0.9983333333333333,1274,0.8638888888888889,313,13,0,sleepy,easy,2700
432.1691430555556,424.77695,178.43368765944373,751.2298900000001,0.9894444444444445,983,0.9927777777777778,1167,0.8677777777777778,313,13,0,sleepy,easy,3600
448.4693472777778,453.97465,204.81745375029587,834.858205,0.9588888888888889,720,0.9683333333333334,720,0.8488888888888889,283,13,0,sleepy,easy,4500
452.3190772222222,456.6892,202.86733370846207,823.3146249999999,0.9661111111111111,1207,0.9755555555555555,1620,0.8361111111111111,283,13,0,sleepy,easy,5400
427.91509488888886,427.76279999999997,192.56943180224573,783.201045,0.9944444444444445,734,0.9988888888888889,1227,0.8355555555555556,285,13,0,sleepy,easy,6300
353.2052161111111,326.91745000000003,188.73896107327027,732.3258949999995,0.9961111111111111,1440,0.9988888888888889,1471,0.9061111111111111,285,13,0,sleepy,easy,7200
226.5952543888889,196.934,168.9155466838026,575.1749399999999,0.9955555555555555,1522,1.0,1800,0.9533333333333334,413,14,1,alert,easy,0
219.0212708888889,198.05175,145.1839329988499,485.175125,1.0,1800,1.0,1800,0.9716666666666667,593,14,1,alert,easy,900
225.17839666666666,206.148,140.30551511246924,485.175125,1.0,1800,1.0,1800,0.9783333333333334,620,14,1,alert,easy,1800
215.56898727777775,202.62484999999998,120.53851629440723,435.7101449999999,1.0,1800,1.0,1800,0.9911111111111112,891,14,1,alert,easy,2700
211.36146405555553,188.84775,134.0640279785568,481.26606999999996,1.0,1800,1.0,1800,0.985,632,14,1,alert,easy,3600
192.91224383333335,165.05450000000002,132.86936655386094,459.4519299999997,1.0,1800,1.0,1800,0.9838888888888889,718,14,1,alert,easy,4500
199.46210616666664,177.941,118.71277629292443,412.0992,1.0,1800,1.0,1800,0.9844444444444445,988,14,1,alert,easy,5400
227.17423855555555,209.3621,116.80349760680986,431.585315,1.0,1800,1.0,1800,0.9822222222222222,540,14,1,alert,easy,6300
231.28034094444445,228.31225,98.5316563936063,406.2627049999999,1.0,1800,1.0,1800,0.9922222222222222,1440,14,1,alert,easy,7200
602.2497759444445,523.30765,394.894540428511,1108.9564500000001,0.8833333333333333,702,0.9172222222222223,1101,0.6311111111111111,412,14,0,sleepy,easy,0
436.00257011111114,423.06915,206.31143174989663,858.47679,0.9638888888888889,878,0.9772222222222222,1076,0.8533333333333334,412,14,0,sleepy,easy,900
415.5086903333333,394.41409999999996,234.60147664223265,882.754235,0.9605555555555556,828,0.9716666666666667,1107,0.8444444444444444,199,14,0,sleepy,easy,1800
396.5278179444445,375.55955,218.75040298730818,828.413775,0.9911111111111112,627,0.9927777777777778,657,0.8538888888888889,199,14,0,sleepy,easy,2700
381.30360083333335,371.61935,195.08133138121337,747.39217,0.9905555555555555,1262,0.9938888888888889,1406,0.8966666666666666,254,14,0,sleepy,easy,3600
383.9679805555555,373.01275,186.89451307816626,699.51248,0.9866666666666667,659,0.9933333333333333,779,0.905,252,14,0,sleepy,easy,4500
429.47277733333334,409.6522,223.65020378572882,821.2153849999999,0.9644444444444444,670,0.9766666666666667,676,0.8344444444444444,252,14,0,sleepy,easy,5400
385.80612166666674,342.7578,231.8374759591773,812.4712450000001,0.9661111111111111,557,0.9766666666666667,611,0.8566666666666667,304,14,0,sleepy,easy,6300
501.3825093888889,483.51059999999995,142.88366654224595,790.6629749999997,0.9872222222222222,512,0.9927777777777778,762,0.8422222222222222,154,15,1,alert,easy,0
496.0536778333333,471.1316,163.06578275422584,806.8442299999999,0.9766666666666667,477,0.9877777777777778,809,0.8366666666666667,128,15,1,alert,easy,900
493.1843457777778,469.4944,168.30226333551775,819.323645,0.9711111111111111,324,0.9838888888888889,480,0.835,142,15,1,alert,easy,1800
467.993429,440.00559999999996,161.6823551177269,791.0543,0.9755555555555555,625,0.9855555555555555,910,0.8588888888888889,217,15,1,alert,easy,2700
491.26277127777774,462.14015,170.61759418991522,801.2317449999998,0.9861111111111112,625,0.9927777777777778,941,0.7766666666666666,217,15,1,alert,easy,3600
512.7968616666667,498.65615,149.12343585948014,794.7195649999999,0.9927777777777778,888,1.0,1800,0.7672222222222222,185,15,1,alert,easy,4500
517.3149899444445,492.29465,158.37132737250698,846.3543799999999,0.9733333333333334,509,0.9877777777777778,992,0.7861111111111111,185,15,1,alert,easy,5400
498.37705555555556,449.0362,178.47692816020603,866.86271,0.9627777777777777,363,0.9811111111111112,420,0.8044444444444444,145,15,1,alert,easy,6300
470.0780686666667,444.83365000000003,148.73929092948535,777.99733,0.9794444444444445,462,0.9933333333333333,1145,0.8855555555555555,175,15,1,alert,easy,7200
709.4738181666667,732.8788999999999,314.4093051205056,1237.55723,0.765,261,0.8383333333333334,262,0.3861111111111111,88,15,0,sleepy,easy,0
675.8372469444445,621.9963,336.1389677884064,1278.5844749999999,0.7666666666666667,335,0.8161111111111111,360,0.5016666666666667,172,15,0,sleepy,easy,900
640.5415928888889,596.8508999999999,293.4218515449095,1199.27799,0.825,366,0.8805555555555555,391,0.545,172,15,0,sleepy,easy,1800
577.0154613333333,564.0381,276.8446404476383,1067.6188399999999,0.8927777777777778,789,0.93,929,0.6505555555555556,263,15,0,sleepy,easy,2700
536.5288276666666,504.88120000000004,240.9263915800499,935.50639,0.9344444444444444,692,0.9566666666666667,792,0.6794444444444444,263,15,0,sleepy,easy,3600
534.1603974999999,497.04175,244.907471908653,974.71864,0.9272222222222222,301,0.9505555555555556,375,0.6655555555555556,185,15,0,sleepy,easy,4500
596.1641259444444,596.4259500000001,231.33729373968282,990.277705,0.905,375,0.9355555555555556,480,0.5588888888888889,185,15,0,sleepy,easy,5400
772.2290133333333,712.45555,342.46187673031545,1429.4313949999998,0.7438888888888889,143,0.7922222222222223,179,0.33166666666666667,70,15,0,sleepy,easy,6300
843.156258111111,773.0785000000001,422.78158103879804,1627.28561,0.6372222222222222,143,0.6944444444444444,164,0.3061111111111111,44,15,0,sleepy,easy,7200
401.31617066666666,359.39324999999997,188.9521475522234,797.20307,0.9688888888888889,346,0.9822222222222222,382,0.8844444444444445,136,16,1,alert,easy,0
419.7866069444445,380.2039,178.32481952720812,786.928975,0.9722222222222222,417,0.9783333333333334,417,0.8805555555555555,89,16,1,alert,easy,900
413.195358,381.42629999999997,190.80042944680255,751.2465049999998,0.9755555555555555,361,0.9783333333333334,361,0.8955555555555555,89,16,1,alert,easy,1800
454.21408472222225,424.8823,184.499820211029,758.748935,0.9744444444444444,435,0.9816666666666667,466,0.8888888888888888,146,16,1,alert,easy,2700
490.03666311111107,459.0871,153.8986959934653,776.1425199999996,0.975,484,0.9866666666666667,757,0.8861111111111111,146,16,1,alert,easy,3600
486.4326700555556,462.0638,138.29626359726439,736.155425,0.9827777777777778,629,0.9888888888888889,630,0.8844444444444445,143,16,1,alert,easy,4500
478.61306938888896,463.4792,123.32717711078452,693.90845,0.9933333333333333,957,0.9938888888888889,957,0.8977777777777778,115,16,1,alert,easy,5400
484.08981916666664,474.3553,114.44871496970269,686.28581,0.9955555555555555,1173,0.9961111111111111,1310,0.9133333333333333,127,16,1,alert,easy,6300
468.27280888888896,451.0371,136.4021452143139,689.542245,0.9833333333333333,327,0.9888888888888889,410,0.9144444444444444,154,16,1,alert,easy,7200
788.2004836666666,783.6957,344.3531224622725,1428.883275,0.73,111,0.835,112,0.315,40,16,0,sleepy,easy,0
727.4866286111111,661.42385,367.1495569755007,1496.4708,0.7494444444444445,113,0.8561111111111112,113,0.43777777777777777,77,16,0,sleepy,easy,900
706.5768541666666,646.1892,334.2276319425224,1406.4805399999998,0.7994444444444444,108,0.8566666666666667,231,0.445,77,16,0,sleepy,easy,1800
691.2742965555556,636.9069999999999,294.6828159988449,1237.3824249999998,0.8116666666666666,145,0.8466666666666667,339,0.4722222222222222,144,16,0,sleepy,easy,2700
719.5151493333334,671.2488000000001,305.058799886777,1277.130715,0.7627777777777778,145,0.7994444444444444,158,0.4222222222222222,144,16,0,sleepy,easy,3600
747.3035886666668,658.0201,402.3294652629425,1670.7441900000001,0.7611111111111111,155,0.7983333333333333,155,0.44166666666666665,103,16,0,sleepy,easy,4500
708.3295797777779,580.66035,465.8482348218097,1961.62936,0.8266666666666667,218,0.8511111111111112,218,0.5861111111111111,103,16,0,sleepy,easy,5400
552.7441747777777,478.7713,402.976189982394,1279.6311950000002,0.885,234,0.9083333333333333,234,0.7033333333333334,232,16,0,sleepy,easy,6300
495.1306615,450.0167,309.20571916113045,1011.1630349999995,0.9266666666666666,234,0.9483333333333334,234,0.7177777777777777,232,16,0,sleepy,easy,7200
433.2484017222222,422.9911,148.42209769047895,684.460915,0.9833333333333333,709,0.9888888888888889,710,0.9338888888888889,263,17,1,alert,easy,0
455.3411134444445,440.0943,143.51485540556098,701.0818749999999,0.9805555555555555,979,0.9894444444444445,1071,0.9138888888888889,235,17,1,alert,easy,900
454.4242181666666,437.56485,127.93010401907046,671.1105449999999,0.9861111111111112,734,0.995,1094,0.9244444444444444,286,17,1,alert,easy,1800
447.34844361111107,436.34275,143.74563511978562,637.1825449999999,0.9922222222222222,763,0.9933333333333333,928,0.945,286,17,1,alert,easy,2700
440.4122431111111,440.46225000000004,148.42814886168176,612.91944,0.9922222222222222,886,0.9933333333333333,1663,0.9605555555555556,498,17,1,alert,easy,3600
427.2517765555555,420.2993,133.08802916107655,614.021615,0.9938888888888889,804,0.9972222222222222,1095,0.9588888888888889,498,17,1,alert,easy,4500
457.5920065,453.31780000000003,133.57136803696324,664.078825,0.9938888888888889,1205,0.9972222222222222,1394,0.9172222222222223,240,17,1,alert,easy,5400
478.1040056111111,475.32460000000003,108.10564376887343,657.1132899999999,0.9988888888888889,899,0.9994444444444445,1710,0.9122222222222223,235,17,1,alert,easy,6300
435.4487248888889,431.82695,127.42534961515403,643.592445,0.9961111111111111,810,0.9977777777777778,882,0.94,235,17,1,alert,easy,7200
416.87972761111115,394.9975,226.00001035734707,775.5792349999998,0.9822222222222222,572,0.9872222222222222,595,0.7955555555555556,312,17,0,sleepy,easy,0
432.7603487222222,387.12205,251.08697190768038,864.022445,0.9533333333333334,572,0.9611111111111111,697,0.8283333333333334,312,17,0,sleepy,easy,900
515.9312413888889,507.68835,241.30565261672416,953.4069699999999,0.945,355,0.9533333333333334,411,0.7338888888888889,184,17,0,sleepy,easy,1800
537.6796642777778,543.8759,234.45420677587936,906.4268549999998,0.9477777777777778,355,0.955,411,0.6744444444444444,184,17,0,sleepy,easy,2700
574.6797474444445,556.6911,272.9811623004037,1104.623535,0.8777777777777778,287,0.9055555555555556,306,0.6194444444444445,179,17,0,sleepy,easy,3600
639.3003967777778,586.5249,326.05839339901286,1327.9609949999997,0.8033333333333333,247,0.8494444444444444,306,0.5827777777777777,179,17,0,sleepy,easy,4500
555.0441887777778,467.33825,334.5866253181712,1335.13593,0.8533333333333334,317,0.8794444444444445,318,0.6977777777777778,233,17,0,sleepy,easy,5400
416.06865350000004,372.05715,218.38950778566894,871.9051699999998,0.9533333333333334,323,0.96,330,0.8827777777777778,233,17,0,sleepy,easy,6300
426.6589523888889,413.6061,166.4382303026555,733.2597499999998,0.9838888888888889,323,0.9916666666666667,471,0.9038888888888889,174,17,0,sleepy,easy,7200
438.02751627777775,356.0906,285.3273614351269,1017.984665,0.85,630,0.9183333333333333,632,0.7955555555555556,540,18,1,alert,easy,0
483.5327105,510.4704,259.1915038154721,968.057915,0.9,1260,0.965,1262,0.73,579,18,1,alert,easy,900
573.9323524444444,549.4729,233.59979399524514,967.38593,0.9,810,0.9627777777777777,879,0.5844444444444444,270,18,1,alert,easy,1800
566.0700899444444,522.3777,215.58013115265587,876.6829999999984,0.95,1080,0.9744444444444444,1080,0.6,450,18,1,alert,easy,2700
487.8230448888889,472.2393,180.05449974917425,814.5925,1.0,1800,1.0,1800,0.7455555555555555,810,18,1,alert,easy,3600
471.81277855555555,450.4009,152.68871339296356,749.6475999999991,1.0,1800,1.0,1800,0.7983333333333333,360,18,1,alert,easy,4500
544.6627418333334,554.55795,202.89023436254033,898.0448899999998,0.95,1350,0.9994444444444445,1360,0.6027777777777777,360,18,1,alert,easy,5400
517.1832693333332,540.2273,215.8684748430103,821.3700099999961,0.95,1260,0.9994444444444445,1339,0.6877777777777778,540,18,1,alert,easy,6300
440.0846568333334,441.6554,146.12180456334005,720.0222,1.0,1800,1.0,1800,0.9377777777777778,900,18,1,alert,easy,7200
634.8358300555556,622.25565,292.1282325431575,1159.16995,0.81,540,0.8722222222222222,540,0.5038888888888889,212,18,0,sleepy,easy,0
671.1747299444445,625.5805,337.8961548007367,1361.898465,0.7616666666666667,372,0.8061111111111111,455,0.49833333333333335,147,18,0,sleepy,easy,900
736.6307487777779,718.5101999999999,357.0878024417187,1376.43059,0.6611111111111111,281,0.7116666666666667,283,0.41444444444444445,145,18,0,sleepy,easy,1800
789.8583372777778,797.6293000000001,279.63283937710963,1305.99875,0.6344444444444445,270,0.7344444444444445,270,0.2866666666666667,90,18,0,sleepy,easy,2700
738.341740111111,702.30015,219.50112363444288,1116.3666549999998,0.7711111111111111,423,0.8611111111111112,649,0.3461111111111111,90,18,0,sleepy,easy,3600
709.2999629444444,702.87905,222.49147786866718,1020.4779699999999,0.7961111111111111,386,0.9177777777777778,450,0.3511111111111111,90,18,0,sleepy,easy,4500
771.0200105555555,777.8351,252.063742569506,1183.6022349999998,0.6966666666666667,365,0.8116666666666666,367,0.22111111111111112,90,18,0,sleepy,easy,5400
748.6552547777778,728.43525,213.40909635911385,1160.83888,0.7894444444444444,270,0.8227777777777778,436,0.29888888888888887,90,18,0,sleepy,easy,6300
624.9178649999999,608.44595,225.8328787766634,1086.5863849999998,0.9022222222222223,564,0.93,565,0.5427777777777778,144,18,0,sleepy,easy,7200
308.04123711111106,243.0463,217.36147148379385,797.3956199999997,0.9694444444444444,432,0.9788888888888889,599,0.9116666666666666,263,19,1,alert,easy,0
277.1186514444444,220.16244999999998,219.21587888069678,763.3920699999999,0.9727777777777777,444,0.9772222222222222,599,0.9227777777777778,263,19,1,alert,easy,900
264.9170975555556,219.7419,180.31794290271057,665.3572249999999,0.9905555555555555,1344,0.9927777777777778,1344,0.94,278,19,1,alert,easy,1800
279.37951805555554,243.9201,158.06219600036067,617.0939999999999,0.9994444444444445,1224,1.0,1800,0.9516666666666667,278,19,1,alert,easy,2700
362.16415383333333,299.67485,237.69704155347557,869.8706099999996,0.9561111111111111,795,0.9683333333333334,1120,0.8894444444444445,176,19,1,alert,easy,3600
369.33491161111107,283.4828,259.7107201912527,953.662945,0.9372222222222222,269,0.9533333333333334,350,0.8766666666666667,93,19,1,alert,easy,4500
278.93872305555556,211.40125,223.38235656628714,832.9700349999998,0.9683333333333334,269,0.9761111111111112,400,0.9111111111111111,119,19,1,alert,easy,5400
291.14979322222223,241.4444,206.7638984930075,771.33377,0.9794444444444445,371,0.9877777777777778,454,0.9022222222222223,127,19,1,alert,easy,6300
318.1137787777778,270.0472,187.79618305718765,773.8781899999996,0.9794444444444445,371,0.9927777777777778,640,0.9044444444444445,127,19,1,alert,easy,7200
448.61708522222216,408.45145,238.63623353623709,869.39584,0.9711111111111111,614,0.99,792,0.7488888888888889,315,19,0,sleepy,easy,0
407.8475416666667,350.97005,224.84856156512802,867.8891699999999,0.9627777777777777,852,0.9822222222222222,852,0.8261111111111111,315,19,0,sleepy,easy,900
398.0525172777778,357.67859999999996,216.21463162968314,843.7078499999998,0.9694444444444444,674,0.9838888888888889,676,0.835,302,19,0,sleepy,easy,1800
364.17047222222226,330.05150000000003,199.34134801832215,794.6408299999998,0.9833333333333333,1089,0.9927777777777778,1090,0.87,423,19,0,sleepy,easy,2700
344.0071316666667,323.15004999999996,203.9083918167739,699.7939849999999,0.9905555555555555,1113,0.9938888888888889,1114,0.8677777777777778,423,19,0,sleepy,easy,3600
321.02581722222226,262.20505,217.80447646228782,725.686465,0.9838888888888889,412,0.9911111111111112,685,0.8811111111111111,256,19,0,sleepy,easy,4500
302.85671644444443,231.10815,204.9162530872692,730.095885,0.9894444444444445,512,0.9955555555555555,1159,0.8977777777777778,189,19,0,sleepy,easy,5400
320.5015241666667,223.5232,229.5142603974991,802.7367349999998,0.965,512,0.9822222222222222,752,0.8666666666666667,189,19,0,sleepy,easy,6300
346.4984255555555,273.334,217.93617729127757,786.398745,0.965,893,0.9805555555555555,894,0.895,164,19,0,sleepy,easy,7200
749.8373588888887,743.97135,191.24848026380272,1067.6731949999999,0.8383333333333334,247,0.9111111111111111,270,0.23722222222222222,48,20,1,alert,easy,0
767.3055014444444,780.2359,192.0300345049768,1029.2631299999998,0.8422222222222222,127,0.9327777777777778,230,0.17833333333333334,35,20,1,alert,easy,900
799.7461398888889,816.24785,172.058617251526,1015.88326,0.7538888888888889,112,0.9183333333333333,306,0.12277777777777778,25,20,1,alert,easy,1800
813.9975283888888,827.27685,144.5675047976376,1008.76792,0.7277777777777777,118,0.9172222222222223,198,0.08388888888888889,16,20,1,alert,easy,2700
790.1910861111112,792.6931999999999,147.37207549250934,1000.83402,0.7777777777777778,180,0.925,257,0.10555555555555556,21,20,1,alert,easy,3600
752.6007401666667,751.4619,154.1220983152726,979.65296,0.8438888888888889,180,0.9422222222222222,314,0.17166666666666666,24,20,1,alert,easy,4500
701.7127562777778,717.77675,171.74742975290096,950.705375,0.9144444444444444,194,0.965,314,0.2788888888888889,80,20,1,alert,easy,5400
684.5908913888888,680.8226500000001,179.02462727463177,973.951915,0.905,194,0.9505555555555556,270,0.33055555555555555,80,20,1,alert,easy,6300
716.2548847777776,714.7664,153.98597766943914,944.59995,0.9238888888888889,173,0.9622222222222222,361,0.20277777777777778,21,20,1,alert,easy,7200
952.6059536111112,967.7039500000001,331.4058565885437,1489.3963199999998,0.4033333333333333,145,0.5138888888888888,180,0.15888888888888889,90,20,0,sleepy,easy,0
851.5098888333333,852.0228999999999,316.53304434035874,1320.169925,0.5572222222222222,145,0.6816666666666666,180,0.22944444444444445,92,20,0,sleepy,easy,900
848.1394633888888,826.6052999999999,295.18377586496564,1280.58992,0.6094444444444445,183,0.7344444444444445,199,0.16555555555555557,92,20,0,sleepy,easy,1800
852.2337581666668,842.85315,196.7138786655783,1180.24336,0.6222222222222222,183,0.7383333333333333,199,0.09055555555555556,31,20,0,sleepy,easy,2700
899.5505669444445,886.08185,232.55812778055343,1337.915125,0.5255555555555556,127,0.6427777777777778,129,0.09555555555555556,31,20,0,sleepy,easy,3600
899.1809317222222,892.79395,241.06392736303292,1339.277865,0.5111111111111111,90,0.6266666666666667,129,0.08944444444444444,40,20,0,sleepy,easy,4500
707.9357379444444,688.9474,274.01673675074215,1160.244615,0.77,383,0.8188888888888889,385,0.37722222222222224,91,20,0,sleepy,easy,5400
609.1042339444446,599.7636500000001,248.55111262276924,1049.933775,0.895,302,0.925,449,0.5433333333333333,91,20,0,sleepy,easy,6300
698.1332506111112,718.2002,218.05919293326824,1023.467045,0.8483333333333334,331,0.9172222222222223,479,0.30777777777777776,90,20,0,sleepy,easy,7200
203.49959483333333,171.9069,174.46900385531438,502.64332499999983,0.9844444444444445,692,0.9894444444444445,693,0.965,302,01,1,alert,hard,0
197.55593550000003,163.5466,158.55018037158595,431.9004449999999,0.99,591,0.9938888888888889,990,0.9705555555555555,449,01,1,alert,hard,900
208.87418011111112,176.264,156.95636896512818,428.2716199999998,0.9883333333333333,660,0.9927777777777778,1128,0.9705555555555555,518,01,1,alert,hard,1800
206.8822497777778,168.3345,180.82724878219068,411.1697699999999,0.98,327,0.9844444444444445,327,0.9688888888888889,325,01,1,alert,hard,2700
208.5850081111111,163.11195,196.41001350246611,469.48444499999994,0.9738888888888889,343,0.9788888888888889,344,0.9616666666666667,343,01,1,alert,hard,3600
224.70997716666665,173.64475,204.06688168989217,643.391435,0.9672222222222222,343,0.9727777777777777,344,0.9466666666666667,343,01,1,alert,hard,4500
230.64163738888888,179.40595000000002,216.98967307075162,683.7111999999997,0.9633333333333334,225,0.9705555555555555,233,0.9394444444444444,223,01,1,alert,hard,5400
234.30163838888888,178.7708,239.76332891545195,800.2299949999993,0.9538888888888889,225,0.9633333333333334,225,0.9366666666666666,223,01,1,alert,hard,6300
476.76213722222224,406.6613,286.7825394864349,1081.7871399999997,0.9172222222222223,500,0.9266666666666666,501,0.78,284,01,0,sleepy,hard,0
452.43422894444444,425.60249999999996,300.58998507272776,1074.522705,0.9116666666666666,477,0.9222222222222223,484,0.7788888888888889,220,01,0,sleepy,hard,900
409.31240722222213,329.49505,308.64105964329684,1029.9570099999999,0.9227777777777778,488,0.9355555555555556,495,0.8,220,01,0,sleepy,hard,1800
522.0389146666666,440.3425,342.27783908656653,1181.5850849999997,0.87,239,0.9027777777777778,255,0.6788888888888889,171,01,0,sleepy,hard,2700
489.1910794444444,411.68065,338.743099493343,1149.5035499999994,0.8905555555555555,239,0.9238888888888889,255,0.7605555555555555,147,01,0,sleepy,hard,3600
448.1603093333333,377.7499,305.8952666492041,1026.9165949999995,0.9172222222222223,162,0.9422222222222222,167,0.8044444444444444,147,01,0,sleepy,hard,4500
542.3656016111112,476.1512,337.47147951145905,1145.0917049999998,0.8372222222222222,149,0.8827777777777778,153,0.6694444444444444,97,01,0,sleepy,hard,5400
582.8884616666668,492.19804999999997,372.06278887570033,1299.434315,0.7905555555555556,181,0.8361111111111111,181,0.6272222222222222,123,01,0,sleepy,hard,6300
380.44178305555556,369.7546,179.71146161032516,653.4587799999999,0.99,838,0.9955555555555555,1016,0.9177777777777778,508,02,1,alert,hard,0
298.2266600000001,286.6766,138.20803886184186,551.1326099999999,0.9988888888888889,1738,1.0,1800,0.9816666666666667,1025,02,1,alert,hard,900
278.3925951111111,255.16955000000002,162.78260662037377,604.5246,1.0,1800,1.0,1800,0.9583333333333334,1042,02,1,alert,hard,1800
305.6078311111111,266.15880000000004,181.8643566368322,689.1882999999999,1.0,1800,1.0,1800,0.9172222222222223,720,02,1,alert,hard,2700
311.3150568888889,245.32729999999998,216.80989333305033,724.8499049999999,0.9561111111111111,1721,0.9833333333333333,1722,0.9011111111111111,1075,02,1,alert,hard,3600
317.6335562777778,249.64069999999998,225.39154764246695,724.49128,0.9561111111111111,900,0.9833333333333333,900,0.8872222222222222,368,02,1,alert,hard,4500
355.3225316666667,289.1859,254.25778987279347,773.6840900000001,0.9538888888888889,997,0.9544444444444444,998,0.8505555555555555,720,02,1,alert,hard,5400
324.4397348888889,264.765,245.63735663842198,773.6840900000001,0.9538888888888889,1620,0.9544444444444444,1620,0.9055555555555556,1620,02,1,alert,hard,6300
510.7272340555555,499.6984,260.6055271434103,939.8484799999999,0.9388888888888889,271,0.9588888888888889,304,0.7444444444444445,135,02,0,sleepy,hard,0
407.4464206666667,381.3128,269.59206215904175,890.1676049999998,0.9511111111111111,528,0.965,528,0.8572222222222222,325,02,0,sleepy,hard,900
355.5186513333333,306.82975,246.6066405123571,837.7964399999998,0.9566666666666667,376,0.9677777777777777,377,0.8661111111111112,321,02,0,sleepy,hard,1800
382.2201132222222,321.5999,243.48692538703267,789.886175,0.9644444444444444,640,0.9772222222222222,642,0.8222222222222222,229,02,0,sleepy,hard,2700
380.2206278888889,282.31535,273.23740888908446,1054.80432,0.92,647,0.9288888888888889,648,0.8338888888888889,528,02,0,sleepy,hard,3600
460.5873004444444,350.4389,316.378081410012,1079.47948,0.8883333333333333,647,0.9005555555555556,648,0.7294444444444445,528,02,0,sleepy,hard,4500
538.3766595,470.69205,316.83900027606904,1193.627675,0.8761111111111111,320,0.8911111111111111,320,0.6505555555555556,269,02,0,sleepy,hard,5400
420.8361951666667,308.73109999999997,316.65373331997523,1134.8239199999998,0.9033333333333333,544,0.9172222222222223,940,0.7794444444444445,492,02,0,sleepy,hard,6300
223.78953449999997,204.536,128.77930117352025,445.05319499999996,0.9955555555555555,916,0.9966666666666667,1192,0.9827777777777778,419,03,1,alert,hard,0
201.1556042777778,178.67849999999999,127.46028762497865,443.78283999999996,0.9966666666666667,990,0.9966666666666667,990,0.9866666666666667,501,03,1,alert,hard,900
207.15957427777778,174.65685,146.8680105875397,474.24733999999995,0.9922222222222222,687,0.9927777777777778,687,0.9766666666666667,501,03,1,alert,hard,1800
268.00708983333334,227.58405,162.17690105358244,564.9208699999998,0.9916666666666667,631,0.9938888888888889,634,0.9566666666666667,413,03,1,alert,hard,2700
252.30629844444445,218.6184,157.68765113780486,592.1344749999998,0.9972222222222222,890,0.9994444444444445,1534,0.96,413,03,1,alert,hard,3600
186.06362294444446,146.14024999999998,155.68114129564867,535.2131899999999,0.995,1580,0.9966666666666667,1590,0.975,460,03,1,alert,hard,4500
183.6714016111111,120.42215,170.76551537223804,548.145905,0.9938888888888889,911,0.995,913,0.97,413,03,1,alert,hard,5400
190.4967961111111,156.18255,150.9107988047789,501.066405,0.9966666666666667,850,0.9983333333333333,947,0.9738888888888889,379,03,1,alert,hard,6300
490.6503954444444,417.54044999999996,297.20895711767787,1122.8329999999996,0.9172222222222223,199,0.9316666666666666,199,0.7833333333333333,89,03,0,sleepy,hard,0
533.9079915555556,440.11135,315.46929824954856,1230.692105,0.8883333333333333,199,0.9122222222222223,298,0.7627777777777778,89,03,0,sleepy,hard,900
599.2489200555556,483.4299,356.5102511530835,1384.5931749999997,0.8338888888888889,120,0.8583333333333333,167,0.6805555555555556,83,03,0,sleepy,hard,1800
588.7063976666666,491.37405,349.437871721908,1357.569935,0.8366666666666667,120,0.8588888888888889,157,0.6872222222222222,73,03,0,sleepy,hard,2700
520.4500186111111,408.90525,365.92376641524504,1224.9535399999997,0.8527777777777777,134,0.8838888888888888,169,0.7405555555555555,73,03,0,sleepy,hard,3600
565.4430290555556,460.03805,355.95825924772066,1200.4335349999997,0.8438888888888889,137,0.8827777777777778,169,0.665,66,03,0,sleepy,hard,4500
551.5624157777778,456.4022,305.611821394552,1173.0924,0.8594444444444445,137,0.8955555555555555,144,0.6838888888888889,41,03,0,sleepy,hard,5400
521.2262406666666,396.6598,340.2562476707047,1263.873,0.8588888888888889,92,0.8866666666666667,114,0.7433333333333333,63,03,0,sleepy,hard,6300
550.3875531666667,442.18435,326.73672268732435,1256.8239099999998,0.855,92,0.8844444444444445,148,0.7483333333333333,68,03,0,sleepy,hard,7200
764.7789968888889,778.47125,158.37037453347912,1009.20028,0.8233333333333334,366,0.9233333333333333,476,0.1988888888888889,39,04,1,alert,hard,0
804.4462954444444,807.7647999999999,153.48199141898448,1028.472095,0.7644444444444445,217,0.91,308,0.09777777777777778,42,04,1,alert,hard,900
744.0823402777778,743.5075999999999,152.818296234826,948.45217,0.8861111111111111,272,0.9672222222222222,453,0.17444444444444446,54,04,1,alert,hard,1800
756.7403741666667,760.0535,134.09664285142588,966.4313199999999,0.8738888888888889,385,0.9588888888888889,567,0.1438888888888889,54,04,1,alert,hard,2700
761.5565783333334,777.5693,130.16965228793802,951.2829449999999,0.87,385,0.9705555555555555,750,0.165,29,04,1,alert,hard,3600
784.4823378888889,798.4146000000001,130.81198296493616,985.9706199999999,0.8638888888888889,301,0.9416666666666667,930,0.11277777777777778,29,04,1,alert,hard,4500
801.5951555555556,803.2151,127.4471487777342,1028.86466,0.8172222222222222,231,0.9077777777777778,269,0.08611111111111111,35,04,1,alert,hard,5400
748.9701403888889,733.2779,151.31264553163447,998.928135,0.8511111111111112,545,0.9344444444444444,771,0.20833333333333334,38,04,1,alert,hard,6300
698.4900461666666,624.7887,241.6004476663452,1074.823165,0.7166666666666667,299,0.8405555555555555,322,0.5,285,04,0,sleepy,hard,0
642.7289511111111,614.5722000000001,222.9188671428629,974.034205,0.8377777777777777,498,0.9516666666666667,500,0.5177777777777778,285,04,0,sleepy,hard,900
576.6037045555555,581.3114,177.16307982195698,792.176885,0.9866666666666667,825,0.99,826,0.6033333333333334,181,04,0,sleepy,hard,1800
675.4740119999999,643.4485,210.1844178816191,1090.587105,0.8916666666666667,607,0.9233333333333333,607,0.46555555555555556,214,04,0,sleepy,hard,2700
718.007154111111,674.63545,194.93049044954103,1092.24379,0.8555555555555555,534,0.9044444444444445,535,0.34944444444444445,86,04,0,sleepy,hard,3600
700.9045240555556,651.6759,165.3095053451188,1025.4658100000001,0.8272222222222222,714,0.8905555555555555,743,0.38,69,04,0,sleepy,hard,4500
689.1184641666666,660.42255,167.93327854825972,1018.1099899999999,0.8544444444444445,519,0.9116666666666666,1013,0.385,285,04,0,sleepy,hard,5400
654.1690037222222,639.92575,161.2960095449911,978.26235,0.9061111111111111,519,0.9483333333333334,901,0.4527777777777778,285,04,0,sleepy,hard,6300
343.40010166666667,341.8355,165.48902187811098,650.965575,0.9983333333333333,1457,1.0,1800,0.9355555555555556,532,05,1,alert,hard,0
362.09692522222224,340.5274,160.6694327158313,670.9120399999998,0.9944444444444445,557,0.9983333333333333,1093,0.9238888888888889,421,05,1,alert,hard,900
383.1510338888889,351.83299999999997,181.52523217342903,749.215245,0.9794444444444445,620,0.9916666666666667,1118,0.9133333333333333,390,05,1,alert,hard,1800
443.2658196666667,424.2575,185.7194449889929,808.893475,0.98,662,0.9933333333333333,1072,0.8522222222222222,390,05,1,alert,hard,2700
479.9410703888889,468.28145,182.71964351800088,811.9802699999999,0.985,755,0.9911111111111112,900,0.7905555555555556,286,05,1,alert,hard,3600
624.1163042777778,625.5198,201.88693189861183,929.051755,0.9366666666666666,755,0.9677777777777777,766,0.4988888888888889,286,05,1,alert,hard,4500
611.4997882222223,612.9412500000001,224.52650293832875,945.1352649999999,0.925,771,0.9616666666666667,825,0.5161111111111111,326,05,1,alert,hard,5400
597.2028946111111,542.21485,260.71161301172435,1065.119715,0.8433333333333334,771,0.8933333333333333,825,0.5877777777777777,326,05,1,alert,hard,6300
829.0560810000001,813.2855999999999,385.37254213126346,1543.85174,0.5661111111111111,141,0.6305555555555555,216,0.32666666666666666,60,05,0,sleepy,hard,0
962.0962335,971.9974,451.47613571520515,1661.277355,0.4444444444444444,141,0.5027777777777778,272,0.24722222222222223,91,05,0,sleepy,hard,900
975.3183771111111,952.29745,469.8893531839044,1791.7699049999999,0.4461111111111111,118,0.5216666666666666,245,0.25333333333333335,79,05,0,sleepy,hard,1800
911.4967500555556,900.8299,479.1461304784289,1789.93438,0.49777777777777776,165,0.5772222222222222,205,0.28055555555555556,69,05,0,sleepy,hard,2700
837.8784462222221,832.0913,427.94024331831844,1451.1710249999999,0.5772222222222222,165,0.6716666666666666,205,0.2966666666666667,69,05,0,sleepy,hard,3600
836.4245922222221,864.7991,309.2283488410182,1356.9768949999998,0.5672222222222222,180,0.7138888888888889,180,0.2338888888888889,72,05,0,sleepy,hard,4500
766.6572842777778,778.70565,277.05677837027366,1242.24713,0.6927777777777778,229,0.8038888888888889,230,0.3011111111111111,154,05,0,sleepy,hard,5400
879.465086722222,877.4659,321.58475595541944,1344.503625,0.5355555555555556,221,0.6311111111111111,224,0.19777777777777777,154,05,0,sleepy,hard,6300
1077.7570095555554,1061.2486,297.96937668077976,1564.38069,0.25277777777777777,37,0.3711111111111111,63,0.03611111111111111,11,05,0,sleepy,hard,7200
361.91188222222223,345.24915,131.8549724543497,570.50261,1.0,1800,1.0,1800,0.99,1433,06,1,alert,hard,0
276.23979833333334,267.08235,125.69140772203413,543.219055,1.0,1800,1.0,1800,1.0,1800,06,1,alert,hard,900
274.033772,243.71495,160.81283753190735,581.257445,0.9933333333333333,1504,0.9938888888888889,1504,0.9722222222222222,1440,06,1,alert,hard,1800
314.38243277777775,301.62055,147.61531006305583,581.257445,0.9933333333333333,1184,0.9938888888888889,1185,0.9722222222222222,1080,06,1,alert,hard,2700
307.16220333333337,305.57565,118.02727890135252,555.54594,1.0,1800,1.0,1800,0.9927777777777778,1620,06,1,alert,hard,3600
392.3198939444444,384.10609999999997,160.94652058791885,692.532255,1.0,1800,1.0,1800,0.9177777777777778,720,06,1,alert,hard,4500
401.7788691111111,395.82445,202.11574962214763,743.8963799999999,0.9855555555555555,900,0.9877777777777778,903,0.8394444444444444,409,06,1,alert,hard,5400
330.617929,314.7999,172.27119070994868,670.24441,0.9855555555555555,1733,0.9877777777777778,1733,0.9144444444444444,1309,06,1,alert,hard,6300
308.0588126111111,319.5692,102.3300768500893,464.40240499999993,1.0,1800,1.0,1800,1.0,1800,06,1,alert,hard,7200
654.5619157222222,607.8392,287.6893386967437,1215.00688,0.8327777777777777,826,0.8883333333333333,930,0.5183333333333333,180,06,0,sleepy,hard,0
497.81182538888896,495.22015,211.88196212502177,879.838135,0.9677777777777777,801,0.9866666666666667,925,0.7105555555555556,299,06,0,sleepy,hard,900
512.8586616111111,482.57105,287.644631804593,1136.5860299999997,0.9111111111111111,787,0.9205555555555556,1045,0.7044444444444444,508,06,0,sleepy,hard,1800
580.845535388889,510.6366,379.3159308446171,1284.03914,0.7827777777777778,343,0.8172222222222222,557,0.6127777777777778,233,06,0,sleepy,hard,2700
609.4876674444445,490.33785,381.99343727542674,1259.195945,0.705,498,0.7572222222222222,498,0.5627777777777778,343,06,0,sleepy,hard,3600
653.9968944444444,547.3253500000001,387.71117257658824,1290.1147299999998,0.6938888888888889,498,0.7455555555555555,498,0.5627777777777778,343,06,0,sleepy,hard,4500
657.4747562222221,566.39685,378.85541116111295,1261.31402,0.7127777777777777,431,0.7555555555555555,431,0.5672222222222222,354,06,0,sleepy,hard,5400
541.2104265555556,465.26419999999996,284.8972465189696,1130.601075,0.8416666666666667,1172,0.8777777777777778,1172,0.7066666666666667,354,06,0,sleepy,hard,6300
457.32560094444443,421.37745,196.03189153948657,912.2417,0.9466666666666667,741,0.9727777777777777,741,0.8455555555555555,282,06,0,sleepy,hard,7200
714.5917126111112,697.42275,306.3272014148337,1268.171825,0.8283333333333334,123,0.8733333333333333,200,0.39111111111111113,47,07,1,alert,hard,0
645.8251997222222,586.4205,378.1072340948019,1470.63086,0.8716666666666667,123,0.8838888888888888,171,0.5405555555555556,84,07,1,alert,hard,900
634.7908628888889,564.52585,378.876163535641,1519.421195,0.8644444444444445,115,0.885,115,0.58,84,07,1,alert,hard,1800
600.3056105555555,568.4444000000001,367.0976090738307,1339.1267599999999,0.8844444444444445,245,0.9111111111111111,304,0.5933333333333334,91,07,1,alert,hard,2700
551.9583963888889,565.70135,295.06529396751426,938.79343,0.935,301,0.9588888888888889,362,0.5988888888888889,91,07,1,alert,hard,3600
621.4244506111111,625.2535499999999,289.83114364291225,1143.6922499999998,0.8966666666666666,175,0.93,299,0.4988888888888889,45,07,1,alert,hard,4500
666.4537583888889,660.51865,328.5832923851282,1295.3343649999997,0.8383333333333334,274,0.8961111111111111,288,0.4588888888888889,49,07,1,alert,hard,5400
585.9763945555557,566.0415,292.6525538739642,1004.18929,0.9011111111111111,384,0.94,399,0.5955555555555555,51,07,1,alert,hard,6300
529.5254354444444,539.0482,256.4046412632602,883.56516,0.9538888888888889,550,0.9661111111111111,550,0.6416666666666667,92,07,1,alert,hard,7200
940.2618979444445,927.8795,429.19928718600505,1758.7303749999999,0.4772222222222222,75,0.5511111111111111,97,0.26611111111111113,55,07,0,sleepy,hard,0
755.445256111111,642.0658,436.5073248405976,1668.899555,0.67,520,0.7261111111111112,522,0.48333333333333334,133,07,0,sleepy,hard,900
826.2060773333333,795.90515,426.0302202080156,1474.383885,0.5661111111111111,520,0.615,522,0.3888888888888889,133,07,0,sleepy,hard,1800
1059.7070069444444,1072.3658,313.4383177073796,1495.498225,0.2916666666666667,60,0.3811111111111111,65,0.08277777777777778,14,07,0,sleepy,hard,2700
1024.6471855,1031.9956,259.2450234065838,1405.4282349999999,0.26944444444444443,32,0.4027777777777778,41,0.06277777777777778,14,07,0,sleepy,hard,3600
1017.6330649444445,1035.8489,264.47572241637505,1385.39714,0.2777777777777778,29,0.39666666666666667,39,0.06722222222222222,10,07,0,sleepy,hard,4500
1023.7319363333334,1022.6912,312.49999374627276,1454.12519,0.2866666666666667,22,0.4111111111111111,59,0.07722222222222222,10,07,0,sleepy,hard,5400
983.1646277777778,966.6835,349.56932104742157,1529.37884,0.34555555555555556,31,0.5188888888888888,59,0.10055555555555555,17,07,0,sleepy,hard,6300
975.7280503888888,967.5726999999999,333.21248424633575,1513.02838,0.36,39,0.52,46,0.1272222222222222,17,07,0,sleepy,hard,7200
162.91250961111112,129.51625,123.19479569887778,380.25529499999993,0.9983333333333333,1737,1.0,1800,0.9855555555555555,817,08,1,alert,hard,0
133.98218327777778,111.41364999999999,95.31689352325415,299.03357,0.9983333333333333,960,1.0,1800,0.9955555555555555,959,08,1,alert,hard,900
139.32034155555556,124.06045,89.06675541018498,309.788685,1.0,1800,1.0,1800,0.995,912,08,1,alert,hard,1800
163.2671782222222,141.95420000000001,112.3032036457015,314.96616999999947,0.9961111111111111,1058,0.9977777777777778,1184,0.9872222222222222,466,08,1,alert,hard,2700
167.70059683333335,148.56815,127.26139847383851,326.6962,0.9922222222222222,865,0.9938888888888889,865,0.985,655,08,1,alert,hard,3600
161.54334872222222,140.72315,124.81362537158914,346.01609999999994,0.9938888888888889,533,0.9938888888888889,533,0.985,486,08,1,alert,hard,4500
205.54568005555555,156.7147,188.62266594255476,520.98551,0.9816666666666667,533,0.9838888888888889,533,0.9622222222222222,194,08,1,alert,hard,5400
221.91692133333333,157.10185,229.08782162083378,637.1238149999999,0.9794444444444445,689,0.9816666666666667,689,0.9472222222222222,181,08,1,alert,hard,6300
177.1359716111111,148.19915,178.2303569613534,415.397115,0.9955555555555555,1187,0.9955555555555555,1187,0.9711111111111111,373,08,1,alert,hard,7200
266.8104133888889,190.0605,227.46090205035281,741.1456649999999,0.9694444444444444,422,0.9761111111111112,734,0.9211111111111111,278,08,0,sleepy,hard,0
250.2838345,180.8245,195.49963373248067,638.9144749999998,0.9905555555555555,1060,0.9944444444444445,1634,0.9411111111111111,274,08,0,sleepy,hard,900
222.70256966666665,182.18945,146.69115838790384,555.354985,0.9983333333333333,1061,0.9988888888888889,1061,0.9744444444444444,307,08,0,sleepy,hard,1800
271.799006,223.61085,217.99374904518214,596.9870499999996,0.9894444444444445,1215,0.9916666666666667,1216,0.9544444444444444,386,08,0,sleepy,hard,2700
329.3356717222223,267.66515,282.4603145092311,862.0284649999999,0.9561111111111111,479,0.9605555555555556,479,0.905,177,08,0,sleepy,hard,3600
391.5048028888889,298.92555000000004,294.11425461153925,1120.233445,0.9105555555555556,353,0.9238888888888889,353,0.8522222222222222,230,08,0,sleepy,hard,4500
388.3735377777778,286.46905000000004,314.01662789246285,1070.25604,0.8966666666666666,399,0.92,414,0.8455555555555555,305,08,0,sleepy,hard,5400
344.33864588888883,252.82504999999998,281.973586181182,959.375045,0.9372222222222222,418,0.9588888888888889,821,0.8705555555555555,305,08,0,sleepy,hard,6300
356.90994944444446,307.66055,225.67033550949873,822.2426999999999,0.9666666666666667,407,0.9805555555555555,407,0.8705555555555555,157,08,0,sleepy,hard,7200
207.38658166666667,171.14175,159.94420978316427,570.3292149999997,0.9905555555555555,739,0.9938888888888889,777,0.9588888888888889,269,09,1,alert,hard,0
224.38495749999998,186.2243,162.29783049734908,615.9254049999998,0.9916666666666667,666,0.9933333333333333,666,0.9511111111111111,190,09,1,alert,hard,900
222.42547633333334,183.60555,176.85942993477494,639.72814,0.9844444444444445,666,0.9883333333333333,666,0.9472222222222222,239,09,1,alert,hard,1800
204.4838493888889,165.13934999999998,178.1448495048913,549.5923949999992,0.9844444444444445,493,0.9883333333333333,493,0.9583333333333334,239,09,1,alert,hard,2700
216.7878587222222,178.5385,176.94348485438624,572.7760999999999,0.985,493,0.9894444444444445,1013,0.9588888888888889,189,09,1,alert,hard,3600
214.5331781111111,174.78555,175.00347869949135,572.5037249999999,0.9861111111111112,724,0.9927777777777778,1068,0.9588888888888889,312,09,1,alert,hard,4500
205.99107105555555,153.1519,180.9370413090221,570.9373649999999,0.9905555555555555,724,0.9927777777777778,780,0.9577777777777777,313,09,1,alert,hard,5400
229.8470632222222,181.33805,206.0324704605005,640.8371399999996,0.9833333333333333,524,0.9844444444444445,524,0.9477777777777778,253,09,1,alert,hard,6300
218.92054349999998,174.95425,200.69744760306102,616.56045,0.9816666666666667,468,0.9855555555555555,548,0.9516666666666667,301,09,1,alert,hard,7200
552.6645936666667,426.40475000000004,509.3316232754216,1777.8633799999998,0.8566666666666667,105,0.8738888888888889,110,0.7411111111111112,74,09,0,sleepy,hard,0
712.8136253333333,468.3124,839.9412198140751,3039.995345,0.8288888888888889,173,0.8427777777777777,174,0.7311111111111112,126,09,0,sleepy,hard,900
1160.4427247222222,670.7570499999999,1150.5961090643825,3738.74156,0.6072222222222222,173,0.6311111111111111,174,0.4816666666666667,126,09,0,sleepy,hard,1800
1167.6969686666666,837.4837,1001.1672470643751,3655.7973949999996,0.5372222222222223,84,0.5716666666666667,84,0.3516666666666667,67,09,0,sleepy,hard,2700
1087.1069200000002,702.89435,1070.6823482358486,3685.5456899999995,0.6461111111111111,104,0.6677777777777778,124,0.4533333333333333,66,09,0,sleepy,hard,3600
1094.7665671666666,711.22255,1044.8523668248768,3685.5456899999995,0.6416666666666667,182,0.6616666666666666,183,0.42388888888888887,76,09,0,sleepy,hard,4500
781.6691098888889,575.0324499999999,692.016718283238,2221.80214,0.7105555555555556,181,0.7355555555555555,181,0.5416666666666666,181,09,0,sleepy,hard,5400
910.8990928888888,539.9676,1148.127102499054,2801.448535,0.685,191,0.715,200,0.5761111111111111,189,09,0,sleepy,hard,6300
1073.6589575555556,715.56085,1121.1531431413664,2618.242785,0.615,129,0.6416666666666667,130,0.43166666666666664,99,09,0,sleepy,hard,7200
207.85432111111106,173.76704999999998,147.0970131992984,539.3318749999999,0.9983333333333333,955,0.9994444444444445,955,0.9761111111111112,478,10,1,alert,hard,0
215.14878305555555,171.7134,154.92523854723072,554.2456999999999,1.0,1800,1.0,1800,0.9744444444444444,429,10,1,alert,hard,900
233.3473297777778,191.7798,163.6420393212666,614.5909149999998,1.0,1800,1.0,1800,0.9533333333333334,552,10,1,alert,hard,1800
295.3043676111111,255.83685,177.59718147104113,660.74405,1.0,1800,1.0,1800,0.9194444444444444,552,10,1,alert,hard,2700
270.0453278333334,237.11285,182.40018390082565,634.075315,1.0,1800,1.0,1800,0.945,419,10,1,alert,hard,3600
223.10481038888886,181.0221,154.15709907925367,562.517045,1.0,1800,1.0,1800,0.9816666666666667,427,10,1,alert,hard,4500
211.93968494444445,180.394,141.2293335689376,524.4099749999999,1.0,1800,1.0,1800,0.9866666666666667,607,10,1,alert,hard,5400
217.80328866666665,186.74845,147.19690008896924,496.17374499999994,1.0,1800,1.0,1800,0.9783333333333334,720,10,1,alert,hard,6300
236.90203677777777,207.3632,145.89809739190062,505.8066649999999,1.0,1800,1.0,1800,0.9838888888888889,1583,10,1,alert,hard,7200
275.9734984444445,245.2499,158.80919690814636,569.4499849999999,1.0,1800,1.0,1800,0.9705555555555555,1039,10,0,sleepy,hard,0
265.0480057777778,237.3108,157.83600440353183,569.2252500000001,1.0,1800,1.0,1800,0.9811111111111112,802,10,0,sleepy,hard,900
284.5485516111111,241.6609,178.79719575409638,621.686925,1.0,1800,1.0,1800,0.9516666666666667,634,10,0,sleepy,hard,1800
309.9496188333333,280.64385000000004,160.42401425133772,617.695175,1.0,1800,1.0,1800,0.9527777777777777,489,10,0,sleepy,hard,2700
306.618498,276.09024999999997,159.23634653064718,557.48129,0.9894444444444445,983,0.9972222222222222,986,0.9661111111111111,391,10,0,sleepy,hard,3600
312.05119172222226,280.8112,168.210886915087,621.217355,0.9877777777777778,782,0.9955555555555555,945,0.9511111111111111,391,10,0,sleepy,hard,4500
314.7297325,281.15925000000004,194.8789407227838,664.9396750000001,0.9888888888888889,781,0.9933333333333333,783,0.9161111111111111,304,10,0,sleepy,hard,5400
308.16978883333337,259.9461,201.5290060735021,652.8892249999998,0.9905555555555555,1626,0.995,1661,0.9183333333333333,434,10,0,sleepy,hard,6300
300.15183338888886,243.89139999999998,188.70248732677578,639.188805,0.9955555555555555,1473,0.9955555555555555,1473,0.9338888888888889,434,10,0,sleepy,hard,7200
395.10168805555554,402.5208,146.07517139668522,622.32648,0.9966666666666667,1465,0.9972222222222222,1466,0.9527777777777777,404,11,1,alert,hard,0
362.7842454444445,361.1904,170.2782449042007,617.7022449999997,0.9905555555555555,617,0.9916666666666667,617,0.9522222222222222,404,11,1,alert,hard,900
369.4519976111111,361.5674,185.69640539783686,709.42241,0.9888888888888889,1085,0.9916666666666667,1336,0.9222222222222223,244,11,1,alert,hard,1800
383.24072511111115,372.1666,174.93925854127127,703.94534,0.995,595,0.9966666666666667,845,0.9194444444444444,403,11,1,alert,hard,2700
403.74996794444445,388.80715,158.03765615150502,689.172195,0.9922222222222222,804,0.995,1216,0.9277777777777778,403,11,1,alert,hard,3600
403.39555172222225,391.67075,163.57977392242785,758.9683699999999,0.9877777777777778,804,0.9927777777777778,810,0.9122222222222223,217,11,1,alert,hard,4500
415.00259122222224,397.4588,170.12209502863735,777.56423,0.9811111111111112,444,0.9861111111111112,464,0.9066666666666666,274,11,1,alert,hard,5400
415.16855200000003,395.2587,181.61295593158667,765.3862749999996,0.9788888888888889,666,0.9822222222222222,666,0.8983333333333333,366,11,1,alert,hard,6300
396.60127422222223,367.2642,182.34324561905063,771.798055,0.9772222222222222,467,0.9855555555555555,568,0.8966666666666666,141,11,1,alert,hard,7200
669.4842387777778,629.2968000000001,310.10294501776343,1125.2769199999998,0.8566666666666667,370,0.9144444444444444,372,0.48944444444444446,97,11,0,sleepy,hard,0
563.9950601666667,508.8035,315.23631954492976,1023.0050949999999,0.91,319,0.94,491,0.6827777777777778,106,11,0,sleepy,hard,900
496.47951938888883,469.42235,245.26284641127728,1017.60876,0.9022222222222223,319,0.9305555555555556,491,0.7772222222222223,106,11,0,sleepy,hard,1800
561.1267711666667,529.92015,285.3462698599712,1052.8199349999995,0.8727777777777778,280,0.9077777777777778,291,0.6894444444444444,100,11,0,sleepy,hard,2700
635.4378838888888,552.5835,381.8612791848729,1533.939155,0.8561111111111112,240,0.8911111111111111,244,0.6277777777777778,98,11,0,sleepy,hard,3600
639.6821561111111,583.2245,382.0769248776949,1410.5746149999995,0.8522222222222222,230,0.8811111111111111,372,0.5611111111111111,141,11,0,sleepy,hard,4500
605.4096167777777,536.89775,318.7963087800973,1242.526915,0.8505555555555555,330,0.8694444444444445,372,0.5711111111111111,310,11,0,sleepy,hard,5400
553.7780422222222,480.66605,287.7783302778603,1184.7003849999996,0.8927777777777778,502,0.9061111111111111,502,0.71,310,11,0,sleepy,hard,6300
533.9201105,505.8903,222.5280433726382,884.293395,0.9538888888888889,502,0.9688888888888889,502,0.7022222222222222,99,11,0,sleepy,hard,7200
281.4745421666666,260.77,145.11660354049621,528.883475,0.9994444444444445,1326,1.0,1800,0.99,1032,12,1,alert,hard,0
323.3458308333333,320.61580000000004,142.18766567211435,549.3024899999999,0.9994444444444445,1373,1.0,1800,0.9844444444444445,427,12,1,alert,hard,900
381.3313365,373.2506,172.20726884641084,702.18671,0.9983333333333333,952,1.0,1800,0.9016666666666666,427,12,1,alert,hard,1800
463.1688872777778,449.54470000000003,174.4210605160454,771.3113849999997,0.9938888888888889,1072,1.0,1800,0.8066666666666666,256,12,1,alert,hard,2700
408.0522220555556,392.83385,180.42247771582234,739.57912,0.9955555555555555,1401,1.0,1800,0.8616666666666667,331,12,1,alert,hard,3600
357.2529095555556,342.5456,165.05264734711153,663.237495,0.9972222222222222,1093,0.9988888888888889,1093,0.9238888888888889,351,12,1,alert,hard,4500
367.66105755555554,348.9857,167.66526193990688,653.437425,0.9972222222222222,1602,0.9988888888888889,1604,0.9211111111111111,377,12,1,alert,hard,5400
312.10059583333333,277.8218,181.25285862798862,630.8611949999998,0.9961111111111111,970,0.9977777777777778,971,0.9427777777777778,457,12,1,alert,hard,6300
295.1934679444445,286.22889999999995,159.03270574693676,560.3615049999997,0.9961111111111111,1723,0.9977777777777778,1725,0.9738888888888889,457,12,1,alert,hard,7200
369.81148194444444,338.37185,199.8441292700283,767.417045,0.9883333333333333,513,0.9983333333333333,1192,0.8822222222222222,205,12,0,sleepy,hard,0
407.14739772222225,380.00919999999996,185.98280326479733,753.636045,0.99,1154,0.9983333333333333,1505,0.8605555555555555,178,12,0,sleepy,hard,900
388.62463116666663,372.6761,183.36803941075402,718.2821049999999,0.9944444444444445,900,0.9972222222222222,994,0.8883333333333333,213,12,0,sleepy,hard,1800
425.8580851111111,413.26385,184.52235712277283,745.16851,0.9922222222222222,952,0.9955555555555555,1006,0.8605555555555555,213,12,0,sleepy,hard,2700
476.0616691111111,459.90319999999997,189.75539084956566,808.1113649999999,0.9883333333333333,779,0.9972222222222222,839,0.7805555555555556,179,12,0,sleepy,hard,3600
591.9408985555555,584.2217,188.73289814460693,916.790355,0.9433333333333334,462,0.9738888888888889,717,0.5916666666666667,90,12,0,sleepy,hard,4500
588.1494768888889,572.9785999999999,193.9370212499929,935.084465,0.9288888888888889,360,0.9633333333333334,383,0.6161111111111112,66,12,0,sleepy,hard,5400
491.35367833333333,479.52945,184.65973618930258,835.35677,0.9694444444444444,785,0.9883333333333333,1283,0.7905555555555556,167,12,0,sleepy,hard,6300
405.9986141111111,379.0119,177.20783479292967,730.35478,0.9916666666666667,980,1.0,1800,0.8716666666666667,178,12,0,sleepy,hard,7200
269.05085388888887,245.40375,136.0281199660367,542.2683949999999,0.9961111111111111,1288,0.9983333333333333,1623,0.97,292,13,1,alert,hard,0
269.75651500000004,252.77065,125.75366727259292,499.444865,0.9977777777777778,1073,0.9983333333333333,1074,0.9811111111111112,506,13,1,alert,hard,900
255.3832836666667,247.8336,120.08208980765548,456.98979999999995,1.0,1800,1.0,1800,0.9855555555555555,506,13,1,alert,hard,1800
230.9791171111111,219.6604,116.21444340293306,430.445065,1.0,1800,1.0,1800,0.9883333333333333,1121,13,1,alert,hard,2700
218.73691772222222,195.8341,121.51348879921782,383.74863499999987,0.9983333333333333,1614,0.9983333333333333,1614,0.98,738,13,1,alert,hard,3600
232.51477994444443,205.8373,140.18419252750414,533.0538449999997,0.9983333333333333,1083,0.9983333333333333,1083,0.9611111111111111,279,13,1,alert,hard,4500
225.58879033333335,195.37144999999998,133.39846849111535,514.2571999999999,1.0,1800,1.0,1800,0.9622222222222222,192,13,1,alert,hard,5400
206.30539294444446,178.39839999999998,131.82423195659445,519.9363649999998,1.0,1800,1.0,1800,0.9655555555555555,566,13,1,alert,hard,6300
185.11140683333332,161.63075,144.57663326282818,516.1675149999998,0.9983333333333333,1774,0.9983333333333333,1774,0.9683333333333334,566,13,1,alert,hard,7200
371.7710888888889,363.65504999999996,165.73033656826576,642.40946,0.99,818,0.9933333333333333,908,0.9411111111111111,444,13,0,sleepy,hard,0
395.27364722222217,390.0641,162.95821388685945,646.338445,0.9938888888888889,905,0.995,905,0.9388888888888889,444,13,0,sleepy,hard,900
440.5207594444444,407.1836,170.23645078414827,738.8923799999999,0.9916666666666667,1475,0.9933333333333333,1477,0.8388888888888889,235,13,0,sleepy,hard,1800
462.1474163333333,446.9888,172.1866222465476,739.004645,0.9883333333333333,575,0.9922222222222222,832,0.8066666666666666,299,13,0,sleepy,hard,2700
440.34109800000004,411.756,169.49651319858626,761.7860749999999,0.9866666666666667,448,0.9961111111111111,713,0.8427777777777777,319,13,0,sleepy,hard,3600
483.9786740555555,458.22965,196.29030100624925,796.6413349999999,0.9761111111111112,475,0.9838888888888889,713,0.7883333333333333,319,13,0,sleepy,hard,4500
506.0213959999999,493.43635,218.44009480579896,904.9616749999999,0.9477777777777778,724,0.9683333333333334,724,0.8,322,13,0,sleepy,hard,5400
418.7903217222222,383.52315,206.63180699237307,838.4532199999998,0.9616666666666667,1624,0.9816666666666667,1624,0.8855555555555555,531,13,0,sleepy,hard,6300
362.27857905555555,345.51185,152.8364908661943,669.0959599999999,0.9944444444444445,961,0.9961111111111111,961,0.935,531,13,0,sleepy,hard,7200
156.04879300000005,144.77025,99.4593998385323,321.06130499999995,1.0,1800,1.0,1800,1.0,1800,14,1,alert,hard,0
159.43569666666664,141.23015,102.44278925268152,354.21644499999996,1.0,1800,1.0,1800,1.0,1800,14,1,alert,hard,900
176.1634450555556,163.83375,104.22707535576882,356.75383,1.0,1800,1.0,1800,0.995,1492,14,1,alert,hard,1800
156.55837183333333,148.6893,91.48514941564001,299.4434199999999,1.0,1800,1.0,1800,0.995,1199,14,1,alert,hard,2700
141.95184433333333,124.23965000000001,89.48325977048614,295.81911499999995,1.0,1800,1.0,1800,0.9977777777777778,1693,14,1,alert,hard,3600
158.86259422222224,128.26909999999998,112.05413900281026,363.6370799999998,1.0,1800,1.0,1800,0.9955555555555555,793,14,1,alert,hard,4500
169.43177872222222,133.21785,124.47641229448786,358.3945749999999,0.9944444444444445,900,0.9972222222222222,905,0.9922222222222222,890,14,1,alert,hard,5400
153.20285005555553,127.20259999999999,116.78464628359025,347.78559,0.9944444444444445,1790,0.9972222222222222,1790,0.9922222222222222,975,14,1,alert,hard,6300
136.73356155555555,124.37445,88.33640952239915,319.84668999999997,1.0,1800,1.0,1800,0.9977777777777778,1711,14,1,alert,hard,7200
300.84744761111114,294.70495,154.6127577846678,551.97042,0.9955555555555555,1620,0.9961111111111111,1620,0.9694444444444444,623,14,0,sleepy,hard,0
268.7008417222222,253.24,159.67142204536032,506.73239499999994,0.9955555555555555,1029,0.9961111111111111,1030,0.9761111111111112,863,14,0,sleepy,hard,900
293.53515366666664,250.50945000000002,203.3240964717423,763.184705,0.9894444444444445,1050,0.9938888888888889,1548,0.9277777777777778,911,14,0,sleepy,hard,1800
434.35052966666666,431.09275,219.91472387577485,814.321595,0.9888888888888889,573,0.9938888888888889,1129,0.7961111111111111,395,14,0,sleepy,hard,2700
448.22099877777777,459.79235,195.9495913026466,759.5253,0.9972222222222222,1400,0.9983333333333333,1746,0.7922222222222223,530,14,0,sleepy,hard,3600
407.73288861111104,390.82365000000004,186.4768514017834,712.720235,0.9944444444444445,845,0.9983333333333333,951,0.8622222222222222,530,14,0,sleepy,hard,4500
408.796309,386.57984999999996,192.13234402991114,698.15465,0.9872222222222222,696,0.9927777777777778,1135,0.8838888888888888,652,14,0,sleepy,hard,5400
410.5957195555556,409.29269999999997,195.68383162180217,716.92038,0.99,1211,0.9927777777777778,1552,0.8738888888888889,661,14,0,sleepy,hard,6300
445.7530639444444,460.2548,172.72034353463874,718.399235,0.9994444444444445,1240,1.0,1800,0.8405555555555555,419,14,0,sleepy,hard,7200
377.4950345555556,384.8142,133.8488356719067,532.35992,0.9938888888888889,901,0.9944444444444445,901,0.975,534,15,1,alert,hard,0
338.08304844444444,343.50685,149.64893404834515,531.1028799999999,0.9916666666666667,861,0.9933333333333333,863,0.9816666666666667,711,15,1,alert,hard,900
347.52530650000006,333.2836,161.23735303041477,580.0200199999998,0.9916666666666667,1295,0.9933333333333333,1296,0.9638888888888889,303,15,1,alert,hard,1800
376.31254899999993,352.01845000000003,194.76315051544705,613.5330349999999,0.9905555555555555,883,0.9916666666666667,883,0.9538888888888889,344,15,1,alert,hard,2700
424.50446966666664,411.6734,193.6709840229429,664.299745,0.9866666666666667,1098,0.9888888888888889,1099,0.9388888888888889,377,15,1,alert,hard,3600
438.15054011111107,422.20849999999996,147.90313999948498,687.030785,0.98,652,0.99,656,0.9311111111111111,353,15,1,alert,hard,4500
431.27297805555554,394.20165,176.41113450390316,872.3544899999999,0.9538888888888889,652,0.9633333333333334,656,0.9061111111111111,353,15,1,alert,hard,5400
424.1548209444444,384.95455,211.5532389887176,844.5465299999998,0.9533333333333334,637,0.9555555555555556,638,0.9038888888888889,299,15,1,alert,hard,6300
398.3214854444444,342.08115,225.20043226819422,675.1701999999999,0.97,442,0.9722222222222222,442,0.9322222222222222,351,15,1,alert,hard,7200
532.2516343333334,529.4162,244.52100110469286,919.133655,0.9377777777777778,400,0.9627777777777777,402,0.6461111111111111,96,15,0,sleepy,hard,0
460.3096866666667,446.27685,230.96937910923734,847.007025,0.9705555555555555,527,0.9866666666666667,727,0.7472222222222222,255,15,0,sleepy,hard,900
509.415583,493.89115000000004,278.4856492963161,979.12645,0.9183333333333333,527,0.9472222222222222,739,0.6616666666666666,255,15,0,sleepy,hard,1800
605.2905483888889,594.42325,273.3725891548467,1085.740785,0.8655555555555555,291,0.9011111111111111,358,0.5422222222222223,77,15,0,sleepy,hard,2700
669.0380690555555,609.30485,311.04460854232747,1208.339565,0.7488888888888889,128,0.7872222222222223,128,0.5183333333333333,77,15,0,sleepy,hard,3600
736.1796672777778,708.6451500000001,290.5855788586871,1215.4987649999998,0.7116666666666667,282,0.7677777777777778,284,0.38055555555555554,53,15,0,sleepy,hard,4500
670.0955369444445,694.9639999999999,266.68234558557623,1083.2197,0.8055555555555556,155,0.8833333333333333,156,0.4077777777777778,91,15,0,sleepy,hard,5400
568.2451820555556,512.55565,294.36111106690396,1049.9754500000001,0.8138888888888889,370,0.8788888888888889,445,0.5888888888888889,118,15,0,sleepy,hard,6300
626.4638596111112,547.1924,312.68506450493584,1119.628205,0.7294444444444445,370,0.7944444444444444,445,0.5683333333333334,118,15,0,sleepy,hard,7200
308.2447315555555,276.02715,145.37031380926436,633.6248399999996,0.9938888888888889,838,0.9972222222222222,838,0.9472222222222222,188,16,1,alert,hard,0
322.8265372222222,293.37775,144.90984144670534,622.36991,0.9955555555555555,1141,0.9983333333333333,1738,0.9505555555555556,163,16,1,alert,hard,900
329.63961400000005,304.12415,141.31815030179123,609.3714299999999,0.9955555555555555,586,0.9983333333333333,1478,0.955,198,16,1,alert,hard,1800
313.54834905555555,294.88555,126.3705888556581,565.90152,0.9983333333333333,1219,0.9983333333333333,1219,0.9733333333333334,604,16,1,alert,hard,2700
324.2007865555555,305.68854999999996,130.08796530667675,571.689905,0.9955555555555555,962,0.9955555555555555,962,0.9727777777777777,604,16,1,alert,hard,3600
362.9487183888889,336.1866,148.79934796700465,657.370585,0.9933333333333333,774,0.9933333333333333,774,0.9388888888888889,277,16,1,alert,hard,4500
377.38627527777777,345.8706,174.21455394175373,744.320035,0.9861111111111112,673,0.9888888888888889,673,0.9061111111111111,140,16,1,alert,hard,5400
334.59157316666665,282.96645,197.95423606091384,767.4079099999999,0.975,291,0.9816666666666667,322,0.9061111111111111,150,16,1,alert,hard,6300
314.78389344444446,258.5324,195.00484735517983,738.923275,0.9733333333333334,253,0.9811111111111112,356,0.915,139,16,1,alert,hard,7200
401.40346833333325,333.68625,283.07735276984545,899.0667799999999,0.95,706,0.9572222222222222,706,0.8877777777777778,290,16,0,sleepy,hard,0
394.35360611111105,362.23884999999996,234.18397935536558,657.5172399999999,0.9727777777777777,531,0.9772222222222222,531,0.9305555555555556,474,16,0,sleepy,hard,900
382.5257098888889,369.1795,185.486866106106,682.62432,0.9894444444444445,778,0.9905555555555555,778,0.9216666666666666,474,16,0,sleepy,hard,1800
344.71032716666673,289.74645,192.1041121504254,711.3829199999999,0.9911111111111112,998,0.9911111111111112,998,0.9044444444444445,410,16,0,sleepy,hard,2700
386.2441712777778,339.15335000000005,220.70344616970843,797.3757599999999,0.9605555555555556,897,0.9711111111111111,897,0.9055555555555556,410,16,0,sleepy,hard,3600
481.1325826111111,424.3,235.27889261854912,909.7509749999999,0.9477777777777778,397,0.96,397,0.7822222222222223,205,16,0,sleepy,hard,4500
546.0157074444444,462.04215,299.1848071673146,1127.7982949999998,0.8816666666666667,397,0.9033333333333333,397,0.6622222222222223,157,16,0,sleepy,hard,5400
576.6009221666667,499.14275,312.6860384934747,1166.95235,0.8577777777777778,325,0.8905555555555555,331,0.6766666666666666,170,16,0,sleepy,hard,6300
591.7741574444444,538.23465,249.29945597990658,1015.02794,0.915,325,0.9405555555555556,331,0.6461111111111111,170,16,0,sleepy,hard,7200
222.3530008888889,213.3026,86.3372703351853,403.56036,1.0,1800,1.0,1800,0.9983333333333333,1657,17,1,alert,hard,0
218.19410294444444,212.9425,82.72697341738564,365.97278499999993,1.0,1800,1.0,1800,0.9983333333333333,1040,17,1,alert,hard,900
242.30019761111112,235.80815,108.41936839828261,413.7618949999999,1.0,1800,1.0,1800,0.9977777777777778,1119,17,1,alert,hard,1800
257.6536667222222,254.4612,104.80827166079285,421.564975,1.0,1800,1.0,1800,0.9977777777777778,1257,17,1,alert,hard,2700
245.51093533333332,240.252,92.51716265713884,389.67016,0.9977777777777778,1669,0.9977777777777778,1669,0.9955555555555555,1656,17,1,alert,hard,3600
252.7729491111111,242.38605,115.04602234531376,417.58210499999996,0.9977777777777778,1027,0.9977777777777778,1027,0.9844444444444445,756,17,1,alert,hard,4500
271.959937,268.16225,116.48045998330964,440.856855,0.9961111111111111,900,0.9961111111111111,900,0.9844444444444445,892,17,1,alert,hard,5400
268.8126752222222,262.50995,90.88210443877703,390.859085,0.9961111111111111,1793,0.9961111111111111,1793,0.9911111111111112,1318,17,1,alert,hard,6300
259.3885353888889,253.74394999999998,81.71679842210827,366.3894249999999,1.0,1800,1.0,1800,0.9927777777777778,488,17,1,alert,hard,7200
360.09580272222223,324.4131,175.8990650226023,702.8712099999999,0.9944444444444445,901,0.9983333333333333,1744,0.8988888888888888,575,17,0,sleepy,hard,0
445.99525450000004,418.39455,208.6326405450646,843.5641049999999,0.9827777777777778,683,0.9977777777777778,1288,0.785,360,17,0,sleepy,hard,900
512.6562595555556,483.09415,227.75164504779548,899.8538,0.95,723,0.9766666666666667,863,0.7094444444444444,496,17,0,sleepy,hard,1800
453.04260516666665,446.8098,211.0264871561146,822.6509199999999,0.9622222222222222,770,0.9766666666666667,771,0.8544444444444445,354,17,0,sleepy,hard,2700
398.1323582777777,403.4687,174.9045403401445,687.067205,0.9927777777777778,1403,0.9955555555555555,1544,0.925,318,17,0,sleepy,hard,3600
367.05942666666675,338.0015,195.179063628499,704.670545,0.9805555555555555,633,0.9861111111111112,773,0.9227777777777778,573,17,0,sleepy,hard,4500
415.666808,363.71005,252.82254255697987,970.194135,0.9327777777777778,473,0.9522222222222222,473,0.8611111111111112,472,17,0,sleepy,hard,5400
437.3449326666667,386.49694999999997,274.88381728025206,1054.86349,0.9111111111111111,262,0.935,334,0.8366666666666667,202,17,0,sleepy,hard,6300
361.04865416666667,304.0847,258.6301987073129,965.3822399999999,0.9377777777777778,353,0.9505555555555556,354,0.8955555555555555,352,17,0,sleepy,hard,7200
296.39824677777773,293.0913,107.74764432541241,475.86408,1.0,1800,1.0,1800,1.0,1800,18,1,alert,hard,0
298.03583588888887,299.98749999999995,108.13408418135458,480.6113099999999,1.0,1800,1.0,1800,0.9972222222222222,1080,18,1,alert,hard,900
323.2627726111111,303.16405,164.53189399521392,681.78641,0.9972222222222222,1454,1.0,1800,0.915,1254,18,1,alert,hard,1800
311.6388465555556,286.6731,152.49397778793454,681.78641,0.9972222222222222,1241,1.0,1800,0.9177777777777778,1080,18,1,alert,hard,2700
243.48956238888886,241.64745,124.63428675041476,460.7223,1.0,1800,1.0,1800,0.9938888888888889,1691,18,1,alert,hard,3600
268.81190011111113,242.26325,150.72213045192365,505.717355,1.0,1800,1.0,1800,0.9722222222222222,791,18,1,alert,hard,4500
330.5264852777778,297.32635,148.49513185558288,610.044665,0.995,1071,1.0,1800,0.9516666666666667,720,18,1,alert,hard,5400
305.06807244444445,285.00705,145.4334812223278,587.902715,0.995,1620,1.0,1800,0.9733333333333334,1620,18,1,alert,hard,6300
248.0027116111111,243.48705,98.06184841069256,449.24988999999994,1.0,1800,1.0,1800,1.0,1800,18,1,alert,hard,7200
384.8303284444444,354.0508,163.00867843963584,695.09833,0.9983333333333333,1661,1.0,1800,0.9161111111111111,826,18,0,sleepy,hard,0
299.00335366666667,276.8628,167.14275646293837,695.09833,0.9983333333333333,1036,1.0,1800,0.9216666666666666,900,18,0,sleepy,hard,900
282.3017288888889,228.18085000000002,207.86418538670057,830.3746,0.9888888888888889,1474,0.9961111111111111,1475,0.9,1440,18,0,sleepy,hard,1800
338.40055438888885,297.42055,204.73771982587792,830.83137,0.9872222222222222,729,0.9944444444444445,788,0.8933333333333333,540,18,0,sleepy,hard,2700
364.2640923333333,319.57550000000003,173.01416713197034,665.1046699999999,0.9933333333333333,1217,0.9955555555555555,1218,0.9277777777777778,707,18,0,sleepy,hard,3600
422.3279036111111,443.992,228.64261589395963,829.77785,0.9761111111111112,849,0.9972222222222222,923,0.8272222222222222,707,18,0,sleepy,hard,4500
428.0323011111111,414.6637,279.7924949993197,935.705645,0.9011111111111111,720,0.975,900,0.7866666666666666,442,18,0,sleepy,hard,5400
372.4347916666667,331.30724999999995,235.0149043308929,934.2351,0.92,1620,0.975,1622,0.8911111111111111,1199,18,0,sleepy,hard,6300
340.9827900000001,330.0454,135.8184232264747,561.8326,1.0,1800,1.0,1800,0.9933333333333333,757,18,0,sleepy,hard,7200
242.9709003888889,183.273,212.81931060455673,771.0591549999997,0.9677777777777777,303,0.9766666666666667,373,0.9266666666666666,144,19,1,alert,hard,0
262.6782650555556,212.06365,208.93815853538223,790.8458449999998,0.9644444444444444,291,0.9738888888888889,354,0.9283333333333333,152,19,1,alert,hard,900
263.97653849999995,226.12715,200.96389952877217,718.4808449999994,0.9677777777777777,316,0.9755555555555555,610,0.9355555555555556,153,19,1,alert,hard,1800
284.26367061111114,238.99165,191.65521189717467,740.6488350000001,0.9766666666666667,272,0.9838888888888889,771,0.9255555555555556,153,19,1,alert,hard,2700
262.64479549999993,213.13725,171.87460320310132,696.5033299999999,0.9888888888888889,549,0.995,1048,0.9338888888888889,137,19,1,alert,hard,3600
282.3186186666666,204.2021,213.18662687961577,792.48683,0.98,617,0.9838888888888889,761,0.9177777777777778,136,19,1,alert,hard,4500
308.4583729444445,229.49824999999998,220.47323719685934,803.5685549999997,0.9694444444444444,492,0.975,493,0.9022222222222223,117,19,1,alert,hard,5400
262.8373227222222,210.68225,190.55366365074312,735.7558349999998,0.9722222222222222,492,0.9838888888888889,493,0.925,120,19,1,alert,hard,6300
233.88187872222224,196.17595,168.94015365126268,653.3464049999999,0.9844444444444445,839,0.9944444444444445,1042,0.9438888888888889,214,19,1,alert,hard,7200
280.09698833333334,211.458,204.5334789577069,721.144095,0.9833333333333333,1093,0.9916666666666667,1101,0.9061111111111111,216,19,0,sleepy,hard,0
269.24018194444443,213.9743,173.79442603171623,633.7715249999998,0.9905555555555555,1107,0.9977777777777778,1124,0.9444444444444444,495,19,0,sleepy,hard,900
210.68598205555554,179.59120000000001,125.49838357787121,465.25695,1.0,1800,1.0,1800,0.9883333333333333,684,19,0,sleepy,hard,1800
236.4416421666667,191.3818,156.88824671228713,554.403145,1.0,1800,1.0,1800,0.965,445,19,0,sleepy,hard,2700
256.13473727777773,202.42275,177.9470582571609,649.429405,1.0,1800,1.0,1800,0.94,266,19,0,sleepy,hard,3600
229.12770905555556,174.69545,168.99658158704855,649.84982,0.995,1468,0.9955555555555555,1468,0.9411111111111111,266,19,0,sleepy,hard,4500
255.81566927777777,182.0838,179.41729686661088,690.9155450000001,0.9894444444444445,783,0.9933333333333333,875,0.93,217,19,0,sleepy,hard,5400
261.5022565,200.09375,178.04542675973988,673.402215,0.9944444444444445,986,0.9977777777777778,1775,0.9311111111111111,217,19,0,sleepy,hard,6300
231.81216877777777,186.74845,157.72309594874346,625.35185,1.0,1800,1.0,1800,0.9494444444444444,245,19,0,sleepy,hard,7200
370.56461916666666,379.70709999999997,161.42371199100842,629.121435,0.9955555555555555,657,0.9972222222222222,1259,0.945,320,20,1,alert,hard,0
343.8745735555556,336.30195000000003,162.42423712832948,626.363945,0.9933333333333333,1167,1.0,1800,0.9483333333333334,613,20,1,alert,hard,900
336.6223707777778,330.70225000000005,155.92773618613,602.5186649999997,0.9933333333333333,924,1.0,1800,0.9577777777777777,496,20,1,alert,hard,1800
406.4190293888889,399.8461,150.15798089138738,677.83872,0.9916666666666667,623,1.0,1800,0.9383333333333334,217,20,1,alert,hard,2700
515.0214209444445,466.9909,260.5397168296847,995.2814649999993,0.9233333333333333,623,0.9472222222222222,1013,0.7588888888888888,185,20,1,alert,hard,3600
547.5475371666666,511.09835,278.26413761236205,1069.49239,0.9,437,0.9266666666666666,442,0.6861111111111111,84,20,1,alert,hard,4500
493.8824814444444,475.0784,235.85474796131885,937.2785549999999,0.9394444444444444,1142,0.9616666666666667,1148,0.745,124,20,1,alert,hard,5400
524.3204388333334,491.5155,272.6601908560557,1024.36672,0.9061111111111111,705,0.9316666666666666,706,0.6633333333333333,132,20,1,alert,hard,6300
571.0537536111111,557.8417999999999,283.4825552519016,1053.8795300000002,0.8827777777777778,302,0.915,350,0.5727777777777778,132,20,1,alert,hard,7200
719.1655619999999,702.1712500000001,243.93639945562947,1062.04793,0.695,540,0.7972222222222223,541,0.36,93,20,0,sleepy,hard,0
666.3439493888889,660.13975,212.65994671347218,1019.6569599999999,0.8133333333333334,813,0.8755555555555555,1186,0.4077777777777778,88,20,0,sleepy,hard,900
645.1593708333335,622.6487999999999,275.61292290911865,1217.61246,0.8355555555555556,273,0.8727777777777778,645,0.5033333333333333,90,20,0,sleepy,hard,1800
650.9835220555557,610.0123,302.7599800512837,1221.87425,0.775,421,0.8527777777777777,547,0.5305555555555556,90,20,0,sleepy,hard,2700
663.1410304444445,632.2871,291.2715380597644,1072.907115,0.8,421,0.8961111111111111,547,0.4922222222222222,73,20,0,sleepy,hard,3600
679.6915442777778,715.78865,283.90669227591843,1053.92788,0.8338888888888889,145,0.9027777777777778,213,0.37444444444444447,66,20,0,sleepy,hard,4500
644.0663897777778,690.0271499999999,273.59376535698084,1065.958125,0.905,276,0.9344444444444444,511,0.395,79,20,0,sleepy,hard,5400
705.6039725555554,647.79355,348.5908468794031,1616.20326,0.8566666666666667,384,0.8811111111111111,461,0.45222222222222225,79,20,0,sleepy,hard,6300
709.1327308888889,639.27225,348.6940361772082,1576.5578149999983,0.8122222222222222,512,0.8566666666666667,513,0.4738888888888889,68,20,0,sleepy,hard,7200
