subject,state,difficulty,label,window_order,mean_error,median_error,std_error,p95_error,inside_ratio_900,longest_run_900,inside_ratio_975,longest_run_975,inside_ratio_625,longest_run_625,face_perclos_80,face_long_closure_count,face_blink_count,face_blink_rate,face_blink_duration_mean,face_blink_amplitude_mean,face_ear_mean,face_ear_std,face_ear_min,face_mar_mean,face_mar_max,face_yawn_count
01,alert,easy,1,0,231.2773497777778,180.3746,211.5642938485028,679.9481149999999,0.9744444444444444,506,0.9783333333333334,537,0.9394444444444444,344,0.0016666666666666,0,1,1.0,1.0,0.2041342845932831,0.2657129351062748,0.032054308487813,0.0970526595111023,0.5040011184028407,0.6685732019457741,30
01,alert,easy,1,1,254.69469111111115,193.8298,232.77055596710912,769.9852999999998,0.9672222222222222,268,0.9722222222222222,405,0.9277777777777778,174,0.0,0,0,0.0,0.0,0.0,0.2764533377309372,0.0313299936254394,0.1040958518588725,0.5014223596223355,0.6175826875482856,26
01,alert,easy,1,2,270.39450566666665,219.33765,206.42376967782283,730.2677399999999,0.9755555555555556,288,0.9822222222222222,405,0.9344444444444444,186,0.0,0,0,0.0,0.0,0.0,0.2781803898709129,0.0302574360496423,0.1099281003049769,0.4803730055216331,0.642621944542481,2
01,alert,easy,1,3,290.2784958888889,239.5704,206.51998661525167,675.3782550000001,0.9738888888888888,368,0.9788888888888888,541,0.9472222222222222,219,0.0,0,0,0.0,0.0,0.0,0.2686706290460442,0.0311458236071696,0.1171045650924172,0.4989408219744723,0.64572838929224,26
01,alert,easy,1,4,319.4749375555556,257.1089,225.44759665209023,718.722685,0.9661111111111113,272,0.9694444444444444,295,0.9305555555555556,219,0.0,0,0,0.0,0.0,0.0,0.2685494353026507,0.0314576204047741,0.1179307895658584,0.5094793574733287,0.6690787150135861,38
01,alert,easy,1,5,298.39868766666666,227.3312,272.06267321945063,702.7638849999994,0.96,272,0.9616666666666668,272,0.9277777777777778,207,0.0,0,0,0.0,0.0,0.0,0.2788079595915791,0.0314658809381315,0.1216759827718444,0.4975122776025372,0.6690787150135861,36
01,alert,easy,1,6,267.3646731111112,200.4981,261.26891398106727,668.194745,0.9655555555555556,217,0.9683333333333334,293,0.9438888888888888,207,0.0,0,0,0.0,0.0,0.0,0.2858830336153327,0.0304490319335612,0.1159419363990404,0.5235070671602674,0.5978053160816186,23
01,alert,easy,1,7,255.7545798333333,197.6196,217.93403448136755,687.6654299999998,0.9688888888888888,211,0.9738888888888888,302,0.9372222222222222,155,0.0,0,0,0.0,0.0,0.0,0.2852311701308236,0.0289681113595049,0.1159419363990404,0.5500753933241835,0.5920720576383296,0
01,alert,hard,1,0,203.49959483333333,171.9069,174.46900385531438,502.64332499999983,0.9844444444444445,692,0.9894444444444443,693,0.965,302,0.0,0,0,0.0,0.0,0.0,0.2817414017641422,0.0309351651560473,0.1184833510876427,0.5347253750011971,0.6824397012112657,24
01,alert,hard,1,1,197.55593550000003,163.5466,158.55018037158595,431.9004449999999,0.99,591,0.9938888888888888,990,0.9705555555555556,449,0.0,0,0,0.0,0.0,0.0,0.2770969651948323,0.029473974254363,0.1216432294813561,0.5411761687556007,0.7412655649332467,29
01,alert,hard,1,2,208.87418011111112,176.264,156.95636896512818,428.2716199999998,0.9883333333333332,660,0.9927777777777778,1128,0.9705555555555556,518,0.0,0,0,0.0,0.0,0.0,0.269844412391399,0.0261552665914301,0.122282109953996,0.5448651682816634,0.7412655649332467,12
01,alert,hard,1,3,206.8822497777778,168.3345,180.82724878219068,411.1697699999999,0.98,327,0.9844444444444445,327,0.9688888888888888,325,0.0,0,0,0.0,0.0,0.0,0.2734539696406611,0.022729097801185,0.1286673385324982,0.5548036090188311,0.6802648347405308,3
01,alert,hard,1,4,208.5850081111111,163.11195,196.4100135024661,469.484445,0.9738888888888888,343,0.9788888888888888,344,0.9616666666666668,343,0.0,0,0,0.0,0.0,0.0,0.2718659338090877,0.0263234481448733,0.1286673385324982,0.5432224632090888,0.6597582928703567,12
01,alert,hard,1,5,224.70997716666665,173.64475,204.06688168989217,643.391435,0.9672222222222222,343,0.9727777777777776,344,0.9466666666666668,343,0.0,0,0,0.0,0.0,0.0,0.2746168578480891,0.0317156244399366,0.1246635377482427,0.4921712362653038,0.6524302790359026,16
01,alert,hard,1,6,230.64163738888888,179.40595000000002,216.9896730707516,683.7111999999997,0.9633333333333334,225,0.9705555555555556,233,0.9394444444444444,223,0.0,0,0,0.0,0.0,0.0,0.274897394763904,0.0316946187141771,0.1246635377482427,0.5026788646311668,0.6896346789590257,16
01,alert,hard,1,7,234.30163838888888,178.7708,239.76332891545195,800.2299949999993,0.9538888888888888,225,0.9633333333333334,225,0.9366666666666666,223,0.0,0,0,0.0,0.0,0.0,0.2652532735239628,0.0307541027891593,0.1215956543274574,0.5535625418252482,0.699852832014826,21
01,sleepy,easy,0,0,764.997441111111,703.9382,437.5672945877378,1534.83812,0.6227777777777778,111,0.6694444444444444,112,0.4377777777777777,63,0.0,0,0,0.0,0.0,0.0,0.2139836129843513,0.0428120458418345,0.1127935009832553,0.5496121140168652,0.761668715749089,32
01,sleepy,easy,0,1,826.2198692777778,779.96605,385.7140973877305,1505.6107,0.5916666666666667,113,0.6527777777777778,135,0.365,68,0.0,0,0,0.0,0.0,0.0,0.1949712930682158,0.0414130726830993,0.1118794078009657,0.5420984129344815,0.761668715749089,15
01,sleepy,easy,0,2,747.6354031111111,695.93175,348.41489550574846,1377.31654,0.6827777777777778,128,0.7316666666666667,177,0.3994444444444444,68,0.0,0,0,0.0,0.0,0.0,0.1960055433071625,0.0443298823474542,0.1100203292309369,0.5301468493564366,0.8735832042156195,13
01,sleepy,easy,0,3,685.7891843333333,639.13575,354.5731447168488,1294.2931849999998,0.7327777777777778,128,0.7761111111111111,132,0.4838888888888888,53,0.0,0,0,0.0,0.0,0.0,0.2074412824192842,0.0478720430681011,0.1100203292309369,0.5593780634523373,0.8735832042156195,9
01,sleepy,easy,0,4,669.7306013888889,643.3156,335.5134911225249,1253.620495,0.7605555555555555,171,0.8211111111111111,200,0.4816666666666667,81,0.0,0,0,0.0,0.0,0.0,0.2125802178505987,0.0447696418508013,0.1109909330433287,0.5624286916110206,0.7388110836320153,7
01,sleepy,easy,0,5,634.3986472777777,613.0073,315.44963145147204,1107.1395,0.7933333333333333,185,0.8561111111111112,188,0.5116666666666667,92,0.0,0,0,0.0,0.0,0.0,0.2250444273148274,0.0405695023310978,0.113254433357409,0.5134468160195567,0.7388110836320153,2
01,sleepy,easy,0,6,646.6335753888887,606.245,346.4349619902801,1297.93873,0.7855555555555556,201,0.8288888888888889,201,0.5327777777777778,104,0.0,0,0,0.0,0.0,0.0,0.2248627555512455,0.0454564863289872,0.1105707417024559,0.4924090864711757,0.875208809904195,6
01,sleepy,easy,0,7,669.3791876666667,627.04305,344.35860805956264,1308.20908,0.7761111111111111,155,0.8127777777777778,157,0.4972222222222222,104,0.0,0,0,0.0,0.0,0.0,0.2139556194934534,0.0506508287216712,0.1028994827861829,0.5122836193484975,0.875208809904195,14
01,sleepy,hard,0,0,476.76213722222224,406.6613,286.7825394864349,1081.7871399999997,0.9172222222222224,500,0.9266666666666666,501,0.78,284,0.0,0,0,0.0,0.0,0.0,0.2689728509784158,0.0452437542954628,0.1024479924491429,0.4818157942914942,0.7581748014584904,11
01,sleepy,hard,0,1,452.4342289444445,425.6025,300.58998507272776,1074.522705,0.9116666666666666,477,0.9222222222222224,484,0.7788888888888889,220,0.0,0,0,0.0,0.0,0.0,0.2697954236682685,0.044815378779618,0.1035191468831439,0.4844224625713495,0.7581748014584904,13
01,sleepy,hard,0,2,409.3124072222221,329.49505,308.64105964329684,1029.95701,0.9227777777777778,488,0.9355555555555556,495,0.8,220,0.0,0,0,0.0,0.0,0.0,0.2665811163012971,0.0461894730708879,0.1035191468831439,0.5078580390709206,0.7519133599801494,16
01,sleepy,hard,0,3,522.0389146666666,440.3425,342.27783908656653,1181.5850849999997,0.87,239,0.9027777777777778,255,0.6788888888888889,171,0.0,0,0,0.0,0.0,0.0,0.2613125050855627,0.0472248410135041,0.1070469663863857,0.5048444573805654,0.7177169425635314,11
01,sleepy,hard,0,4,489.1910794444444,411.68065,338.743099493343,1149.5035499999994,0.8905555555555555,239,0.9238888888888888,255,0.7605555555555555,147,0.0,0,0,0.0,0.0,0.0,0.267707315990297,0.0429949839636115,0.1096653209170446,0.4783154655103606,0.6367280809699916,7
01,sleepy,hard,0,5,448.1603093333333,377.7499,305.8952666492041,1026.9165949999997,0.9172222222222224,162,0.9422222222222222,167,0.8044444444444444,147,0.0,0,0,0.0,0.0,0.0,0.2701601431126599,0.0394687184764243,0.1098166774323229,0.4929537760579842,0.7034772266862118,18
01,sleepy,hard,0,6,542.3656016111112,476.1512,337.47147951145905,1145.0917049999998,0.8372222222222222,149,0.8827777777777778,153,0.6694444444444444,97,0.0,0,0,0.0,0.0,0.0,0.2653803465163179,0.0391950632059143,0.1154894582029103,0.5222197247792202,0.7113464410149803,22
01,sleepy,hard,0,7,582.8884616666668,492.19805,372.06278887570033,1299.434315,0.7905555555555556,181,0.8361111111111111,181,0.6272222222222222,123,0.0,0,0,0.0,0.0,0.0,0.2660265568005925,0.0447513036082527,0.1061348980280877,0.5002602953346481,0.7113464410149803,12
02,alert,easy,1,0,292.9259974444444,274.38385,134.4867684449394,501.04599,0.9927777777777778,983,0.9938888888888888,983,0.9883333333333332,630,0.0,0,0,0.0,0.0,0.0,0.2996648745671078,0.0087644110278721,0.2690391247606001,0.5008496171226349,0.5455225440254274,87
02,alert,easy,1,1,319.1637173333333,301.6463,128.14898472128195,524.33637,0.9966666666666668,1170,0.9983333333333332,1170,0.9761111111111112,900,0.0,0,0,0.0,0.0,0.0,0.2993554945942399,0.0109574700181362,0.17382950890447,0.5032388131983261,0.5481873231172746,85
02,alert,easy,1,2,334.09914883333335,323.69895,125.08659729919412,519.33379,0.9966666666666668,1524,0.9983333333333332,1527,0.9722222222222222,622,0.0,0,0,0.0,0.0,0.0,0.2987818706692235,0.0115685635828352,0.17382950890447,0.5060549881834043,0.5481873231172746,102
02,alert,easy,1,3,335.4879726666667,332.2551,107.0337696829789,490.125125,1.0,1800,1.0,1800,0.985,623,0.0,0,0,0.0,0.0,0.0,0.2957329880454247,0.012047632182093,0.2094893786561393,0.5062218935033961,0.545408216658453,98
02,alert,easy,1,4,324.9169447777778,320.12030000000004,97.44351895903462,480.13743,1.0,1800,1.0,1800,0.9905555555555556,623,0.0,0,0,0.0,0.0,0.0,0.2984259425252785,0.015049750523522,0.2094893786561393,0.5136355846531945,0.545408216658453,37
02,alert,easy,1,5,323.1789198333333,307.59955,94.34464214532775,480.00021,0.9994444444444444,1080,1.0,1800,0.9883333333333332,538,0.0,0,0,0.0,0.0,0.0,0.3015066649692484,0.0122486224141587,0.2807774141536326,0.5191645719852392,0.5540605070209008,3
02,alert,easy,1,6,345.3924461666667,330.78845,110.61469663657412,534.1136750000001,0.9994444444444444,1619,1.0,1800,0.9744444444444444,368,0.0,0,0,0.0,0.0,0.0,0.2973968927231136,0.0167728249418706,0.1091236346512253,0.5190721884349132,0.5568209856102095,4
02,alert,easy,1,7,350.3771012777778,341.57354999999995,117.3864875829895,545.26739,1.0,1800,1.0,1800,0.9727777777777776,449,0.0,0,0,0.0,0.0,0.0,0.2940562225935038,0.0186540626886645,0.1084201175077803,0.5154378943659307,0.5568209856102095,28
02,alert,hard,1,0,380.4417830555556,369.7546,179.71146161032516,653.4587799999999,0.99,838,0.9955555555555556,1016,0.9177777777777778,508,0.0,0,0,0.0,0.0,0.0,0.2838292047631736,0.0246485336981912,0.1123208866585383,0.4677383089235733,0.6096978809386046,26
02,alert,hard,1,1,298.2266600000001,286.6766,138.20803886184186,551.1326099999999,0.9988888888888888,1738,1.0,1800,0.9816666666666668,1025,0.0,0,0,0.0,0.0,0.0,0.2846128549058862,0.0157183282624885,0.1223713376340006,0.4750251826143862,0.6096978809386046,37
02,alert,hard,1,2,278.3925951111111,255.16955,162.78260662037377,604.5246,1.0,1800,1.0,1800,0.9583333333333334,1042,0.0,0,0,0.0,0.0,0.0,0.2865462365152708,0.0132209460559763,0.2423071948224128,0.478078017062776,0.5400822421864034,44
02,alert,hard,1,3,305.6078311111111,266.15880000000004,181.8643566368322,689.1882999999999,1.0,1800,1.0,1800,0.9172222222222224,720,0.0,0,0,0.0,0.0,0.0,0.2912330834858467,0.0134012637595741,0.2423071948224128,0.4890112875285602,0.5532564367440981,38
02,alert,hard,1,4,311.3150568888889,245.3273,216.80989333305035,724.8499049999999,0.9561111111111112,1721,0.9833333333333332,1722,0.9011111111111112,1075,0.0033333333333333,0,2,2.0,1.0,0.2392093013467269,0.2944849833919759,0.0175769971924787,0.0844563728634366,0.5143760000850844,0.5532564367440981,29
02,alert,hard,1,5,317.6335562777778,249.6407,225.39154764246692,724.49128,0.9561111111111112,900,0.9833333333333332,900,0.8872222222222222,368,0.0033333333333333,0,2,2.0,1.0,0.2435630093641945,0.2961373297645107,0.0191417465062188,0.0844563728634366,0.5235218163979521,0.553846913815573,9
02,alert,hard,1,6,355.3225316666667,289.1859,254.25778987279347,773.6840900000001,0.9538888888888888,997,0.9544444444444444,998,0.8505555555555555,720,0.0,0,0,0.0,0.0,0.0,0.2944088455537422,0.0132668208551742,0.2611475983003757,0.5230549159094878,0.6308172680055463,9
02,alert,hard,1,7,324.4397348888889,264.765,245.637356638422,773.6840900000001,0.9538888888888888,1620,0.9544444444444444,1620,0.9055555555555556,1620,0.0,0,0,0.0,0.0,0.0,0.2859495541989093,0.0112174254998264,0.2611475983003757,0.5144752686973445,0.6308172680055463,21
02,sleepy,easy,0,0,342.3910547777777,339.4157,218.03417601350407,771.4164449999996,0.9638888888888888,511,0.9727777777777776,571,0.9172222222222224,509,0.0166666666666666,0,10,10.0,1.0,0.2294432588684455,0.2674481419507096,0.0318509204755542,0.071717766175632,0.4875315320136154,0.7016530053480714,36
02,sleepy,easy,0,1,447.7656005555556,399.7149,234.9989681384627,971.46898,0.9288888888888888,370,0.9516666666666668,371,0.8477777777777777,208,0.04,0,22,22.0,1.0909090909090908,0.2146239835168799,0.2494604994438236,0.0427799232598349,0.0665700644543135,0.4902441900591318,0.7016530053480714,53
02,sleepy,easy,0,2,472.23176038888886,407.9479,221.3662823612665,958.36788,0.9338888888888888,260,0.9583333333333334,376,0.8166666666666667,145,0.0466666666666666,0,25,25.0,1.12,0.2194397422796069,0.2371156248648105,0.0440798518611248,0.0665700644543135,0.500833368134086,0.5336605506432122,70
02,sleepy,easy,0,3,402.5507577777778,376.5913,175.48662149133855,795.6055349999999,0.985,884,0.9905555555555556,1002,0.8855555555555555,328,0.0366666666666666,0,20,20.0,1.1,0.2325200562439903,0.2418204514458788,0.0406521430933403,0.0677245540386286,0.5079465603343999,0.5336605506432122,68
02,sleepy,easy,0,4,334.2165677777778,320.4029,147.99538869578905,631.5728499999998,0.9988888888888888,1784,1.0,1800,0.9477777777777778,328,0.025,0,14,14.0,1.0714285714285714,0.2324384747483284,0.2572098636911066,0.0349317295791659,0.0697236057502341,0.5037697955096123,0.5891833966615719,91
02,sleepy,easy,0,5,328.5358367777778,304.80975,152.41831595875584,639.947975,0.9933333333333332,1377,0.9966666666666668,1447,0.945,315,0.02,0,12,12.0,1.0,0.2490478963695285,0.2603804909743702,0.0367696050041952,0.0824550177016345,0.4974316361670039,0.5891833966615719,102
02,sleepy,easy,0,6,402.4413407777778,363.11565,185.78191232769456,826.8592399999998,0.9677777777777776,477,0.9783333333333334,620,0.8827777777777778,279,0.0366666666666666,0,21,21.0,1.0476190476190477,0.2518919238688661,0.2499567570766817,0.0440803385445221,0.0691137234760492,0.5205671254225254,1.1944293853801546,83
02,sleepy,easy,0,7,370.7584087222222,334.24095,201.5643601008369,848.755915,0.96,352,0.98,1016,0.8944444444444445,253,0.035,0,20,20.0,1.05,0.2051606568518006,0.2518628320344795,0.0406326826144702,0.0691137234760492,0.5255357664220448,1.1944293853801546,86
02,sleepy,hard,0,0,510.7272340555555,499.6984,260.6055271434103,939.84848,0.9388888888888888,271,0.9588888888888888,304,0.7444444444444445,135,0.09,0,30,30.0,1.3666666666666667,0.2822864052324281,0.2261846773701063,0.0560399772650992,0.0643354848191182,0.509547622487429,0.5637543832559084,49
02,sleepy,hard,0,1,407.4464206666667,381.3128,269.59206215904175,890.1676049999998,0.9511111111111112,528,0.965,528,0.8572222222222222,325,0.075,0,23,23.0,1.608695652173913,0.2790183593398854,0.2322827216275876,0.0516520708359324,0.0688509051788217,0.5078194976726302,0.5637543832559084,56
02,sleepy,hard,0,2,355.5186513333333,306.82975,246.6066405123571,837.7964399999998,0.9566666666666668,376,0.9677777777777776,377,0.8661111111111112,321,0.075,0,14,14.0,1.5714285714285714,0.2763622912238332,0.2389448979352421,0.0503671586197723,0.0660337757373547,0.5093866857488221,0.5380869398227955,60
02,sleepy,hard,0,3,382.2201132222222,321.5999,243.48692538703267,789.886175,0.9644444444444444,640,0.9772222222222222,642,0.8222222222222222,229,0.07,0,16,16.0,1.25,0.2812262865328395,0.2434033927252194,0.0514333877569293,0.064182383073778,0.5067198194543179,0.5411939056581216,74
02,sleepy,hard,0,4,380.2206278888889,282.31535,273.23740888908446,1054.80432,0.92,647,0.9288888888888888,648,0.8338888888888889,528,0.0433333333333333,0,9,9.0,1.2222222222222223,0.2292190685175614,0.2560202360631496,0.0449385671514625,0.064182383073778,0.5040846077595394,0.5411939056581216,70
02,sleepy,hard,0,5,460.5873004444444,350.4389,316.378081410012,1079.47948,0.8883333333333333,647,0.9005555555555556,648,0.7294444444444445,528,0.0733333333333333,1,16,16.0,1.5,0.2403987880402957,0.2515504169684844,0.0551220854177068,0.067779652877327,0.5072005125649413,0.5516337708916417,50
02,sleepy,hard,0,6,538.3766595,470.69205,316.83900027606904,1193.627675,0.8761111111111111,320,0.8911111111111111,320,0.6505555555555556,269,0.0866666666666666,2,22,22.0,1.3636363636363635,0.243309609680588,0.237293719396378,0.0559095274021786,0.067779652877327,0.5143620095561161,0.5516337708916417,37
02,sleepy,hard,0,7,420.8361951666667,308.7311,316.65373331997523,1134.8239199999998,0.9033333333333332,544,0.9172222222222224,940,0.7794444444444445,492,0.0533333333333333,1,16,16.0,1.0625,0.2271505698926248,0.2386238262092708,0.0466029065908828,0.069114241087009,0.5173624836329821,0.5527391461171003,25
03,alert,easy,1,0,350.65174488888886,284.35015,219.19195978864556,781.5616949999995,0.9644444444444444,227,0.9716666666666668,394,0.8911111111111111,123,0.0083333333333333,0,5,5.0,1.0,0.1887934911003142,0.2484772161185996,0.0364463367263934,0.0926464194447278,0.5846399892352823,0.8945560488967594,0
03,alert,easy,1,1,337.34532005555553,282.13295,203.21523984019356,757.0123799999998,0.975,411,0.9861111111111112,762,0.8972222222222223,174,0.0066666666666666,0,4,4.0,1.0,0.2001064694158939,0.2582939531639717,0.0334880126586186,0.0951331608198549,0.546070516034189,0.6916844153414244,0
03,alert,easy,1,2,338.15319900000003,292.81905,207.91587275854357,726.8218649999999,0.9777777777777776,411,0.9911111111111112,762,0.9083333333333332,174,0.0,0,0,0.0,0.0,0.0,0.2679195798669329,0.0317589494920989,0.1013161999805909,0.53910947349901,0.6481444437029199,4
03,alert,easy,1,3,312.9804797222222,254.0807,203.53217605232615,649.60915,0.9833333333333332,549,0.9911111111111112,1224,0.9377777777777778,352,0.0,0,0,0.0,0.0,0.0,0.2717724489899597,0.0317350762135713,0.1013161999805909,0.5260953328759158,0.6173760122036881,26
03,alert,easy,1,4,313.9673443888888,248.11485,183.5802283133084,674.9033999999998,0.9911111111111112,549,0.9966666666666668,718,0.9327777777777778,352,0.0,0,0,0.0,0.0,0.0,0.2685688746608294,0.0314942683775313,0.1057205222311128,0.5161111734049343,0.5613719275438985,32
03,alert,easy,1,5,317.9855103888889,259.21035,183.62415470964905,732.85618,0.9894444444444443,405,0.9961111111111112,883,0.9138888888888888,177,0.0,0,0,0.0,0.0,0.0,0.267771481925989,0.0333534837647986,0.1049696034692556,0.5189007868846078,0.595555038328003,16
03,alert,easy,1,6,292.069301,243.2684,175.33980528770002,710.35452,0.9883333333333332,405,0.9938888888888888,455,0.9233333333333332,174,0.0,0,0,0.0,0.0,0.0,0.2667542787996929,0.0333018781684679,0.1031020764687565,0.5244324795354701,0.595555038328003,12
03,alert,easy,1,7,274.7373699444444,231.7207,160.34736610033377,667.687945,0.9905555555555556,478,0.9933333333333332,478,0.94,350,0.0,0,0,0.0,0.0,0.0,0.2662683191227524,0.0324589391920181,0.1008946571211191,0.5291554411481654,0.5899388918937193,9
03,alert,hard,1,0,223.7895345,204.536,128.77930117352025,445.053195,0.9955555555555556,916,0.9966666666666668,1192,0.9827777777777778,419,0.0083333333333333,0,5,5.0,1.0,0.1846534891962883,0.2472986241684717,0.023579001224455,0.0881332449852019,0.5401678429535672,0.7693846360875972,4
03,alert,hard,1,1,201.1556042777778,178.6785,127.46028762497863,443.78284,0.9966666666666668,990,0.9966666666666668,990,0.9866666666666668,501,0.0033333333333333,0,2,2.0,1.0,0.1904228597697956,0.2550253780424854,0.0204501897314094,0.0936636466001037,0.5345501897749417,0.599806574818375,7
03,alert,hard,1,2,207.15957427777775,174.65685,146.8680105875397,474.24734,0.9922222222222222,687,0.9927777777777778,687,0.9766666666666668,501,0.0016666666666666,0,1,1.0,1.0,0.1888485153548618,0.2569648766694567,0.0216468900911057,0.0980263237183153,0.539541729235909,0.6815628018416088,4
03,alert,hard,1,3,268.00708983333334,227.58405,162.17690105358244,564.9208699999998,0.9916666666666668,631,0.9938888888888888,634,0.9566666666666668,413,0.0016666666666666,0,1,1.0,1.0,0.1881726223407521,0.260205652379069,0.0263115373329894,0.0980263237183153,0.5382692459193875,0.6815628018416088,0
03,alert,hard,1,4,252.30629844444445,218.6184,157.68765113780486,592.1344749999998,0.9972222222222222,890,0.9994444444444444,1534,0.96,413,0.0,0,0,0.0,0.0,0.0,0.2667163312292668,0.0262971388432575,0.1025244633881462,0.5359103916552328,0.5726528669572527,0
03,alert,hard,1,5,186.0636229444445,146.14024999999998,155.68114129564867,535.2131899999999,0.995,1580,0.9966666666666668,1590,0.975,460,0.0,0,0,0.0,0.0,0.0,0.2696519585294716,0.0239907316512765,0.1035891840216839,0.5416382173323894,0.5886711597328564,0
03,alert,hard,1,6,183.6714016111111,120.42215,170.76551537223804,548.145905,0.9938888888888888,911,0.995,913,0.97,413,0.0,0,0,0.0,0.0,0.0,0.2691100292085659,0.0220111320347762,0.1123802662081498,0.5522521573371297,0.5886711597328564,0
03,alert,hard,1,7,190.4967961111111,156.18255,150.9107988047789,501.066405,0.9966666666666668,850,0.9983333333333332,947,0.9738888888888888,379,0.0,0,0,0.0,0.0,0.0,0.2706213529075081,0.0193088368968563,0.1115107443276161,0.5599836279826299,0.5949749819140576,0
03,sleepy,easy,0,0,585.2709100555556,562.67665,222.25500622427444,962.0283399999998,0.9094444444444444,186,0.9533333333333334,329,0.6033333333333334,43,0.12,0,49,49.0,1.469387755102041,0.1496408936613336,0.1973058979226697,0.0460824163630359,0.0699704979530245,0.5507219687221343,0.7832373987772245,38
03,sleepy,easy,0,1,553.5111331666667,487.36485,298.7608627965169,1161.13226,0.8927777777777778,105,0.91,111,0.7455555555555555,64,0.1216666666666666,0,51,51.0,1.431372549019608,0.1737070041354775,0.2067115001554196,0.0482827156801075,0.0699704979530245,0.5065454362193144,0.7832373987772245,93
03,sleepy,easy,0,2,527.5503994999999,449.5614,317.3130363291667,1215.6374149999997,0.8883333333333333,138,0.8983333333333333,139,0.8038888888888889,138,0.0983333333333333,0,44,44.0,1.3409090909090908,0.1735061028442381,0.2161924138029954,0.0470710650660093,0.0821086136171686,0.5011723675143427,0.5192234042984544,109
03,sleepy,easy,0,3,484.50631933333335,446.5462,276.87799456608053,1067.7982699999995,0.9188888888888888,190,0.9288888888888888,190,0.8266666666666667,109,0.0616666666666666,0,32,32.0,1.15625,0.1736463193450466,0.2220148883051169,0.0414520591513453,0.0813676040110283,0.5063573810944442,0.5324909740866887,77
03,sleepy,easy,0,4,503.2712810555556,477.15555,273.7384431482992,1052.532625,0.9161111111111112,211,0.9333333333333332,212,0.7727777777777778,109,0.045,0,23,23.0,1.173913043478261,0.1825107711965776,0.2308283841542907,0.0387338029827115,0.0813676040110283,0.5095903633312061,0.5324909740866887,40
03,sleepy,easy,0,5,535.2031447777778,484.1766,266.1400306534093,1072.22884,0.8905555555555555,211,0.9216666666666666,212,0.7177777777777777,106,0.0633333333333333,0,34,34.0,1.1176470588235294,0.1831478795160261,0.2279290300245413,0.0430952762785026,0.073130413114206,0.5239501000525515,0.8711032235984687,30
03,sleepy,easy,0,6,540.290129,483.3446,259.512224838706,1054.929855,0.8977777777777778,123,0.9255555555555556,123,0.6805555555555556,71,0.075,0,43,43.0,1.0465116279069768,0.1723782433658045,0.223106524433151,0.0436319981648582,0.073130413114206,0.526211627097985,0.8711032235984687,18
03,sleepy,easy,0,7,538.3206824444444,501.41695,265.3961218732028,1010.463115,0.9283333333333332,144,0.9422222222222222,206,0.6638888888888889,80,0.065,0,38,38.0,1.0263157894736843,0.1866361192052976,0.2315100647386154,0.0437730699055213,0.0792364225191625,0.5353660734147764,1.125787539589921,36
03,sleepy,hard,0,0,490.6503954444444,417.54045,297.20895711767787,1122.8329999999996,0.9172222222222224,199,0.9316666666666666,199,0.7833333333333333,89,0.1816666666666666,0,60,60.0,1.5333333333333334,0.180269678823271,0.185664071894031,0.0537371617251698,0.0661279007949363,0.5729864706593077,0.6526746177726488,0
03,sleepy,hard,0,1,533.9079915555556,440.11135,315.46929824954856,1230.692105,0.8883333333333333,199,0.9122222222222224,298,0.7627777777777778,89,0.1833333333333333,0,56,56.0,1.6428571428571428,0.1784694553719426,0.1911457063348696,0.0568877261384773,0.0783572822618,0.5687287132452216,0.6020060884438212,0
03,sleepy,hard,0,2,599.2489200555556,483.4299,356.5102511530835,1384.5931749999995,0.8338888888888889,120,0.8583333333333333,167,0.6805555555555556,83,0.265,1,52,52.0,1.6730769230769231,0.1696794053563861,0.1783218427849403,0.0617687167261177,0.0795018334083175,0.5558815304987619,0.589715070779396,0
03,sleepy,hard,0,3,588.7063976666666,491.37405,349.437871721908,1357.569935,0.8366666666666667,120,0.8588888888888889,157,0.6872222222222222,73,0.2533333333333333,1,49,49.0,1.510204081632653,0.1583864161484024,0.1773881529915539,0.0593112177293845,0.0809508508105449,0.5416930511514764,0.570065465254144,0
03,sleepy,hard,0,4,520.4500186111111,408.90525,365.923766415245,1224.9535399999995,0.8527777777777777,134,0.8838888888888888,169,0.7405555555555555,73,0.1883333333333333,2,53,53.0,1.2641509433962264,0.167944388582301,0.1933127111407402,0.0579078406621999,0.0784171460634299,0.5279475541276156,0.570065465254144,1
03,sleepy,hard,0,5,565.4430290555556,460.03805,355.95825924772066,1200.4335349999997,0.8438888888888889,137,0.8827777777777778,169,0.665,66,0.2466666666666666,3,56,56.0,1.3214285714285714,0.1714011516452904,0.1873693233411285,0.0625470397600821,0.0776893577144075,0.5189928256999572,0.5397166613388192,3
03,sleepy,hard,0,6,551.5624157777778,456.4022,305.611821394552,1173.0924,0.8594444444444445,137,0.8955555555555555,144,0.6838888888888889,41,0.2233333333333333,1,64,64.0,1.375,0.173203409237948,0.1902593969793639,0.0617033595763983,0.0776893577144075,0.5208202908762333,0.5452949729825222,3
03,sleepy,hard,0,7,521.2262406666666,396.6598,340.2562476707047,1263.873,0.8588888888888889,92,0.8866666666666667,114,0.7433333333333333,63,0.1766666666666666,0,66,66.0,1.606060606060606,0.1716802511246338,0.200857304181815,0.0598780560671049,0.0785066021655903,0.5202385883811718,0.5485788145829005,18
04,alert,easy,1,0,553.6722766111111,548.19475,104.471934202231,732.0700899999999,0.9938888888888888,807,0.995,1521,0.8294444444444444,160,0.0,0,0,0.0,0.0,0.0,0.3055405258119174,0.016173991680475,0.1177593868367019,0.5130746364948748,0.5556796973273194,31
04,alert,easy,1,1,568.994230111111,559.9799,103.62006194550248,760.26153,0.9911111111111112,892,0.995,1080,0.8166666666666667,163,0.0,0,0,0.0,0.0,0.0,0.2962398836573226,0.0171759814910065,0.1148717285423891,0.5174581261846845,0.5556796973273194,11
04,alert,easy,1,2,548.7185343333333,539.10805,94.04874202298284,707.9372899999998,0.9922222222222222,1344,0.995,1611,0.8638888888888889,186,0.0,0,0,0.0,0.0,0.0,0.2919345420909738,0.0176357308857292,0.1022421283752378,0.5174405596967173,0.5388916757080011,10
04,alert,easy,1,3,526.4078105555556,516.18505,88.4551090908207,681.52605,1.0,1800,1.0,1800,0.8666666666666667,261,0.0,0,0,0.0,0.0,0.0,0.2876128032084442,0.0155384598833853,0.1022421283752378,0.5114613788112151,0.5429941693622696,49
04,alert,easy,1,4,555.3128346666667,542.5099,117.44398347395152,747.0385,0.9916666666666668,1074,0.9955555555555556,1530,0.7372222222222222,261,0.0,0,0,0.0,0.0,0.0,0.2925492145721509,0.0143641005499672,0.2107744471707684,0.5093414305476087,0.5429941693622696,75
04,alert,easy,1,5,552.9726506666667,532.2903,118.6112858239074,752.247965,0.9877777777777778,622,0.9955555555555556,1162,0.7611111111111111,316,0.0,0,0,0.0,0.0,0.0,0.2919188251521389,0.0155281896647718,0.1073567921121949,0.5142027474551022,0.5408638585119016,41
04,alert,easy,1,6,533.7663803333334,522.6347000000001,102.08377138203382,728.1725250000001,0.9911111111111112,892,1.0,1800,0.8711111111111111,316,0.0,0,0,0.0,0.0,0.0,0.2833513958273208,0.0173072044273576,0.1070955254061361,0.5172186252334475,0.549223830264044,15
04,alert,easy,1,7,572.1070210555556,558.32065,106.05327416402548,754.1143399999999,0.9922222222222222,473,0.9983333333333332,946,0.7555555555555555,215,0.0,0,0,0.0,0.0,0.0,0.2777377668224108,0.0196295709847088,0.1070955254061361,0.5184628453701593,0.5533795598358593,15
04,alert,hard,1,0,764.7789968888889,778.47125,158.37037453347912,1009.20028,0.8233333333333334,366,0.9233333333333332,476,0.1988888888888889,39,0.0,0,0,0.0,0.0,0.0,0.3198463307353042,0.0246093547021945,0.1297820173700253,0.5076696198126084,0.5617372877257286,8
04,alert,hard,1,1,804.4462954444444,807.7647999999999,153.48199141898448,1028.472095,0.7644444444444445,217,0.91,308,0.0977777777777777,42,0.0,0,0,0.0,0.0,0.0,0.3075176248782584,0.0245670837266304,0.1297820173700253,0.4845087970588645,0.5472059584688613,26
04,alert,hard,1,2,744.0823402777778,743.5075999999999,152.818296234826,948.45217,0.8861111111111111,272,0.9672222222222222,453,0.1744444444444444,54,0.0,0,0,0.0,0.0,0.0,0.3020333750380198,0.0224587846622787,0.1253365978112162,0.492555741451852,0.5628550763611301,79
04,alert,hard,1,3,756.7403741666667,760.0535,134.09664285142588,966.43132,0.8738888888888889,385,0.9588888888888888,567,0.1438888888888889,54,0.0,0,0,0.0,0.0,0.0,0.3021550606333862,0.0231421046253134,0.1249931548255321,0.5211235382878042,0.6052584239637633,59
04,alert,hard,1,4,761.5565783333334,777.5693,130.16965228793802,951.282945,0.87,385,0.9705555555555556,750,0.165,29,0.0,0,0,0.0,0.0,0.0,0.3032746543895166,0.0221148992068792,0.1249931548255321,0.5413581497440423,0.6052584239637633,1
04,alert,hard,1,5,784.4823378888889,798.4146000000001,130.81198296493616,985.97062,0.8638888888888889,301,0.9416666666666668,930,0.1127777777777777,29,0.0,0,0,0.0,0.0,0.0,0.3027013317971701,0.0194396366951078,0.127150843028782,0.5282104063839869,0.5702815262373582,19
04,alert,hard,1,6,801.5951555555556,803.2151,127.4471487777342,1028.86466,0.8172222222222222,231,0.9077777777777778,269,0.0861111111111111,35,0.0,0,0,0.0,0.0,0.0,0.3037448622607046,0.0154218113884051,0.1256125325878502,0.5150217808134395,0.5504647685851976,45
04,alert,hard,1,7,748.9701403888889,733.2779,151.31264553163447,998.928135,0.8511111111111112,545,0.9344444444444444,771,0.2083333333333333,38,0.0,0,0,0.0,0.0,0.0,0.306926742522466,0.0197517766523313,0.1020756668770124,0.5264717552846622,0.5796324026794655,28
04,sleepy,easy,0,0,811.8960245555556,748.49085,216.52977393829372,1214.81015,0.6788888888888889,156,0.7511111111111111,167,0.1844444444444444,54,0.0,0,0,0.0,0.0,0.0,0.2864053535555541,0.0309141724918528,0.1203257972162037,0.5099697989384894,0.5483657557246888,48
04,sleepy,easy,0,1,754.4605638888888,696.48475,242.13536790951048,1304.72058,0.7672222222222222,210,0.8216666666666667,210,0.3083333333333333,63,0.0,0,0,0.0,0.0,0.0,0.2872861801451303,0.0189453775172554,0.1071963541849076,0.5164209441395564,0.5447497746757605,16
04,sleepy,easy,0,2,735.7298494999999,663.4738,262.8185160341504,1292.9566149999996,0.7455555555555555,584,0.8244444444444444,681,0.4033333333333333,140,0.0,0,0,0.0,0.0,0.0,0.2839938217231429,0.0164967735146539,0.1000168796368501,0.522077636851851,0.556843046942292,1
04,sleepy,easy,0,3,763.5147626666667,740.9234,267.87318297522955,1200.1969249999995,0.6533333333333333,494,0.7833333333333333,498,0.3588888888888888,235,0.0016666666666666,0,1,1.0,1.0,0.2320877129362793,0.2847428991823447,0.0202770217258041,0.0887275425627338,0.5148880687696309,0.5862532303914755,3
04,sleepy,easy,0,4,728.7114306666667,695.48435,235.79693354317928,1116.764475,0.7488888888888889,360,0.8266666666666667,363,0.3838888888888889,235,0.0016666666666666,0,1,1.0,1.0,0.233799075842029,0.2932385437489584,0.018640226932448,0.0887275425627338,0.5059938158214922,0.5862532303914755,54
04,sleepy,easy,0,5,717.8377437777779,671.4897000000001,242.6193001488757,1152.027475,0.7994444444444444,360,0.8372222222222222,363,0.4033333333333333,91,0.0,0,0,0.0,0.0,0.0,0.2910473451139871,0.0228179176661119,0.1146760871971899,0.505270888246432,0.5429213087983171,102
04,sleepy,easy,0,6,731.1220798333334,700.7923499999999,228.04028674676897,1170.237135,0.8344444444444444,259,0.8872222222222222,351,0.3033333333333333,90,0.0016666666666666,0,1,1.0,1.0,0.2477878521843541,0.2739848560379089,0.034466258955714,0.0992980639448575,0.5049604876956905,0.5550939838281416,81
04,sleepy,easy,0,7,789.9039114444444,735.25945,256.79437494302294,1248.855085,0.7644444444444445,259,0.8472222222222222,259,0.2088888888888889,80,0.0233333333333333,0,4,4.0,1.5,0.2169353578080255,0.258497059728254,0.0402618772748775,0.0739365406474114,0.5011247977896517,0.5550939838281416,75
04,sleepy,hard,0,0,698.4900461666666,624.7887,241.6004476663452,1074.823165,0.7166666666666667,299,0.8405555555555555,322,0.5,285,0.0016666666666666,0,1,1.0,1.0,0.2318311613832842,0.272316239626877,0.0330762782391907,0.0976414842253662,0.5261345233192345,0.5583881845564441,8
04,sleepy,hard,0,1,642.7289511111111,614.5722000000001,222.9188671428629,974.034205,0.8377777777777777,498,0.9516666666666668,500,0.5177777777777778,285,0.0,0,0,0.0,0.0,0.0,0.2766588713659532,0.0224556124538403,0.1202555074791629,0.5245503460323474,0.5572620454640487,3
04,sleepy,hard,0,2,576.6037045555555,581.3114,177.16307982195698,792.176885,0.9866666666666668,825,0.99,826,0.6033333333333334,181,0.0,0,0,0.0,0.0,0.0,0.2758364321588238,0.021718260348734,0.1202555074791629,0.5234211109873127,0.5487249432081037,6
04,sleepy,hard,0,3,675.4740119999999,643.4485,210.1844178816191,1090.587105,0.8916666666666667,607,0.9233333333333332,607,0.4655555555555555,214,0.0,0,0,0.0,0.0,0.0,0.2597233422677307,0.0449649370736567,0.1118291236368919,0.5259304948990668,0.5574401371145067,6
04,sleepy,hard,0,4,718.007154111111,674.63545,194.93049044954105,1092.24379,0.8555555555555555,534,0.9044444444444444,535,0.3494444444444444,86,0.0,0,0,0.0,0.0,0.0,0.2586372680849679,0.045248595899346,0.1118291236368919,0.5274189817019975,0.5574401371145067,0
04,sleepy,hard,0,5,700.9045240555556,651.6759,165.3095053451188,1025.46581,0.8272222222222222,714,0.8905555555555555,743,0.38,69,0.0,0,0,0.0,0.0,0.0,0.273113231056057,0.0217852300721251,0.1098058425153927,0.5211799361041088,0.5439987166880791,6
04,sleepy,hard,0,6,689.1184641666666,660.42255,167.93327854825972,1018.10999,0.8544444444444445,519,0.9116666666666666,1013,0.385,285,0.0,0,0,0.0,0.0,0.0,0.2768216734254184,0.016129766204634,0.1098058425153927,0.5129613631120199,0.5405890095838369,44
04,sleepy,hard,0,7,654.1690037222222,639.92575,161.2960095449911,978.26235,0.9061111111111112,519,0.9483333333333334,901,0.4527777777777778,285,0.0,0,0,0.0,0.0,0.0,0.2696125593955592,0.0180640546535738,0.1098721551237006,0.5033246512252408,0.5388089006514822,92
05,alert,easy,1,0,436.30648305555553,447.02235,152.97534809642173,628.1019399999999,0.985,892,0.9905555555555556,892,0.9461111111111112,352,0.0,0,0,0.0,0.0,0.0,0.2186993730458893,0.0130210144070491,0.101541042054277,0.4515940343878571,0.4880446243502522,0
05,alert,easy,1,1,408.8287483333333,413.167,136.08803683265953,606.027125,0.9905555555555556,1072,0.9916666666666668,1072,0.9588888888888888,439,0.0,0,0,0.0,0.0,0.0,0.2180225317063844,0.0150887879969422,0.101541042054277,0.449614943047182,0.4868479929586394,0
05,alert,easy,1,2,380.21544616666665,370.2972,142.33939050677813,610.9215999999999,0.9944444444444444,1610,0.9955555555555556,1612,0.96,442,0.0066666666666666,0,4,4.0,1.0,0.1631479138071181,0.2106537869310842,0.0183370746126819,0.0739777024107535,0.4441277642497777,0.4868479929586394,0
05,alert,easy,1,3,413.3296765555556,415.45095,139.66362545070552,633.7127449999999,1.0,1800,1.0,1800,0.9438888888888888,270,0.0066666666666666,0,4,4.0,1.0,0.1517514673328356,0.2005378607400711,0.0182059558379294,0.0739777024107535,0.438330694029296,0.4704782054490681,0
05,alert,easy,1,4,499.976013,487.0821,157.79393113675297,768.0487849999998,0.9894444444444443,1080,0.9938888888888888,1080,0.79,256,0.005,0,2,2.0,1.5,0.1436755072478754,0.1956776390613971,0.0172663538747323,0.0761062602612606,0.4448125001330297,0.4721526282358841,0
05,alert,easy,1,5,580.0364575555556,565.55015,194.9134294134153,870.3316249999999,0.9577777777777776,478,0.9688888888888888,483,0.5838888888888889,158,0.0116666666666666,0,4,4.0,1.75,0.1413840368596647,0.1906088796989997,0.0212004964681723,0.0761062602612606,0.4844260255590309,0.6253791392465358,2
05,alert,easy,1,6,494.59018533333335,461.66545,231.4468749353835,860.015135,0.9638888888888888,748,0.975,1383,0.7016666666666667,361,0.01,0,4,4.0,1.5,0.1328546478196827,0.188049358554617,0.0184521262386378,0.0819997862129745,0.5100779230850876,0.6830138746260842,14
05,alert,easy,1,7,401.0723963333333,396.8739000000001,156.20616519389117,689.351965,0.9905555555555556,892,1.0,1800,0.925,361,0.0233333333333333,0,7,7.0,2.0,0.1450710272209034,0.1913090018264384,0.0218680120502619,0.0819997862129745,0.4591518647392101,0.6830138746260842,13
05,alert,hard,1,0,343.40010166666667,341.8355,165.48902187811098,650.965575,0.9983333333333332,1457,1.0,1800,0.9355555555555556,532,0.0133333333333333,0,4,4.0,2.0,0.1668678871416179,0.2074685751062801,0.0244800784193638,0.0726388957436292,0.4576080527937876,0.528527500874395,17
05,alert,hard,1,1,362.09692522222224,340.5274,160.6694327158313,670.9120399999998,0.9944444444444444,557,0.9983333333333332,1093,0.9238888888888888,421,0.0166666666666666,0,6,6.0,1.6666666666666667,0.1579862965003624,0.1975783298560311,0.0263194564162969,0.0726388957436292,0.4312720871614297,0.5044299907084887,2
05,alert,hard,1,2,383.1510338888889,351.833,181.52523217342903,749.215245,0.9794444444444445,620,0.9916666666666668,1118,0.9133333333333332,390,0.0266666666666666,0,11,11.0,1.4545454545454546,0.167136009116258,0.200461689153845,0.0335836676300162,0.0689094172936933,0.4336085100178117,0.473608833670596,0
05,alert,hard,1,3,443.2658196666667,424.2575,185.7194449889929,808.893475,0.98,662,0.9933333333333332,1072,0.8522222222222222,390,0.07,0,20,20.0,2.1,0.1724408764822818,0.197030420344375,0.0420429912507914,0.0598424857194008,0.4297759058557477,0.473608833670596,0
05,alert,hard,1,4,479.9410703888889,468.28145,182.71964351800088,811.9802699999999,0.985,755,0.9911111111111112,900,0.7905555555555556,286,0.0666666666666666,0,19,19.0,2.1052631578947367,0.1653779063068498,0.1988807537356666,0.0396670766117029,0.0598424857194008,0.4546324540596473,0.635520195256792,13
05,alert,hard,1,5,624.1163042777778,625.5198,201.88693189861183,929.051755,0.9366666666666666,755,0.9677777777777776,766,0.4988888888888889,286,0.0383333333333333,0,13,13.0,1.7692307692307692,0.1647044854316607,0.2092227848943927,0.0344318352040479,0.0695314863056516,0.5041110411672647,0.635520195256792,33
05,alert,hard,1,6,611.4997882222223,612.9412500000001,224.52650293832875,945.135265,0.925,771,0.9616666666666668,825,0.5161111111111111,326,0.0483333333333333,0,12,12.0,2.4166666666666665,0.196832439830439,0.2073983015314129,0.0391662886925215,0.0650568756155168,0.4766988744626319,0.6156890661455829,25
05,alert,hard,1,7,597.2028946111111,542.21485,260.71161301172435,1065.119715,0.8433333333333334,771,0.8933333333333333,825,0.5877777777777777,326,0.0583333333333333,0,17,17.0,2.0588235294117645,0.1944767862835383,0.1935448225963559,0.0419299179033798,0.0650568756155168,0.4662761641423076,0.6566456332941006,6
05,sleepy,easy,0,0,802.1424211666667,813.7561000000001,361.20048091942186,1398.209385,0.5877777777777777,211,0.6677777777777778,219,0.3111111111111111,108,0.1716666666666666,2,24,24.0,2.625,0.1580227400759161,0.1683948002261431,0.050196221847582,0.0646710030266889,0.4375422142232354,0.6063124230118306,1
05,sleepy,easy,0,1,829.3442571111111,846.94775,332.8582418942492,1362.881655,0.5638888888888889,211,0.64,219,0.2794444444444444,108,0.1733333333333333,2,37,37.0,2.054054054054054,0.1289930718522185,0.1476504608735205,0.0415754373759017,0.0646710030266889,0.4197107119659427,0.4704345733980453,0
05,sleepy,easy,0,2,878.8616141666666,898.3596,343.9895264941574,1442.046325,0.5033333333333333,158,0.5855555555555556,168,0.2522222222222222,59,0.3,5,26,26.0,1.8846153846153848,0.1249024100967556,0.1327710704389109,0.0433659618821962,0.0668364819975155,0.4168317052354959,0.4659365319642466,0
05,sleepy,easy,0,3,816.4917895555556,820.9098,333.24924404337867,1384.5074599999998,0.5816666666666667,158,0.6688888888888889,168,0.3166666666666666,59,0.5083333333333333,13,21,21.0,1.8571428571428568,0.1159686353463867,0.1130472789976053,0.0390024965603781,0.0512003013010974,0.4253034722957879,0.4659365319642466,0
05,sleepy,easy,0,4,945.9171685555556,917.8614,409.9595244019961,1663.232415,0.4844444444444444,93,0.5544444444444444,146,0.23,39,0.6683333333333333,14,22,22.0,1.7727272727272727,0.1188735328013299,0.0967188383305405,0.0331575242569427,0.0472982376264956,0.4334713798875013,0.4915817375455502,0
05,sleepy,easy,0,5,1124.1341115555556,1111.94155,430.50563181201176,1797.94743,0.3505555555555555,91,0.4061111111111111,146,0.1261111111111111,40,0.5633333333333334,8,34,34.0,1.6470588235294117,0.110718821459291,0.0997017522436711,0.0315122609740865,0.0472982376264956,0.4551892374326835,0.4923087904611143,0
05,sleepy,easy,0,6,1104.2275032777775,1128.12445,425.4339972388507,1749.6321099999998,0.325,91,0.3761111111111111,134,0.1455555555555555,40,0.22,1,48,48.0,1.4166666666666667,0.1235265002797491,0.1228936082056114,0.0322949432798193,0.0607965530289476,0.4519294651515586,0.5033975434815245,1
05,sleepy,easy,0,7,1234.1141127777778,1225.2165,510.4628593738015,1922.19121,0.2311111111111111,56,0.2738888888888889,84,0.1144444444444444,20,0.1266666666666666,1,32,32.0,1.4375,0.1273464457904271,0.13343399929988,0.0337732160354433,0.073539971555214,0.4389990097185538,0.5033975434815245,1
05,sleepy,hard,0,0,829.0560810000001,813.2855999999999,385.37254213126346,1543.85174,0.5661111111111111,141,0.6305555555555555,216,0.3266666666666666,60,0.4216666666666667,9,19,19.0,1.5263157894736843,0.1425641198654481,0.1268414370505019,0.0510478211299357,0.0640588113893795,0.4399070977873687,0.5338039938433184,0
05,sleepy,hard,0,1,962.0962335,971.9974,451.4761357152052,1661.277355,0.4444444444444444,141,0.5027777777777778,272,0.2472222222222222,91,0.575,9,17,17.0,1.6470588235294117,0.1151753676098786,0.1043535555651642,0.0381233647976745,0.0565989344112651,0.4599383924472877,0.4913185306922413,0
05,sleepy,hard,0,2,975.3183771111112,952.29745,469.8893531839044,1791.769905,0.4461111111111111,118,0.5216666666666666,245,0.2533333333333333,79,0.435,6,20,20.0,2.15,0.1312211465260395,0.119857845691746,0.0448363140682263,0.0565989344112651,0.4549288164322537,0.4913185306922413,0
05,sleepy,hard,0,3,911.4967500555556,900.8299,479.1461304784289,1789.93438,0.4977777777777777,165,0.5772222222222222,205,0.2805555555555555,69,0.3,5,39,39.0,1.8461538461538465,0.129214139003907,0.132686834868469,0.0421964061538562,0.0743592351139397,0.4399356505270673,0.483894435504751,0
05,sleepy,hard,0,4,837.8784462222221,832.0913,427.9402433183184,1451.171025,0.5772222222222222,165,0.6716666666666666,205,0.2966666666666667,69,0.5983333333333334,10,34,34.0,2.0294117647058822,0.1179466898756774,0.1106379640868108,0.0372949470347743,0.0652782073867416,0.4285437719989753,0.47763781992075,0
05,sleepy,hard,0,5,836.4245922222221,864.7991,309.2283488410182,1356.9768949999998,0.5672222222222222,180,0.7138888888888889,180,0.2338888888888889,72,0.6033333333333334,9,24,24.0,2.1666666666666665,0.1098779655129659,0.1107192134021204,0.0359382257676934,0.0652782073867416,0.4394273604792903,0.4727516474472938,0
05,sleepy,hard,0,6,766.6572842777778,778.70565,277.05677837027366,1242.24713,0.6927777777777778,229,0.8038888888888889,230,0.3011111111111111,154,0.4316666666666666,7,26,26.0,2.0,0.1111773476229252,0.1170919345224874,0.0330990590783389,0.0690644495584967,0.4671978251774842,0.6671835637064466,4
05,sleepy,hard,0,7,879.465086722222,877.4659,321.58475595541944,1344.503625,0.5355555555555556,221,0.6311111111111111,224,0.1977777777777777,154,0.3016666666666667,5,26,26.0,2.3846153846153846,0.133101538601917,0.1244153755729372,0.0319170208793481,0.0734661596700959,0.5126769257063685,0.6671835637064466,9
05,sleepy,hard,0,8,1077.7570095555554,1061.2486,297.96937668077976,1564.38069,0.2527777777777777,37,0.3711111111111111,63,0.0361111111111111,11,0.1483333333333333,0,21,21.0,2.6666666666666665,0.137017449390194,0.147207550435706,0.037035225280867,0.0707173847475708,0.4745641016367648,0.6567646532526196,5
06,alert,easy,1,0,419.5468173888888,383.3112,224.65050291633145,914.8623,0.9488888888888888,630,0.9572222222222222,630,0.8516666666666667,540,0.0016666666666666,0,1,1.0,1.0,0.1845765505719473,0.2392006062507808,0.0161956118678971,0.0926211255982513,0.5457349899234091,0.6847090243959192,15
06,alert,easy,1,1,466.18308183333335,422.6263,213.22031549695407,833.2325199999999,0.9644444444444444,1002,0.9716666666666668,1260,0.7527777777777778,370,0.0016666666666666,0,1,1.0,1.0,0.202967337109567,0.2497345752854063,0.0185250280577309,0.0827569672264541,0.6187235212827191,0.6897741834318797,1
06,alert,easy,1,2,555.9519501666667,542.4661000000001,216.0984871279116,904.386535,0.9477777777777778,725,0.9677777777777776,726,0.5955555555555555,270,0.0116666666666666,0,5,5.0,1.4,0.201183723998893,0.2448310251013684,0.028305349150139,0.0772666381282506,0.5977598113331368,0.7974055673175782,10
06,alert,easy,1,3,546.8149608333334,537.2619,183.34241631898516,860.2122649999999,0.9644444444444444,627,0.99,717,0.665,217,0.0133333333333333,0,6,6.0,1.3333333333333333,0.1926448911897581,0.2312649575408283,0.0271925748410584,0.0772666381282506,0.5770830976052775,0.7974055673175782,13
06,alert,easy,1,4,530.8853748888889,514.64355,161.98065590749786,861.696585,0.9611111111111112,1022,0.98,1116,0.7688888888888888,180,0.005,0,3,3.0,1.0,0.1749343027267055,0.2253982255255754,0.0190097326697629,0.0907409902455655,0.6082897489642488,0.7484934555640437,7
06,alert,easy,1,5,525.5686825,509.13505,156.4671665452168,834.010595,0.9672222222222222,711,0.9816666666666668,1260,0.8016666666666666,262,0.0033333333333333,0,2,2.0,1.0,0.1742961078150263,0.2337460566028447,0.0194225906891338,0.0972465312829083,0.6395209397171516,0.7484934555640437,4
06,alert,easy,1,6,553.9436122777778,543.22785,169.2480449712574,852.4006299999999,0.9644444444444444,785,0.9911111111111112,1354,0.6933333333333334,262,0.0016666666666666,0,1,1.0,1.0,0.2070863149563054,0.2551242431141436,0.0221735539750087,0.0984273651778773,0.6238657921322457,0.7203149012816762,0
06,alert,easy,1,7,550.2552352222222,534.0744500000001,161.01001034709958,843.401135,0.9694444444444444,1260,0.9911111111111112,1273,0.7077777777777777,294,0.0066666666666666,0,2,2.0,2.0,0.2108004947107758,0.2496769593500516,0.029158271320858,0.0901565707531601,0.5981804704850208,0.7711266100635594,5
06,alert,easy,1,8,515.3998452222222,518.0777,115.60793560361552,732.196455,0.9972222222222222,1389,1.0,1800,0.8811111111111111,294,0.0066666666666666,0,2,2.0,2.0,0.1885731773790198,0.2414412113178585,0.0249831957619471,0.0901565707531601,0.5858473042290132,0.7711266100635594,5
06,alert,hard,1,0,361.91188222222223,345.24915,131.8549724543497,570.50261,1.0,1800,1.0,1800,0.99,1433,0.0,0,0,0.0,0.0,0.0,0.2401260162049302,0.0192141895219509,0.1162811337212194,0.5783399235289528,0.6718178674117883,0
06,alert,hard,1,1,276.23979833333334,267.08235,125.69140772203411,543.219055,1.0,1800,1.0,1800,1.0,1800,0.0,0,0,0.0,0.0,0.0,0.2494265615205967,0.0142719205640601,0.1424805361601093,0.5589725848547727,0.5912033054033257,0
06,alert,hard,1,2,274.033772,243.71495,160.81283753190735,581.257445,0.9933333333333332,1504,0.9938888888888888,1504,0.9722222222222222,1440,0.0,0,0,0.0,0.0,0.0,0.2540964273839508,0.0150207818747098,0.1702477867954337,0.5691898696969959,0.6341538234988844,0
06,alert,hard,1,3,314.3824327777777,301.62055,147.61531006305583,581.257445,0.9933333333333332,1184,0.9938888888888888,1185,0.9722222222222222,1080,0.0,0,0,0.0,0.0,0.0,0.2568640810275238,0.0126793624326061,0.1735354352198154,0.5800168303751442,0.6341538234988844,0
06,alert,hard,1,4,307.16220333333337,305.57565,118.02727890135252,555.54594,1.0,1800,1.0,1800,0.9927777777777778,1620,0.0,0,0,0.0,0.0,0.0,0.2554627878030721,0.0137851272383695,0.1327698684042308,0.6011670359515038,0.6896480551219375,0
06,alert,hard,1,5,392.3198939444444,384.1061,160.94652058791883,692.532255,1.0,1800,1.0,1800,0.9177777777777778,720,0.0,0,0,0.0,0.0,0.0,0.2612418600942685,0.0187288693870606,0.1327698684042308,0.6357085572719363,0.6906191629058595,0
06,alert,hard,1,6,401.7788691111111,395.82445,202.11574962214763,743.8963799999999,0.9855555555555556,900,0.9877777777777778,903,0.8394444444444444,409,0.0016666666666666,0,1,1.0,1.0,0.2157741771259478,0.2664621707999943,0.0205494647905381,0.089359859756366,0.6656558271398472,0.6998982324353761,0
06,alert,hard,1,7,330.617929,314.7999,172.27119070994868,670.24441,0.9855555555555556,1733,0.9877777777777778,1733,0.9144444444444444,1309,0.0016666666666666,0,1,1.0,1.0,0.2157741771259478,0.2652247259255292,0.0188668939078621,0.089359859756366,0.668838918629141,0.7101653208517775,0
06,alert,hard,1,8,308.0588126111111,319.5692,102.3300768500893,464.40240499999993,1.0,1800,1.0,1800,1.0,1800,0.0,0,0,0.0,0.0,0.0,0.2682362752081175,0.0180613511544619,0.1358448196699434,0.6481166594505884,0.7360792679574111,0
06,sleepy,easy,0,0,904.796387777778,771.3704,581.5057392267985,1948.73585,0.6222222222222222,170,0.6583333333333333,172,0.4005555555555555,86,0.0,0,0,0.0,0.0,0.0,0.2185700830221208,0.0640024492111354,0.1044100074976907,0.5819585002660488,0.7080901309694586,0
06,sleepy,easy,0,1,924.7091042222222,828.4377,479.5165544684597,1904.883545,0.5694444444444444,163,0.6316666666666667,199,0.3166666666666666,69,0.0,0,0,0.0,0.0,0.0,0.2275599843035782,0.0670784754928437,0.1158326046663189,0.5786586437656396,0.6290223422873632,0
06,sleepy,easy,0,2,873.4144163888889,861.1983,435.4157682044295,1688.45487,0.53,163,0.6122222222222222,199,0.3277777777777778,69,0.0,0,0,0.0,0.0,0.0,0.2410157714744265,0.0648617177731337,0.1191763348396613,0.5833770739131983,0.6434856661957247,0
06,sleepy,easy,0,3,840.0396662777779,852.52945,384.7248433655956,1562.58155,0.5522222222222222,152,0.6466666666666666,248,0.2933333333333333,73,0.0,0,0,0.0,0.0,0.0,0.2510118649946843,0.0609626547264284,0.1175017384860012,0.5826694511853964,0.6434856661957247,0
06,sleepy,easy,0,4,763.2889910555556,741.0161499999999,304.24768124102934,1260.07005,0.6861111111111111,189,0.7661111111111111,248,0.3294444444444444,73,0.0,0,0,0.0,0.0,0.0,0.2664551388500763,0.0453107677880117,0.1175017384860012,0.5687924596599304,0.7081882358106442,3
06,sleepy,easy,0,5,783.7100663333333,795.85985,356.02176044469405,1357.51128,0.6411111111111111,189,0.7205555555555555,231,0.3155555555555555,85,0.0,0,0,0.0,0.0,0.0,0.2698357021650818,0.0413438053967122,0.1231294307149732,0.5807216287601589,0.7081882358106442,3
06,sleepy,easy,0,6,806.0254850000001,869.8362,364.9913882251906,1342.0485049999995,0.5338888888888889,129,0.6561111111111111,179,0.2861111111111111,100,0.0,0,0,0.0,0.0,0.0,0.279864284854286,0.0420465524988892,0.1254381043785992,0.6183633781622663,0.6904116535032004,0
06,sleepy,easy,0,7,859.9994215,819.33665,451.47162950274,1701.156415,0.5805555555555556,125,0.6777777777777778,179,0.3094444444444444,100,0.0,0,0,0.0,0.0,0.0,0.2693387916336039,0.0535973456114679,0.1254381043785992,0.6273859889436417,0.6756574760063653,0
06,sleepy,easy,0,8,918.9507920555556,792.6708,501.2641808521367,1973.182125,0.6177777777777778,106,0.6811111111111111,128,0.3088888888888889,92,0.0,0,0,0.0,0.0,0.0,0.2579094516824397,0.0605641148854354,0.1303230828792248,0.6194458790953513,0.6756574760063653,0
06,sleepy,hard,0,0,654.5619157222222,607.8392,287.6893386967437,1215.00688,0.8327777777777777,826,0.8883333333333333,930,0.5183333333333333,180,0.0266666666666666,0,5,5.0,2.0,0.2055732666075747,0.2304036742445546,0.0448626895082363,0.0766513831381514,0.568341633470015,0.6713493517925662,0
06,sleepy,hard,0,1,497.81182538888896,495.22015,211.88196212502177,879.838135,0.9677777777777776,801,0.9866666666666668,925,0.7105555555555556,299,0.0,0,0,0.0,0.0,0.0,0.2514199646769973,0.0331310838307672,0.1002416933586836,0.6119323936527218,0.7436662626262345,0
06,sleepy,hard,0,2,512.8586616111111,482.57105,287.644631804593,1136.5860299999997,0.9111111111111112,787,0.9205555555555556,1045,0.7044444444444444,508,0.0,0,0,0.0,0.0,0.0,0.2537470665519834,0.0336566841256246,0.1002416933586836,0.6638839035005227,0.7436662626262345,0
06,sleepy,hard,0,3,580.845535388889,510.6366,379.3159308446171,1284.03914,0.7827777777777778,343,0.8172222222222222,557,0.6127777777777778,233,0.0,0,0,0.0,0.0,0.0,0.2303829655785321,0.0449687634955352,0.1019172978548191,0.6704523984515646,0.7182771040986308,0
06,sleepy,hard,0,4,609.4876674444445,490.33785,381.99343727542674,1259.195945,0.705,498,0.7572222222222222,498,0.5627777777777778,343,0.0,0,0,0.0,0.0,0.0,0.2311335044135158,0.0503685015591552,0.1019172978548191,0.656014004153037,0.7130797636762505,4
06,sleepy,hard,0,5,653.9968944444444,547.3253500000001,387.7111725765882,1290.1147299999998,0.6938888888888889,498,0.7455555555555555,498,0.5627777777777778,343,0.0016666666666666,0,1,1.0,1.0,0.2316277323340026,0.2399480453104067,0.0543508630016188,0.0992288361189139,0.6034929365015674,0.7091419233121852,4
06,sleepy,hard,0,6,657.4747562222221,566.39685,378.85541116111295,1261.31402,0.7127777777777777,431,0.7555555555555555,431,0.5672222222222222,354,0.0016666666666666,0,1,1.0,1.0,0.2316277323340026,0.229426591332011,0.0495247410349714,0.0992288361189139,0.5767255975115617,0.6271616040630641,0
06,sleepy,hard,0,7,541.2104265555556,465.2642,284.8972465189696,1130.601075,0.8416666666666667,1172,0.8777777777777778,1172,0.7066666666666667,354,0.0,0,0,0.0,0.0,0.0,0.236091934810678,0.0335525396669859,0.104566684666259,0.6048877859260338,0.6970530052404458,0
06,sleepy,hard,0,8,457.3256009444444,421.37745,196.03189153948657,912.2417,0.9466666666666668,741,0.9727777777777776,741,0.8455555555555555,282,0.0,0,0,0.0,0.0,0.0,0.2462213019907211,0.0306089714491429,0.1113668996948722,0.6492353603530238,0.7260099756183767,0
07,alert,easy,1,0,892.1503074999999,882.3732,341.3964241175305,1437.300085,0.5261111111111111,69,0.6666666666666666,159,0.1655555555555555,28,0.1033333333333333,0,47,47.0,1.319148936170213,0.1739751044941295,0.1972011373062915,0.0469607370876996,0.0553306025753401,0.5112647774528584,0.5371356174921269,30
07,alert,easy,1,1,935.4298271666668,957.5957,325.43373930063785,1389.0759549999996,0.3983333333333333,75,0.5372222222222223,90,0.1305555555555555,15,0.1,0,46,46.0,1.3043478260869563,0.1626567628164383,0.1901896728389056,0.045034397558357,0.058440810109838,0.5111960729865764,0.533868272475053,21
07,alert,easy,1,2,901.5947999444444,966.5384,299.92332141205986,1306.4669049999998,0.395,97,0.5183333333333333,153,0.1644444444444444,25,0.0833333333333333,0,40,40.0,1.25,0.162005056877108,0.1870897768579225,0.0407468035706698,0.0615873092934489,0.5120856329122135,0.533868272475053,9
07,alert,easy,1,3,882.6723594999999,920.6096,277.07818431539,1278.59923,0.4633333333333333,97,0.6183333333333333,153,0.1438888888888889,25,0.07,0,32,32.0,1.3125,0.1459560471777616,0.1891651289348328,0.0353316817409612,0.0615873092934489,0.5118907422470429,0.5336052246347138,21
07,alert,easy,1,4,918.8125735555556,945.4737,253.5053528245383,1248.7696049999995,0.3877777777777778,76,0.5833333333333334,90,0.1027777777777777,13,0.0766666666666666,0,34,34.0,1.3529411764705883,0.1506031415007908,0.1885228590337216,0.0363426724927104,0.0722437065122408,0.5122310964728907,0.5336052246347138,21
07,alert,easy,1,5,905.7958775,959.42455,272.3420756489769,1210.356435,0.3438888888888889,35,0.5377777777777778,97,0.1355555555555555,22,0.09,0,39,39.0,1.3846153846153846,0.1546396549133504,0.1836783788220389,0.03922236942809,0.0613648780409029,0.5135570161034373,0.5324825206850333,13
07,alert,easy,1,6,795.9908587777777,829.6197999999999,289.4265002659785,1149.975035,0.6072222222222222,123,0.7305555555555555,348,0.2477777777777778,27,0.0833333333333333,0,36,36.0,1.3888888888888888,0.1551464737863419,0.1869439679935797,0.0400249318491791,0.0613648780409029,0.5100649959462416,0.5325807236656103,30
07,alert,easy,1,7,660.5060746666666,638.5425,265.82090202922745,1057.5345249999996,0.8961111111111111,238,0.9305555555555556,348,0.46,31,0.09,0,41,41.0,1.3170731707317074,0.153692502583782,0.1879747570586706,0.0413970204364266,0.0583316801429035,0.5105926561428137,0.5341449940034609,23
07,alert,easy,1,8,613.5131336666667,601.2229500000001,281.6764166750917,905.15654,0.9477777777777778,284,0.9594444444444444,449,0.5777777777777777,35,0.1233333333333333,0,51,51.0,1.4509803921568627,0.1457958756672931,0.1790265366519381,0.0437406937753304,0.0583316801429035,0.5151105571729785,0.5341449940034609,6
07,alert,hard,1,0,714.5917126111112,697.42275,306.3272014148337,1268.171825,0.8283333333333334,123,0.8733333333333333,200,0.3911111111111111,47,0.1266666666666666,0,47,47.0,1.6170212765957446,0.1480772545943845,0.1742602176583533,0.043437537707502,0.0561334703162816,0.5060963943612002,0.6085036210202528,60
07,alert,hard,1,1,645.8251997222222,586.4205,378.1072340948019,1470.63086,0.8716666666666667,123,0.8838888888888888,171,0.5405555555555556,84,0.13,0,46,46.0,1.6956521739130437,0.1372805807739228,0.1665506796248163,0.0411437780336432,0.0576777348414203,0.5148895630415694,0.5406477779872275,26
07,alert,hard,1,2,634.7908628888889,564.52585,378.876163535641,1519.421195,0.8644444444444445,115,0.885,115,0.58,84,0.1316666666666666,0,50,50.0,1.58,0.1436930977723876,0.1665242625961738,0.0411920076645785,0.0540578942778423,0.5150364721200721,0.5406477779872275,33
07,alert,hard,1,3,600.3056105555555,568.4444000000001,367.0976090738307,1339.12676,0.8844444444444445,245,0.9111111111111112,304,0.5933333333333334,91,0.1216666666666666,0,50,50.0,1.46,0.1488435342086633,0.1743966439317839,0.0418069748200587,0.0540578942778423,0.5136270729222168,0.5382355561284987,35
07,alert,hard,1,4,551.9583963888889,565.70135,295.06529396751426,938.79343,0.935,301,0.9588888888888888,362,0.5988888888888889,91,0.0883333333333333,0,41,41.0,1.2926829268292683,0.1463706932327331,0.1826533784838274,0.0377119489266892,0.0614315238049897,0.5169159311868167,0.5382355561284987,8
07,alert,hard,1,5,621.4244506111111,625.2535499999999,289.83114364291225,1143.6922499999998,0.8966666666666666,175,0.93,299,0.4988888888888889,45,0.1266666666666666,0,50,50.0,1.52,0.1480506515374221,0.1760475246743406,0.0431132097526904,0.0531989842954017,0.522113363165034,0.5759975255848656,7
07,alert,hard,1,6,666.4537583888889,660.51865,328.5832923851282,1295.3343649999997,0.8383333333333334,274,0.8961111111111111,288,0.4588888888888889,49,0.1566666666666666,0,59,59.0,1.5932203389830508,0.1523230371487102,0.1737173406395266,0.0474063105387059,0.0531989842954017,0.5309587854186124,0.5759975255848656,2
07,alert,hard,1,7,585.9763945555557,566.0415,292.6525538739642,1004.18929,0.9011111111111112,384,0.94,399,0.5955555555555555,51,0.1366666666666666,0,55,55.0,1.490909090909091,0.1484228476361043,0.1777339880457406,0.0456676670169526,0.0592402904783988,0.5279650526211732,0.5538016913978573,0
07,alert,hard,1,8,529.5254354444444,539.0482,256.4046412632602,883.56516,0.9538888888888888,550,0.9661111111111113,550,0.6416666666666667,92,0.1216666666666666,0,50,50.0,1.46,0.1475753954347481,0.1795568801124222,0.0437232069814911,0.0652122293859389,0.5253449979268582,0.5524240940367208,0
07,sleepy,easy,0,0,1023.5489065555556,945.3281,425.7924192723769,1783.5175399999998,0.4522222222222222,58,0.5283333333333333,59,0.1522222222222222,44,0.1866666666666666,0,56,56.0,1.7142857142857142,0.1524484600202154,0.1621466112467764,0.0506756044436221,0.0503739384963108,0.5156248295614408,0.5412738176522855,13
07,sleepy,easy,0,1,1018.653302222222,947.08,421.10218619254886,1760.30161,0.465,58,0.5205555555555555,59,0.14,14,0.13,0,49,49.0,1.5918367346938775,0.149860678850355,0.175940257988504,0.0469543506675581,0.0503739384963108,0.5132223637135279,0.5409826620563443,16
07,sleepy,easy,0,2,1071.0001270555554,1054.89005,423.05117673762027,1740.15592,0.3727777777777777,91,0.4422222222222222,91,0.1355555555555555,41,0.0866666666666666,0,42,42.0,1.238095238095238,0.148874094672308,0.188896734427175,0.0401857400837327,0.0587987464277758,0.5005514855974811,0.5326812433066581,45
07,sleepy,easy,0,3,1155.2552187222225,1171.29225,465.4037348876864,1902.48339,0.325,91,0.3727777777777777,91,0.1477777777777777,41,0.0733333333333333,0,38,38.0,1.1578947368421053,0.1474899871583684,0.1937314057136713,0.0390257321566174,0.0619758742395101,0.4957088144899471,0.5195937478619475,88
07,sleepy,easy,0,4,1242.727551,1280.29585,490.2314979956128,2039.21973,0.2605555555555555,61,0.2855555555555555,74,0.13,33,0.0766666666666666,0,43,43.0,1.069767441860465,0.1467810903610797,0.1950460274072053,0.0420827505783391,0.0742047378083252,0.499511830501822,0.5195937478619475,119
07,sleepy,easy,0,5,1175.805408166667,1115.37885,507.3847415285088,2058.74635,0.335,48,0.3861111111111111,48,0.1266666666666666,18,0.165,1,59,59.0,1.1864406779661016,0.1492282310770253,0.181040304323956,0.0525968053277745,0.0666259268072407,0.4998243004955339,0.5202520759017957,118
07,sleepy,easy,0,6,1058.2131833888889,966.38965,490.5957867702027,2038.75204,0.4194444444444444,30,0.5122222222222222,46,0.1283333333333333,12,0.1916666666666666,1,62,62.00000000000001,1.3870967741935485,0.155823633573299,0.1759322949450375,0.0530872076284994,0.0567185984430677,0.4998304779341707,0.5254885873903691,117
07,sleepy,easy,0,7,1086.3232478333334,1024.33025,467.3719164502532,1839.581215,0.3411111111111111,30,0.4361111111111111,33,0.1133333333333333,13,0.165,0,61,61.0,1.6229508196721312,0.1527749481788541,0.1746196669316045,0.049313042432763,0.0567185984430677,0.5037239352863977,0.5341989637073801,93
07,sleepy,easy,0,8,1222.685372944445,1136.1826,554.8417914390944,2526.83524,0.2361111111111111,24,0.3138888888888889,28,0.0977777777777777,13,0.19,0,62,62.00000000000001,1.7419354838709675,0.1556022988335841,0.1642830047998695,0.0482801477527698,0.0569138848842909,0.5100467019075581,0.5341989637073801,42
07,sleepy,hard,0,0,940.2618979444444,927.8795,429.19928718600505,1758.730375,0.4772222222222222,75,0.5511111111111111,97,0.2661111111111111,55,0.195,0,58,58.0,1.6896551724137931,0.1509791801769485,0.1601125740210148,0.0508374807895781,0.0531913693168494,0.5136328907698338,0.5493596638577403,14
07,sleepy,hard,0,1,755.445256111111,642.0658,436.5073248405976,1668.899555,0.67,520,0.7261111111111112,522,0.4833333333333333,133,0.145,0,40,40.0,1.525,0.1490936660218669,0.1679286331391765,0.0454674747635995,0.0600045037070205,0.5103959559850704,0.5423958619395577,28
07,sleepy,hard,0,2,826.2060773333333,795.90515,426.0302202080156,1474.383885,0.5661111111111111,520,0.615,522,0.3888888888888889,133,0.16,0,42,42.0,1.9285714285714288,0.1403758197575827,0.1550819716997706,0.042640855578943,0.0623346387371201,0.5086250788865164,0.5270147494083279,32
07,sleepy,hard,0,3,1059.7070069444444,1072.3658,313.4383177073796,1495.498225,0.2916666666666667,60,0.3811111111111111,65,0.0827777777777777,14,0.18,0,50,50.0,2.16,0.1255687851447509,0.1357632795633518,0.0304246823701192,0.0633837519985537,0.509718832504535,0.5270147494083279,33
07,sleepy,hard,0,4,1024.6471855,1031.9956,259.2450234065838,1405.428235,0.2694444444444444,32,0.4027777777777778,41,0.0627777777777777,14,0.1616666666666666,0,44,44.0,2.2045454545454546,0.1250285286939294,0.1418029290652051,0.0319103031113371,0.06529960368754,0.5096376592476201,0.5310133707192053,34
07,sleepy,hard,0,5,1017.6330649444444,1035.8489,264.47572241637505,1385.39714,0.2777777777777778,29,0.3966666666666666,39,0.0672222222222222,10,0.1783333333333333,0,52,52.0,2.0576923076923075,0.13240621751204,0.1519363561761288,0.0386404982084618,0.06529960368754,0.5122065758783272,0.5319682851135872,16
07,sleepy,hard,0,6,1023.7319363333334,1022.6912,312.4999937462728,1454.12519,0.2866666666666667,22,0.4111111111111111,59,0.0772222222222222,10,0.18,0,54,54.0,1.9074074074074077,0.1345120613034267,0.1580357137523487,0.0417315279134402,0.0651611601554055,0.5134511569827318,0.5319682851135872,18
07,sleepy,hard,0,7,983.1646277777778,966.6835,349.5693210474216,1529.37884,0.3455555555555555,31,0.5188888888888888,59,0.1005555555555555,17,0.1933333333333333,0,50,50.0,2.0,0.1358666325083446,0.1495969834314329,0.0399441099388946,0.0651611601554055,0.5131505290001945,0.5347761842831198,17
07,sleepy,hard,0,8,975.7280503888888,967.5727,333.21248424633575,1513.02838,0.36,39,0.52,46,0.1272222222222222,17,0.2083333333333333,0,46,46.0,2.108695652173913,0.135434467762651,0.1433692504326336,0.0384932814322991,0.0578379878130604,0.5104605800245601,0.5380772915734032,22
08,alert,easy,1,0,200.7945583333333,159.09109999999998,168.66472919010985,563.332329999999,0.9911111111111112,598,0.9933333333333332,932,0.955,286,0.0366666666666666,0,16,16.0,1.375,0.2740519730352005,0.2780316010970989,0.0482008263874955,0.0474994171148114,0.5354683565005545,0.6258405415533849,9
08,alert,easy,1,1,217.4576048333333,166.86669999999998,178.48316434241045,600.705935,0.99,778,0.9933333333333332,778,0.9522222222222222,286,0.0366666666666666,0,17,17.0,1.2941176470588236,0.2769084316474212,0.2751212057876239,0.0471823027754341,0.0480011775116449,0.5460116463534357,0.6965854585501663,0
08,alert,easy,1,2,257.2513133333333,219.0114,171.67598662565214,648.1793299999999,0.99,485,0.995,777,0.9444444444444444,235,0.035,0,16,16.0,1.3125,0.2729039813480241,0.2712651928801793,0.0457133643966721,0.0562450195762079,0.5462925247534639,0.6965854585501663,3
08,alert,easy,1,3,256.2012931111111,220.034,180.5888925535508,630.2845349999994,0.9827777777777778,396,0.9938888888888888,689,0.9488888888888888,243,0.0433333333333333,0,19,19.0,1.368421052631579,0.2587614142049279,0.2613528641348072,0.0479897894264644,0.0521217274165174,0.5472381444182317,0.6960548488220701,3
08,alert,easy,1,4,204.6747898333333,144.39875,171.25162811631964,544.1420649999994,0.9855555555555556,780,0.995,956,0.9677777777777776,296,0.04,0,17,17.0,1.411764705882353,0.2712843567823606,0.2660115771969212,0.0462267667953752,0.0521217274165174,0.5580653636621864,0.6960548488220701,0
08,alert,easy,1,5,189.02902411111117,154.266,147.76801227859775,488.768325,0.9938888888888888,495,0.9944444444444444,495,0.9666666666666668,296,0.035,0,13,13.0,1.6153846153846154,0.2682695812708371,0.2691285131375904,0.0415849389092346,0.0578482493734726,0.560826425710492,0.6029717880422735,0
08,alert,easy,1,6,247.17532183333333,205.04875,165.17938979876465,594.903555,0.9877777777777778,817,0.9922222222222222,817,0.9522222222222222,253,0.0416666666666666,0,14,14.0,1.7857142857142858,0.2364591645286286,0.2657960570733247,0.0438968552498576,0.0586620128849813,0.5624623980286951,0.6029717880422735,0
08,alert,easy,1,7,258.1634055,218.8333,168.31780954885207,607.2094749999998,0.9844444444444445,594,0.9905555555555556,595,0.9516666666666668,213,0.0433333333333333,0,15,15.0,1.7333333333333334,0.2467617707343952,0.2663988070509839,0.0452501553065945,0.0443509333835198,0.5537771941118662,0.5854350146690629,1
08,alert,easy,1,8,236.76077872222223,193.1398,166.7393631130331,625.1353499999998,0.9838888888888888,539,0.9877777777777778,539,0.95,213,0.0416666666666666,0,14,14.0,1.7857142857142858,0.2644543966358563,0.2653161709053775,0.0436644200363796,0.0443509333835198,0.5459996321861165,0.5941462111508149,5
08,alert,hard,1,0,162.91250961111112,129.51625,123.19479569887778,380.25529499999993,0.9983333333333332,1737,1.0,1800,0.9855555555555556,817,0.0366666666666666,0,15,15.0,1.4666666666666666,0.2765354129601757,0.2783329908335313,0.0475312551358282,0.0498842452829612,0.5559490807262246,0.6011066551723485,0
08,alert,hard,1,1,133.98218327777778,111.41365,95.31689352325417,299.03357,0.9983333333333332,960,1.0,1800,0.9955555555555556,959,0.03,0,12,12.0,1.5,0.2504830694265075,0.2754724194471887,0.0405742731130229,0.0498842452829612,0.559300881110303,0.5910672020490325,0
08,alert,hard,1,2,139.32034155555556,124.06045,89.06675541018498,309.788685,1.0,1800,1.0,1800,0.995,912,0.025,0,11,11.0,1.3636363636363635,0.2643889819306464,0.2774687467513609,0.0384658196927984,0.0555843892201359,0.5653709959029825,0.6146735473025765,0
08,alert,hard,1,3,163.2671782222222,141.9542,112.3032036457015,314.96616999999947,0.9961111111111112,1058,0.9977777777777778,1184,0.9872222222222222,466,0.035,0,15,15.0,1.4,0.2658701196480606,0.2809479047391917,0.0459657674684844,0.0555843892201359,0.5674495437869388,0.6146735473025765,0
08,alert,hard,1,4,167.70059683333335,148.56815,127.26139847383853,326.6962,0.9922222222222222,865,0.9938888888888888,865,0.985,655,0.0366666666666666,0,16,16.0,1.375,0.2498191210144055,0.2787167216723983,0.047494290974862,0.0608627678287988,0.557657451648494,0.5941892578582454,10
08,alert,hard,1,5,161.54334872222222,140.72315,124.81362537158914,346.01609999999994,0.9938888888888888,533,0.9938888888888888,533,0.985,486,0.0316666666666666,0,13,13.0,1.4615384615384617,0.249667065111577,0.2757734914553051,0.044533877547996,0.0576666652516769,0.5595700299371373,0.607632747160735,10
08,alert,hard,1,6,205.54568005555555,156.7147,188.6226659425548,520.98551,0.9816666666666668,533,0.9838888888888888,533,0.9622222222222222,194,0.0416666666666666,0,16,16.0,1.5625,0.2614707183180014,0.271142420282519,0.0482309532912916,0.0576666652516769,0.5680657988239921,0.6122632483468567,0
08,alert,hard,1,7,221.9169213333333,157.10185,229.08782162083375,637.1238149999999,0.9794444444444445,689,0.9816666666666668,689,0.9472222222222222,181,0.0566666666666666,0,20,20.0,1.7,0.2598198478253418,0.2715241577380428,0.0531636190190009,0.0520539102036154,0.5610622574443979,0.6122632483468567,2
08,alert,hard,1,8,177.1359716111111,148.19915,178.2303569613534,415.397115,0.9955555555555556,1187,0.9955555555555556,1187,0.9711111111111111,373,0.0466666666666666,0,17,17.0,1.6470588235294117,0.2632159992813195,0.2776461507103208,0.0493860071966201,0.0507268668562528,0.5658223577467834,0.6031832048378152,2
08,sleepy,easy,0,0,342.38603772222217,240.18845,278.8968420218957,924.08673,0.9322222222222222,598,0.975,598,0.8288888888888889,190,0.04,0,17,17.0,1.411764705882353,0.2907878575814551,0.2730975779808736,0.0503790154609041,0.0317875754201116,0.563200249444646,0.6622879466578626,0
08,sleepy,easy,0,1,272.6189817222222,206.16255,215.784168175603,699.26857,0.985,792,0.985,792,0.9105555555555556,223,0.05,0,15,15.0,1.6666666666666667,0.2769534059668586,0.267600888563202,0.0511157423007519,0.0440708485090474,0.5601392073153727,0.5977444081579063,0
08,sleepy,easy,0,2,306.0000201111111,227.38715,248.5497906444336,780.0339799999996,0.9777777777777776,442,0.9811111111111112,442,0.88,194,0.0583333333333333,0,19,19.0,1.5789473684210529,0.3111520095216673,0.2617205446411435,0.0548200105006447,0.0471586367387233,0.563953556330114,0.5912130883951484,0
08,sleepy,easy,0,3,311.0534662222222,242.2055,236.7433278456841,803.6148549999997,0.9722222222222222,368,0.9766666666666668,368,0.9155555555555556,279,0.0583333333333333,0,20,20.0,1.5,0.3320085402598628,0.2611870691015877,0.0582843611485443,0.0409260735935651,0.563280162654376,0.6000988147884064,0
08,sleepy,easy,0,4,323.2143766666667,258.20725000000004,242.98978543656676,797.5928,0.9627777777777776,354,0.9655555555555556,355,0.8966666666666666,279,0.055,0,16,16.0,1.75,0.3311264502604547,0.2615749332535424,0.0555161470831548,0.0409260735935651,0.5614386747158413,0.6000988147884064,0
08,sleepy,easy,0,5,328.2095478888889,255.099,272.87958233175544,864.2215299999998,0.9544444444444444,298,0.9616666666666668,342,0.8788888888888889,296,0.0533333333333333,0,20,20.0,1.6,0.3041777975672802,0.2690291944791239,0.055596428279165,0.0413069967811086,0.5586545596935611,0.5979918216260007,1
08,sleepy,easy,0,6,348.4625334444445,297.99565,263.14514388629897,769.2800349999997,0.9666666666666668,402,0.975,902,0.8966666666666666,222,0.04,0,17,17.0,1.411764705882353,0.3068088122183284,0.2790669434703932,0.0510692845422175,0.0350197678979248,0.5625113758438315,0.5970331376216103,1
08,sleepy,easy,0,7,370.3399727777778,332.456,240.059482241949,805.028915,0.9811111111111112,581,0.9872222222222222,774,0.8555555555555555,222,0.045,0,17,17.0,1.588235294117647,0.299922455533412,0.2704221494950616,0.0523645112492432,0.0350197678979248,0.5733162214872912,0.6149162922748322,0
08,sleepy,easy,0,8,335.75771938888886,287.99475,229.34533077151343,811.789255,0.9788888888888888,581,0.985,774,0.8794444444444445,231,0.0616666666666666,0,21,21.0,1.761904761904762,0.2764274935327402,0.2564075253128859,0.0564472336189797,0.0414146097938239,0.5706924906147832,0.6149162922748322,0
08,sleepy,hard,0,0,266.8104133888889,190.0605,227.4609020503528,741.1456649999999,0.9694444444444444,422,0.9761111111111112,734,0.9211111111111112,278,0.085,0,24,24.0,1.7916666666666667,0.2790858534672828,0.2579854253221814,0.0632555742735858,0.0452741217740636,0.5655555202563293,0.6857864287895,0
08,sleepy,hard,0,1,250.2838345,180.8245,195.49963373248067,638.9144749999998,0.9905555555555556,1060,0.9944444444444444,1634,0.9411111111111112,274,0.0966666666666666,0,29,29.0,1.7241379310344829,0.2776873703473579,0.2521382080673792,0.0665782341570299,0.0452741217740636,0.5705730844291882,0.6071054102832352,0
08,sleepy,hard,0,2,222.70256966666665,182.18945,146.69115838790384,555.354985,0.9983333333333332,1061,0.9988888888888888,1061,0.9744444444444444,307,0.0866666666666666,0,26,26.0,1.6923076923076923,0.2506665519922102,0.2500521045246769,0.062532294269527,0.0568458726104061,0.5746263107452144,0.6071054102832352,0
08,sleepy,hard,0,3,271.799006,223.61085,217.9937490451821,596.9870499999996,0.9894444444444443,1215,0.9916666666666668,1216,0.9544444444444444,386,0.105,1,24,24.0,2.125,0.2928451329108934,0.2475273838301345,0.0690943743286401,0.0474794330747893,0.57068674658723,0.6024917966709503,0
08,sleepy,hard,0,4,329.3356717222223,267.66515,282.4603145092311,862.0284649999999,0.9561111111111112,479,0.9605555555555556,479,0.905,177,0.1166666666666666,2,21,21.0,2.238095238095238,0.2970291697550534,0.2477238370794133,0.0739727424951466,0.0468267754073171,0.565429388594548,0.6071303305758826,0
08,sleepy,hard,0,5,391.5048028888889,298.92555000000004,294.11425461153925,1120.233445,0.9105555555555556,353,0.9238888888888888,353,0.8522222222222222,230,0.1516666666666666,2,25,25.0,1.88,0.2727163839804219,0.2398464380410405,0.0770914623391852,0.0468267754073171,0.5714329229984044,0.6071303305758826,0
08,sleepy,hard,0,6,388.3735377777778,286.46905000000004,314.01662789246285,1070.25604,0.8966666666666666,399,0.92,414,0.8455555555555555,305,0.14,1,25,25.0,1.84,0.2569102370380149,0.2401356971276817,0.0733074060746883,0.0577933233158628,0.5761950623332738,0.6039150202941573,0
08,sleepy,hard,0,7,344.33864588888883,252.82505,281.973586181182,959.375045,0.9372222222222222,418,0.9588888888888888,821,0.8705555555555555,305,0.115,2,21,21.0,1.6666666666666667,0.286852764309883,0.2440370414965542,0.0719791629572963,0.0447430956369096,0.5701556682902265,0.5996709147118219,0
08,sleepy,hard,0,8,356.90994944444446,307.66055,225.67033550949876,822.2426999999999,0.9666666666666668,407,0.9805555555555556,407,0.8705555555555555,157,0.13,2,25,25.0,1.76,0.286856769911318,0.2361560059817215,0.0740229776543704,0.0447430956369096,0.5662681520626527,0.5996709147118219,0
09,alert,easy,1,0,209.37941833333332,136.2461,206.22624213288253,716.4220250000001,0.9861111111111112,443,0.995,851,0.9311111111111112,167,0.0516666666666666,0,27,27.0,1.148148148148148,0.2190152833350991,0.2620133501885204,0.0462248293208247,0.0680493424453952,0.5050683992311585,0.6405601547314869,51
09,alert,easy,1,1,210.44095716666664,136.9379,204.3863534810144,694.5676100000001,0.9866666666666668,712,0.9944444444444444,898,0.9366666666666666,135,0.055,0,30,30.0,1.1,0.2157651589293553,0.2596174530978885,0.0484219419056623,0.0680493424453952,0.4989255215222204,0.5494413170812247,56
09,alert,easy,1,2,192.2737003333333,136.2625,175.00828244239162,595.511135,0.9961111111111112,1612,0.9961111111111112,1612,0.9605555555555556,178,0.0383333333333333,0,23,23.0,1.0,0.2151041127998525,0.2605009193215361,0.0432888262133334,0.072394992428703,0.4937874733130266,0.5412183288863048,49
09,alert,easy,1,3,174.57763094444442,128.5029,149.67036324748324,502.78938,0.9983333333333332,1272,0.9983333333333332,1272,0.9788888888888888,363,0.03,0,18,18.0,1.0,0.2060019256942678,0.2607342995559599,0.0393023513089076,0.0733842689857411,0.4878634320980857,0.5317780490701208,40
09,alert,easy,1,4,184.05531605555552,133.92905000000002,157.84557382041538,556.198985,0.9933333333333332,713,0.9966666666666668,713,0.9711111111111111,210,0.03,0,18,18.0,1.0,0.2098371725134716,0.2591572173489265,0.0402298019954723,0.069056846005265,0.4937746951225815,0.5591302210807703,43
09,alert,easy,1,5,197.77559838888888,143.1363,162.25315709575486,592.0001149999999,0.995,1291,0.9983333333333332,1609,0.9583333333333334,173,0.0416666666666666,0,24,24.0,1.0416666666666667,0.2093826890460733,0.2560328973256213,0.0445329256965963,0.069056846005265,0.4947981081051828,0.5591302210807703,55
09,alert,easy,1,6,187.6647903888889,139.78015,163.27154365199883,580.002795,0.9961111111111112,1093,1.0,1800,0.9605555555555556,332,0.0466666666666666,0,27,27.0,1.037037037037037,0.2134629363978849,0.2563225958430594,0.0443692860708749,0.0732720681289652,0.4900102552946704,0.5335150754368554,48
09,alert,easy,1,7,187.5405065,144.9207,165.35527585330573,543.0033,0.9944444444444444,1157,0.9983333333333332,1440,0.9638888888888888,332,0.0416666666666666,0,23,23.0,1.0869565217391304,0.212937274606761,0.2558707253144497,0.0425228894542592,0.0732720681289652,0.4941496852312919,0.6390840896053787,44
09,alert,easy,1,8,197.5795405,152.6859,154.59073000707298,540.80437,0.9972222222222222,1180,0.9983333333333332,1257,0.9638888888888888,278,0.0383333333333333,0,21,21.0,1.0952380952380951,0.2040169762654869,0.2554242052271784,0.0415279676234536,0.075386811016763,0.4966103209232335,0.6390840896053787,68
09,alert,hard,1,0,207.38658166666667,171.14175,159.94420978316427,570.3292149999997,0.9905555555555556,739,0.9938888888888888,777,0.9588888888888888,269,0.0383333333333333,0,22,22.0,1.0454545454545454,0.2251392801831863,0.2629415095021857,0.0421538672297598,0.0615536732416244,0.5244182372603122,0.6795637675676761,18
09,alert,hard,1,1,224.3849575,186.2243,162.29783049734908,615.9254049999998,0.9916666666666668,666,0.9933333333333332,666,0.9511111111111112,190,0.0433333333333333,0,23,23.0,1.1304347826086956,0.2208321298734191,0.2592587398014628,0.0454139025759203,0.0632903526502522,0.5237575758369651,0.5615481835427198,20
09,alert,hard,1,2,222.4254763333333,183.60555,176.85942993477494,639.72814,0.9844444444444445,666,0.9883333333333332,666,0.9472222222222222,239,0.0416666666666666,0,21,21.0,1.1904761904761905,0.2138285420481206,0.2599138261668524,0.0451766596434898,0.066570374079913,0.5253069597416419,0.5617793996221666,24
09,alert,hard,1,3,204.4838493888889,165.13934999999998,178.1448495048913,549.5923949999992,0.9844444444444445,493,0.9883333333333332,493,0.9583333333333334,239,0.0416666666666666,0,22,22.0,1.1363636363636365,0.2202872118498663,0.2614326621431818,0.044703966554821,0.066570374079913,0.5225124098415076,0.5617793996221666,29
09,alert,hard,1,4,216.7878587222222,178.5385,176.94348485438624,572.7760999999999,0.985,493,0.9894444444444443,1013,0.9588888888888888,189,0.0483333333333333,0,25,25.0,1.16,0.2232781089079658,0.2603648112943841,0.0483323791321968,0.0681014569145953,0.5238637711451869,0.5731911518647262,24
09,alert,hard,1,5,214.5331781111111,174.78555,175.00347869949135,572.5037249999999,0.9861111111111112,724,0.9927777777777778,1068,0.9588888888888888,312,0.0433333333333333,0,22,22.0,1.181818181818182,0.2289014846816944,0.2613622742635902,0.0480058276758965,0.0629850770495978,0.5302004368005145,0.5893930241340728,10
09,alert,hard,1,6,205.99107105555555,153.1519,180.9370413090221,570.9373649999999,0.9905555555555556,724,0.9927777777777778,780,0.9577777777777776,313,0.05,0,26,26.0,1.1538461538461535,0.2270778704786847,0.2572445887437194,0.0505033607982816,0.0629850770495978,0.5259040191660277,0.5893930241340728,14
09,alert,hard,1,7,229.8470632222222,181.33805,206.0324704605005,640.8371399999996,0.9833333333333332,524,0.9844444444444445,524,0.9477777777777778,253,0.0666666666666666,0,34,34.0,1.1764705882352942,0.2244537968782197,0.2501379089723938,0.0541558938705805,0.0681090705903256,0.517282701376825,0.5783675720130423,32
09,alert,hard,1,8,218.9205435,174.95425,200.69744760306105,616.56045,0.9816666666666668,468,0.9855555555555556,548,0.9516666666666668,301,0.065,0,31,31.000000000000004,1.2580645161290325,0.2155054748414784,0.2526759487354937,0.053016504902996,0.0703375346969327,0.5193192694175736,0.5783675720130423,25
09,sleepy,easy,0,0,553.8571737222222,494.9589,408.50667432074135,1408.6827049999995,0.8827777777777778,163,0.9066666666666666,191,0.6483333333333333,108,0.055,0,25,25.0,1.32,0.2082191421736184,0.2473821873910942,0.0492840974481367,0.0554918614979826,0.5231368497443589,0.7009022952031372,41
09,sleepy,easy,0,1,599.4907643888888,534.9855500000001,405.6999535171514,1475.22349,0.8672222222222222,163,0.9016666666666666,169,0.6266666666666667,108,0.065,0,31,31.000000000000004,1.2580645161290325,0.2042440331141757,0.2454572966695853,0.0527391699100194,0.0760957473783132,0.5127671715581689,0.6352281172658064,37
09,sleepy,easy,0,2,724.6514410555556,610.07485,529.8550016257071,2014.6735249999997,0.8088888888888889,141,0.8477777777777777,178,0.525,124,0.0766666666666666,0,38,38.0,1.2105263157894737,0.2074631203233984,0.2395131083398731,0.0585578115254078,0.0758651676664597,0.502931613167253,0.6208062753672907,47
09,sleepy,easy,0,3,743.0177888333334,589.75205,658.5593157822975,2118.888475,0.8216666666666667,141,0.8672222222222222,178,0.55,124,0.0666666666666666,0,30,30.0,1.3333333333333333,0.2112059591351286,0.2436790339695713,0.0583532683760089,0.0758651676664597,0.5057961244100028,0.5597261279595759,44
09,sleepy,easy,0,4,617.7631875555556,520.4863,570.5416644724482,1209.8692099999998,0.8822222222222222,121,0.9105555555555556,172,0.6661111111111111,83,0.08,0,32,32.0,1.5,0.2127325875468195,0.2439801448333891,0.0571311454983351,0.076497093494393,0.5128019325319616,0.6128211769941403,33
09,sleepy,easy,0,5,500.6424172222223,425.12545,389.2303557846373,1215.1732899999995,0.9061111111111112,194,0.9188888888888888,194,0.7661111111111111,99,0.09,0,37,37.0,1.4594594594594594,0.2025892728280568,0.2427160211649033,0.0561870549064904,0.0729482902264797,0.5123851147754623,0.6182561907641708,54
09,sleepy,easy,0,6,697.1562605555556,517.52635,661.4826621361784,2033.1132499999992,0.7694444444444445,218,0.7916666666666666,218,0.6161111111111112,99,0.095,0,35,35.0,1.4285714285714286,0.203233345810806,0.2367161979019994,0.0605304713562136,0.0729482902264797,0.51724468825561,0.6367425549356326,52
09,sleepy,easy,0,7,741.2640718333333,606.2396,605.0152234996716,1846.64844,0.7572222222222222,268,0.8,269,0.5277777777777778,91,0.0833333333333333,0,34,34.0,1.2647058823529411,0.2172623383297063,0.2390712098357932,0.0592745252487504,0.0611862189032502,0.5304330114053641,0.6754908275835791,29
09,sleepy,easy,0,8,638.4678483888888,577.7850000000001,449.8106097188676,1616.01184,0.8594444444444445,268,0.8961111111111111,269,0.6038888888888889,74,0.0633333333333333,0,35,35.0,1.0857142857142856,0.2174703953615432,0.237899606005748,0.0565782859122675,0.0534063476909835,0.5436613946773122,0.6775315880656622,20
09,sleepy,hard,0,0,552.6645936666667,426.40475,509.3316232754216,1777.8633799999998,0.8566666666666667,105,0.8738888888888889,110,0.7411111111111112,74,0.0833333333333333,0,35,35.0,1.2857142857142858,0.2028666234033598,0.2386490250640515,0.0560175639683974,0.0544981004004039,0.5282282805269974,0.7711948287079617,41
09,sleepy,hard,0,1,712.8136253333333,468.3124,839.9412198140751,3039.995345,0.8288888888888889,173,0.8427777777777777,174,0.7311111111111112,126,0.0783333333333333,0,32,32.0,1.3125,0.2017799041781874,0.2346348334958684,0.0608324343970218,0.071244877280011,0.5114564343766059,0.6499346177188958,56
09,sleepy,hard,0,2,1160.4427247222222,670.7570499999999,1150.5961090643823,3738.74156,0.6072222222222222,173,0.6311111111111111,174,0.4816666666666667,126,0.0483333333333333,0,21,21.0,1.380952380952381,0.2032814587453025,0.2235630761967549,0.0629312411583728,0.071244877280011,0.5024878601514574,0.5857063562703824,69
09,sleepy,hard,0,3,1167.6969686666666,837.4837,1001.1672470643751,3655.797395,0.5372222222222223,84,0.5716666666666667,84,0.3516666666666667,67,0.0916666666666666,1,29,29.0,1.5517241379310345,0.1996504607989622,0.2170404814698271,0.0627003506428737,0.0788469686221704,0.5083365218132682,0.663171471416121,68
09,sleepy,hard,0,4,1087.1069200000002,702.89435,1070.6823482358486,3685.54569,0.6461111111111111,104,0.6677777777777778,124,0.4533333333333333,66,0.115,1,37,37.0,1.5945945945945943,0.1966084920173345,0.2140788173916668,0.0653953126989662,0.0654199050654568,0.5228486124368075,0.8321608404895611,59
09,sleepy,hard,0,5,1094.7665671666666,711.22255,1044.8523668248768,3685.54569,0.6416666666666667,182,0.6616666666666666,183,0.4238888888888888,76,0.1333333333333333,1,39,39.0,1.6666666666666667,0.2006938209973549,0.2123002932180741,0.0694310737411571,0.0654199050654568,0.527841322403241,0.8924776866876677,47
09,sleepy,hard,0,6,781.6691098888889,575.0324499999999,692.016718283238,2221.80214,0.7105555555555556,181,0.7355555555555555,181,0.5416666666666666,181,0.1316666666666666,1,39,39.0,1.641025641025641,0.2002649879272735,0.2241960128888169,0.0657975572755842,0.0663025932307532,0.5231509319239537,0.8924776866876677,39
09,sleepy,hard,0,7,910.8990928888888,539.9676,1148.127102499054,2801.448535,0.685,191,0.715,200,0.5761111111111111,189,0.1483333333333333,1,33,33.0,1.4545454545454546,0.1991055675836155,0.2173715626241767,0.067360177194857,0.0678856147768327,0.5346533490782714,1.0344264468471425,50
09,sleepy,hard,0,8,1073.6589575555556,715.56085,1121.1531431413664,2618.242785,0.615,129,0.6416666666666667,130,0.4316666666666666,99,0.1733333333333333,1,37,37.0,1.5135135135135136,0.198928302749472,0.2081016735263386,0.0682841870152533,0.0723476344606693,0.5333399803804812,1.0344264468471425,54
10,alert,easy,1,0,349.4846016111111,331.21515,198.0626484193425,703.13667,0.9838888888888888,1083,0.9961111111111112,1084,0.9233333333333332,693,0.0083333333333333,0,5,5.0,1.0,0.2233069841557126,0.2662243531705672,0.0329681747871477,0.0932071291677721,0.4883833320633895,0.6791914422081169,27
10,alert,easy,1,1,313.38577227777773,293.45355,164.0838375085094,615.4896449999999,1.0,1800,1.0,1800,0.9533333333333334,693,0.0066666666666666,0,4,4.0,1.0,0.2234829783734691,0.258123648267141,0.0391064656994317,0.0932071291677721,0.5113692480354023,0.7423942930725248,25
10,alert,easy,1,2,260.4011096666667,247.2587,156.01821865178363,563.4300799999999,1.0,1800,1.0,1800,0.975,1095,0.0033333333333333,0,2,2.0,1.0,0.1989733924549549,0.2610029582544095,0.0363681507436189,0.0949329330342371,0.4949172976002495,0.7423942930725248,12
10,alert,easy,1,3,242.068888,242.8065,151.57108307533323,506.618005,1.0,1800,1.0,1800,0.9827777777777778,990,0.0116666666666666,0,6,6.0,1.1666666666666667,0.203047208095042,0.2605509544493339,0.0365022684067012,0.0750531221525588,0.4899776397192147,0.6950659555606418,11
10,alert,easy,1,4,277.54128083333336,260.73835,151.88683006103372,566.783205,1.0,1800,1.0,1800,0.9711111111111111,635,0.0316666666666666,0,17,17.0,1.1176470588235294,0.1976510463192799,0.243841894173327,0.0500556154848163,0.0750531221525588,0.5614053959464612,0.7839534679610952,11
10,alert,easy,1,5,278.984789,259.28265,141.3496229641458,558.1525699999999,0.9988888888888888,1306,1.0,1800,0.975,489,0.0316666666666666,0,17,17.0,1.1176470588235294,0.194118281594811,0.2343097087606764,0.0511410126525507,0.0778694790670315,0.596019150219457,0.7839534679610952,6
10,alert,easy,1,6,264.4435979444445,245.98985,161.07262268223712,574.6350449999998,0.9966666666666668,762,1.0,1800,0.9683333333333334,759,0.0116666666666666,0,6,6.0,1.1666666666666667,0.2094800239071359,0.2414162990464617,0.0407717835909872,0.0812286510508688,0.5685377562288081,0.7651779509554935,14
10,alert,easy,1,7,278.410293,260.5087,161.74142464801866,585.7481599999999,0.9977777777777778,1295,1.0,1800,0.9644444444444444,423,0.0066666666666666,0,4,4.0,1.0,0.210412748896252,0.2511234162910159,0.0380976705271097,0.0797021611421755,0.5231372223413269,0.7651779509554935,13
10,alert,easy,1,8,277.3209707777778,262.64615000000003,145.42197497568498,548.3652049999997,1.0,1800,1.0,1800,0.9727777777777776,515,0.0066666666666666,0,4,4.0,1.0,0.1942576627030508,0.2545479721348705,0.0384115116773247,0.0797021611421755,0.4965982564131765,0.724454284480236,8
10,alert,hard,1,0,207.85432111111103,173.76704999999998,147.0970131992984,539.3318749999999,0.9983333333333332,955,0.9994444444444444,955,0.9761111111111112,478,0.0066666666666666,0,4,4.0,1.0,0.2065406261579036,0.2622243334517397,0.0382543515003579,0.0835040125161479,0.5151075252373917,0.6734624402416621,22
10,alert,hard,1,1,215.14878305555555,171.7134,154.92523854723072,554.2456999999999,1.0,1800,1.0,1800,0.9744444444444444,429,0.005,0,3,3.0,1.0,0.1994597453237613,0.2605944820334114,0.0389142078660749,0.0835040125161479,0.5005995561209712,0.6506191130035913,15
10,alert,hard,1,2,233.3473297777778,191.7798,163.6420393212666,614.5909149999998,1.0,1800,1.0,1800,0.9533333333333334,552,0.0016666666666666,0,1,1.0,1.0,0.2013942887740613,0.2705642324200328,0.0321271087297128,0.0982598124876699,0.4702801209247295,0.6329602238163613,4
10,alert,hard,1,3,295.3043676111111,255.83685,177.59718147104113,660.74405,1.0,1800,1.0,1800,0.9194444444444444,552,0.0016666666666666,0,1,1.0,1.0,0.2174757163625111,0.2716139971207584,0.036995469852066,0.0941322790873552,0.4824657891785773,0.6452727211427429,12
10,alert,hard,1,4,270.0453278333334,237.11285,182.40018390082565,634.075315,1.0,1800,1.0,1800,0.945,419,0.0033333333333333,0,2,2.0,1.0,0.2224774773354278,0.2580487088835002,0.0455954643023847,0.0841287571415218,0.5437164475355772,0.7670216339804722,20
10,alert,hard,1,5,223.1048103888889,181.0221,154.15709907925367,562.517045,1.0,1800,1.0,1800,0.9816666666666668,427,0.0116666666666666,0,6,6.0,1.1666666666666667,0.1980507800611793,0.2461525579784987,0.0437360278533001,0.0841287571415218,0.5748618353937754,0.7670216339804722,19
10,alert,hard,1,6,211.93968494444445,180.394,141.2293335689376,524.4099749999999,1.0,1800,1.0,1800,0.9866666666666668,607,0.0233333333333333,0,11,11.0,1.2727272727272727,0.1927475605306154,0.2380814475895159,0.0428169357796378,0.0851325114274003,0.5566222156137007,0.7441965639826668,25
10,alert,hard,1,7,217.80328866666665,186.74845,147.19690008896924,496.173745,1.0,1800,1.0,1800,0.9783333333333334,720,0.025,0,12,12.0,1.25,0.1962936314756237,0.2366517738865863,0.0415727248666282,0.0830672595723261,0.5446117882773867,0.7441965639826668,22
10,alert,hard,1,8,236.90203677777777,207.3632,145.89809739190062,505.8066649999999,1.0,1800,1.0,1800,0.9838888888888888,1583,0.0133333333333333,0,7,7.0,1.1428571428571428,0.1867089963351161,0.2376880102387363,0.0409015518994416,0.0830672595723261,0.5493599892046531,0.7359171335082065,16
10,sleepy,easy,0,0,430.5552987777778,413.69675,230.6815901465808,800.8450700000001,0.9888888888888888,606,0.9933333333333332,828,0.795,152,0.01,0,6,6.0,1.0,0.1951701962946536,0.2442732267827847,0.0413350528311408,0.085949680659192,0.526742911017866,0.7178613040298629,19
10,sleepy,easy,0,1,378.7150927777778,369.2665,201.9580157237602,715.4934949999999,0.9911111111111112,789,0.995,790,0.8844444444444445,200,0.0033333333333333,0,2,2.0,1.0,0.1819782882841498,0.2402057443596199,0.0403849546157717,0.0943461568018988,0.5066825005260557,0.7178613040298629,17
10,sleepy,easy,0,2,307.37070600000004,260.98365,180.16654347923387,639.79891,0.9927777777777778,1555,0.9966666666666668,1584,0.9433333333333334,479,0.0016666666666666,0,1,1.0,1.0,0.1904862729436537,0.2493667915683702,0.0369273098246779,0.0943461568018988,0.4586216755417067,0.6413063123598289,5
10,sleepy,easy,0,3,285.8936483888889,253.97435,151.61122907979214,584.7551149999999,1.0,1800,1.0,1800,0.965,455,0.0016666666666666,0,1,1.0,1.0,0.187809730331939,0.2554132229632089,0.0347289546231141,0.098569332504641,0.473614427443082,0.6710332016951702,7
10,sleepy,easy,0,4,336.8826145,309.1553,181.04978642931115,676.139935,0.9933333333333332,1166,0.9944444444444444,1166,0.9322222222222222,329,0.0033333333333333,0,2,2.0,1.0,0.1969231461047528,0.247918383796604,0.0400610839673641,0.0803425009590135,0.5053553840410194,0.6722472329309832,11
10,sleepy,easy,0,5,345.90393216666666,310.8625,178.09491752988282,675.49072,0.9933333333333332,1521,0.9944444444444444,1521,0.9211111111111112,389,0.01,0,6,6.0,1.0,0.1942797536215811,0.2352714393069871,0.0438101103874565,0.0803425009590135,0.5459005205444372,0.7303656128590346,12
10,sleepy,easy,0,6,324.80674922222227,282.0461,177.2946107451632,664.99766,1.0,1800,1.0,1800,0.9161111111111112,389,0.0133333333333333,0,8,8.0,1.0,0.1879568956294751,0.2336353543698255,0.0422576069497694,0.0744987813368392,0.5425360169240606,0.7303656128590346,18
10,sleepy,easy,0,7,328.6825397222222,290.56665,173.66397695741446,657.512495,0.9988888888888888,1258,1.0,1800,0.9311111111111112,270,0.0116666666666666,0,7,7.0,1.0,0.1869707253231882,0.2359036617135792,0.0390966673749898,0.0744987813368392,0.5278656019950426,0.7469023996093416,20
10,sleepy,easy,0,8,328.6570593888889,297.169,170.73397996524722,618.4704949999999,0.9922222222222222,829,0.9955555555555556,1193,0.9527777777777776,225,0.0066666666666666,0,4,4.0,1.0,0.1877721585325106,0.2300062044310643,0.0423758441322709,0.0890718311158613,0.525127768830817,0.760451160498688,15
10,sleepy,hard,0,0,275.9734984444445,245.2499,158.80919690814636,569.4499849999999,1.0,1800,1.0,1800,0.9705555555555556,1039,0.005,0,3,3.0,1.0,0.207184417551436,0.2514085634397887,0.0448269931971009,0.0879099522746889,0.4942996487016473,0.7092814210302855,11
10,sleepy,hard,0,1,265.0480057777778,237.3108,157.83600440353183,569.2252500000001,1.0,1800,1.0,1800,0.9811111111111112,802,0.0066666666666666,0,4,4.0,1.0,0.2030708769050566,0.2486203270102077,0.0415146989617465,0.0902863604608395,0.4985735571229831,0.6769541652232026,20
10,sleepy,hard,0,2,284.5485516111111,241.6609,178.79719575409638,621.686925,1.0,1800,1.0,1800,0.9516666666666668,634,0.0116666666666666,0,7,7.0,1.0,0.1899781724842275,0.2403509593288012,0.0398621955768341,0.0898078607305336,0.5356368906444828,0.6925366080118914,20
10,sleepy,hard,0,3,309.9496188333333,280.64385000000004,160.42401425133772,617.695175,1.0,1800,1.0,1800,0.9527777777777776,489,0.0083333333333333,0,5,5.0,1.0,0.1968344472001129,0.2391677042011341,0.0379092740295888,0.0898078607305336,0.5613688905012081,0.7389892150589519,17
10,sleepy,hard,0,4,306.618498,276.09025,159.23634653064718,557.48129,0.9894444444444443,983,0.9972222222222222,986,0.9661111111111113,391,0.0033333333333333,0,2,2.0,1.0,0.19933172268315,0.2394197319714215,0.0373953240006835,0.0916334372027476,0.5579211390398847,0.7389892150589519,19
10,sleepy,hard,0,5,312.05119172222226,280.8112,168.210886915087,621.217355,0.9877777777777778,782,0.9955555555555556,945,0.9511111111111112,391,0.0016666666666666,0,1,1.0,1.0,0.1939232987420042,0.2446083983218809,0.0370815902318381,0.0932428849543051,0.5198619814106752,0.7375284842836348,26
10,sleepy,hard,0,6,314.7297325,281.15925000000004,194.8789407227838,664.9396750000001,0.9888888888888888,781,0.9933333333333332,783,0.9161111111111112,304,0.0,0,0,0.0,0.0,0.0,0.2469783593603453,0.0385257434693941,0.1056022521545819,0.478963030236455,0.6831077345962259,22
10,sleepy,hard,0,7,308.16978883333337,259.9461,201.5290060735021,652.8892249999998,0.9905555555555556,1626,0.995,1661,0.9183333333333332,434,0.0,0,0,0.0,0.0,0.0,0.2356707310306189,0.0419363097453281,0.1023477506477621,0.5017405267571053,0.6656703379898995,14
10,sleepy,hard,0,8,300.15183338888886,243.8914,188.70248732677575,639.188805,0.9955555555555556,1473,0.9955555555555556,1473,0.9338888888888888,434,0.005,0,3,3.0,1.0,0.2083386647436511,0.2338632373526465,0.0423978630930361,0.0949532315608339,0.5297772253124897,0.745321870376486,22
11,alert,easy,1,0,537.9699833333334,486.5691,245.26211439076104,1093.22405,0.9022222222222224,182,0.9205555555555556,205,0.7794444444444445,176,0.0333333333333333,0,20,20.0,1.0,0.2304842150040776,0.2650215228055812,0.0427121940990492,0.0589342448326965,0.5080537557970091,0.7116940509930326,88
11,alert,easy,1,1,539.7458252222223,484.6344,234.4558043640024,1026.28818,0.9083333333333332,127,0.9361111111111112,221,0.7477777777777778,79,0.0366666666666666,0,22,22.0,1.0,0.2445922427763747,0.2581379102416966,0.0442059456070749,0.0666503120251598,0.4981028652692398,0.5215986505875171,106
11,alert,easy,1,2,538.266037,476.92295,250.5888428401008,1050.210205,0.9061111111111112,123,0.9322222222222222,221,0.7433333333333333,63,0.055,0,33,33.0,1.0,0.2429833498012734,0.2528550569127281,0.0488272744270468,0.0666503120251598,0.4992146533867859,0.5226948487819278,101
11,alert,easy,1,3,530.4130186111112,468.88055,254.3617766879919,1104.987625,0.9116666666666666,137,0.9222222222222224,137,0.7733333333333333,60,0.0666666666666666,0,39,39.0,1.0256410256410255,0.2077434662507818,0.2501926104435586,0.0517053435874273,0.0665756860987336,0.5014733743076296,0.6126990616529537,89
11,alert,easy,1,4,463.3617150555556,420.72615,223.36574347089712,920.60742,0.9455555555555556,222,0.955,278,0.8394444444444444,121,0.05,0,29,29.0,1.0344827586206895,0.2305980944653959,0.2532133108863204,0.0478603876795865,0.0665756860987336,0.5031796597350305,0.6126990616529537,68
11,alert,easy,1,5,465.6527031666666,422.09595,209.6303341054611,879.4038999999998,0.955,222,0.9688888888888888,278,0.8388888888888889,121,0.04,0,24,24.0,1.0,0.2307656323315733,0.2517018941739251,0.0459568098166988,0.0759671238704055,0.5062840775416669,0.5477756362795427,51
11,alert,easy,1,6,558.4139946111111,489.826,246.7397715063537,1101.876235,0.9166666666666666,134,0.9316666666666666,177,0.7572222222222222,73,0.0383333333333333,0,23,23.0,1.0,0.2115962668318173,0.2477792867164238,0.0456735590988101,0.0583059894018135,0.5029115861902261,0.5997502504296787,61
11,alert,easy,1,7,570.7094328888888,492.09195,252.3434249358099,1149.5175499999998,0.9038888888888889,137,0.9155555555555556,137,0.7644444444444445,84,0.04,0,24,24.0,1.0,0.2103658719624027,0.2470626707055466,0.0439892170618613,0.0583059894018135,0.5037562833142649,0.5997502504296787,66
11,alert,easy,1,8,505.6787746111111,429.28255,246.7608736163484,1100.4112349999998,0.9127777777777778,237,0.9294444444444444,237,0.805,204,0.0416666666666666,0,24,24.0,1.0416666666666667,0.2094042297863164,0.247065222954409,0.0440570676899328,0.0764336508731007,0.5103268031140328,0.5427561004592171,38
11,alert,hard,1,0,395.10168805555554,402.5208,146.07517139668522,622.32648,0.9966666666666668,1465,0.9972222222222222,1466,0.9527777777777776,404,0.0083333333333333,0,5,5.0,1.0,0.2269565494181658,0.2827277194555661,0.030614045189789,0.0899757663364702,0.5309919769889317,0.611265721511173,4
11,alert,hard,1,1,362.7842454444445,361.1904,170.2782449042007,617.7022449999997,0.9905555555555556,617,0.9916666666666668,617,0.9522222222222222,404,0.0116666666666666,0,7,7.0,1.0,0.2162229572753744,0.2752433858466335,0.0305159864389546,0.0867548481325865,0.5367904675637653,0.611265721511173,3
11,alert,hard,1,2,369.4519976111111,361.5674,185.69640539783688,709.42241,0.9888888888888888,1085,0.9916666666666668,1336,0.9222222222222224,244,0.01,0,6,6.0,1.0,0.22477935493958,0.2697244524517585,0.0340077121689227,0.0563841916218612,0.548742723889683,0.6770231181859888,4
11,alert,hard,1,3,383.2407251111112,372.1666,174.93925854127127,703.94534,0.995,595,0.9966666666666668,845,0.9194444444444444,403,0.0066666666666666,0,4,4.0,1.0,0.2266848750488118,0.2730728436699255,0.034315704343579,0.0563841916218612,0.5412214978492184,0.6770231181859888,9
11,alert,hard,1,4,403.7499679444445,388.80715,158.03765615150502,689.172195,0.9922222222222222,804,0.995,1216,0.9277777777777778,403,0.0066666666666666,0,4,4.0,1.0,0.2234862738258154,0.279445761057282,0.0331301514765973,0.0912898166793726,0.5308050332280129,0.5723070667833319,8
11,alert,hard,1,5,403.3955517222223,391.67075,163.57977392242785,758.9683699999999,0.9877777777777778,804,0.9927777777777778,810,0.9122222222222224,217,0.0116666666666666,0,7,7.0,1.0,0.2258172609779194,0.2771846452677614,0.0369609318780004,0.0880798586992938,0.5344883043807008,0.5723070667833319,4
11,alert,hard,1,6,415.00259122222224,397.4588,170.12209502863735,777.56423,0.9811111111111112,444,0.9861111111111112,464,0.9066666666666666,274,0.0166666666666666,0,9,9.0,1.1111111111111112,0.2340043933214397,0.2764014103716731,0.0365768546594238,0.0785259226095811,0.5370197457379239,0.5719046981391721,3
11,alert,hard,1,7,415.168552,395.2587,181.61295593158667,765.3862749999996,0.9788888888888888,666,0.9822222222222222,666,0.8983333333333333,366,0.0116666666666666,0,6,6.0,1.1666666666666667,0.2368778482821358,0.2789912597856582,0.038699515851264,0.0785259226095811,0.5411962679211314,0.5719046981391721,2
11,alert,hard,1,8,396.60127422222223,367.2642,182.34324561905063,771.798055,0.9772222222222222,467,0.9855555555555556,568,0.8966666666666666,141,0.0033333333333333,0,2,2.0,1.0,0.2144816865095416,0.2804250417293913,0.0384381817947069,0.0945325920685,0.5410332341132421,0.5735967623332932,0
11,sleepy,easy,0,0,798.4835844444444,640.78935,488.8230598196882,1931.95262,0.7655555555555555,245,0.78,412,0.4694444444444444,122,0.095,1,37,37.0,1.2432432432432432,0.2176727212764603,0.2316652599942148,0.0686377820377957,0.0454542205640875,0.4895396736571327,0.6419756106855334,10
11,sleepy,easy,0,1,780.0307892222221,662.8703,501.7929793746547,1929.420775,0.7322222222222222,320,0.7877777777777778,533,0.4522222222222222,153,0.08,1,28,28.0,1.3214285714285714,0.214327143377707,0.2420569989316248,0.0673055436483428,0.0667834599861748,0.4824080505631184,0.5379253817412957,72
11,sleepy,easy,0,2,623.4236915555555,615.39665,286.40300570291544,1086.0350999999998,0.8011111111111111,324,0.86,330,0.525,129,0.0,0,0,0.0,0.0,0.0,0.2799818832223174,0.0239980794057482,0.1068114907469351,0.5031995040370312,0.5593051427207465,126
11,sleepy,easy,0,3,641.3277488888888,597.34155,232.1153914563988,1081.92514,0.8627777777777778,685,0.8811111111111111,734,0.5588888888888889,154,0.0,0,0,0.0,0.0,0.0,0.2822561533521329,0.0242452229181418,0.1068114907469351,0.4991742502390155,0.5593051427207465,117
11,sleepy,easy,0,4,618.5976453888888,574.9847500000001,166.33184861721227,926.06954,0.9361111111111112,553,0.9705555555555556,553,0.6288888888888889,130,0.0,0,0,0.0,0.0,0.0,0.281342119386238,0.0241250737719666,0.1173807496056736,0.4902980499872391,0.534225136925684,80
11,sleepy,easy,0,5,608.9664843333334,566.7085,179.05922813909805,932.154945,0.9322222222222222,255,0.9661111111111113,336,0.6277777777777778,87,0.005,0,3,3.0,1.0,0.2104619956580176,0.2788833706311087,0.032079986940909,0.0894140334937479,0.4816859805849059,0.5344244926187111,55
11,sleepy,easy,0,6,681.8669626666667,644.54675,234.92342149012956,1111.11648,0.8061111111111111,157,0.8405555555555555,336,0.4727777777777778,71,0.0116666666666666,0,6,6.0,1.1666666666666667,0.2193439316161969,0.2713126237776156,0.0365844454210416,0.0795060144753385,0.4954338309299881,0.581816970666095,40
11,sleepy,easy,0,7,702.5774439999999,664.96805,314.02331031197497,1218.42655,0.7483333333333333,247,0.7827777777777778,292,0.4322222222222222,138,0.01,0,5,5.0,1.2,0.238730520777135,0.2749636530993063,0.0372782417405145,0.0795060144753385,0.5269816870752565,0.581816970666095,10
11,sleepy,easy,0,8,591.5772291111111,535.46655,295.9302005355813,1195.8774,0.8977777777777778,266,0.9133333333333332,292,0.6177777777777778,151,0.0033333333333333,0,2,2.0,1.0,0.2387350142002331,0.2820517942203087,0.0344114053316219,0.0852761369625108,0.5323962707046204,0.5728667857420863,4
11,sleepy,hard,0,0,669.4842387777778,629.2968000000001,310.10294501776343,1125.2769199999998,0.8566666666666667,370,0.9144444444444444,372,0.4894444444444444,97,0.0233333333333333,0,2,2.0,1.0,0.2318468800154712,0.265066193133057,0.0416200192416615,0.0803577823846264,0.5019637685675604,0.666172807409627,64
11,sleepy,hard,0,1,563.9950601666667,508.8035,315.23631954492976,1023.005095,0.91,319,0.94,491,0.6827777777777778,106,0.0333333333333333,0,8,8.0,1.0,0.212883994301338,0.2602702627556225,0.0461013991676102,0.0803577823846264,0.4855532157396638,0.6123158244022061,40
11,sleepy,hard,0,2,496.4795193888888,469.42235,245.26284641127728,1017.60876,0.9022222222222224,319,0.9305555555555556,491,0.7772222222222223,106,0.0216666666666666,0,13,13.0,1.0,0.2159568474489113,0.2664178032222463,0.040151778463955,0.0804390801612598,0.4860449525373146,0.5763271509758527,34
11,sleepy,hard,0,3,561.1267711666667,529.92015,285.3462698599712,1052.8199349999995,0.8727777777777778,280,0.9077777777777778,291,0.6894444444444444,100,0.0516666666666666,1,13,13.0,1.0,0.2197456379335191,0.2628547962445763,0.0536781148144222,0.0645482982378372,0.4987926217415251,0.6584503486536096,44
11,sleepy,hard,0,4,635.4378838888888,552.5835,381.8612791848729,1533.939155,0.8561111111111112,240,0.8911111111111111,244,0.6277777777777778,98,0.0933333333333333,2,18,18.0,1.1111111111111112,0.2191073212791932,0.253081890364412,0.0641282304222305,0.0645482982378372,0.5139101851623084,0.6584503486536096,17
11,sleepy,hard,0,5,639.6821561111111,583.2245,382.0769248776949,1410.5746149999995,0.8522222222222222,230,0.8811111111111111,372,0.5611111111111111,141,0.075,1,16,16.0,1.125,0.2156183151442204,0.2561360286756817,0.0582862983505176,0.0760693302492263,0.5269602027814352,0.5735905591020111,8
11,sleepy,hard,0,6,605.4096167777777,536.89775,318.7963087800973,1242.526915,0.8505555555555555,330,0.8694444444444445,372,0.5711111111111111,310,0.0566666666666666,0,17,17.0,1.4705882352941178,0.2158609979899772,0.2518896171307604,0.060249307868157,0.0795637705060768,0.5309899046375915,0.5837460868858579,8
11,sleepy,hard,0,7,553.7780422222222,480.66605,287.7783302778603,1184.7003849999996,0.8927777777777778,502,0.9061111111111112,502,0.71,310,0.0416666666666666,0,17,17.0,1.4705882352941178,0.2138792290919669,0.2555343182791235,0.0563529759372511,0.0802469014485739,0.5310999086086862,0.5837460868858579,5
11,sleepy,hard,0,8,533.9201105,505.8903,222.5280433726382,884.293395,0.9538888888888888,502,0.9688888888888888,502,0.7022222222222222,99,0.0133333333333333,0,8,8.0,1.0,0.2141870342650163,0.2717570482603237,0.0391384095802477,0.0815521292081062,0.5196963265418636,0.5645871632802205,11
12,alert,easy,1,0,289.06388355555555,247.75965,205.78287270210535,707.25898,0.9811111111111112,717,0.9911111111111112,718,0.9144444444444444,265,0.0,0,0,0.0,0.0,0.0,0.2529023408708445,0.0167528218933055,0.1238233353515498,0.4944974756619291,0.5470749429677689,11
12,alert,easy,1,1,321.9950771666667,293.52005,193.3280698832748,653.030265,0.9933333333333332,1255,0.995,1378,0.9322222222222222,445,0.0,0,0,0.0,0.0,0.0,0.2517632220442465,0.0184622399510818,0.1211113486892854,0.5106745296839493,0.5636167625479553,9
12,alert,easy,1,2,443.3518772777778,463.7931,191.0171236073504,689.70948,0.9905555555555556,695,0.9916666666666668,695,0.8577777777777778,269,0.0016666666666666,0,1,1.0,1.0,0.2003030520078492,0.2529578799167959,0.0186851975762516,0.0862785025658482,0.5208588078492857,0.5636167625479553,9
12,alert,easy,1,3,469.4466439444445,475.74835,149.97577904784444,692.4750049999999,0.9916666666666668,785,0.9955555555555556,1595,0.88,187,0.0016666666666666,0,1,1.0,1.0,0.2115146067366968,0.2554577734343208,0.0174975142978179,0.0862785025658482,0.5134838721543142,0.5761810241269109,12
12,alert,easy,1,4,417.3047805555556,384.3039,168.30891866040054,706.5288149999999,0.9911111111111112,810,0.9972222222222222,1539,0.9005555555555556,311,0.0,0,0,0.0,0.0,0.0,0.2531985938407241,0.0170659061509604,0.1146971112842546,0.4923047837858245,0.5761810241269109,11
12,alert,easy,1,5,531.0801317222223,564.2597,215.0596368771401,850.437815,0.9744444444444444,639,0.9861111111111112,639,0.6172222222222222,181,0.0,0,0,0.0,0.0,0.0,0.2505197701609591,0.017015692780638,0.1113830969032429,0.4803034659435615,0.5042911573829045,6
12,alert,easy,1,6,672.3074418333333,665.18085,144.02214996348036,906.0632899999998,0.9455555555555556,206,0.9744444444444444,388,0.3838888888888889,95,0.0,0,0,0.0,0.0,0.0,0.2489080527885458,0.0177955340151504,0.1113830969032429,0.489774762424937,0.5584003157762588,12
12,alert,easy,1,7,617.9491500555556,607.59035,175.3029070604194,885.049275,0.9538888888888888,525,0.9777777777777776,526,0.5466666666666666,95,0.0,0,0,0.0,0.0,0.0,0.2533482165552229,0.017539686077182,0.1186192947298983,0.4915669247478435,0.5584003157762588,15
12,alert,easy,1,8,590.6948020555556,579.2055,187.1082080336372,875.8434299999999,0.9583333333333334,632,0.9733333333333334,633,0.6322222222222222,143,0.0,0,0,0.0,0.0,0.0,0.2556607499809459,0.0183308942014873,0.1220761102591724,0.5030661539995515,0.5545907841212836,6
12,alert,hard,1,0,281.4745421666666,260.77,145.1166035404962,528.883475,0.9994444444444444,1326,1.0,1800,0.99,1032,0.0016666666666666,0,1,1.0,1.0,0.1801098071553125,0.2318679365279183,0.0239578676280921,0.0902903040109619,0.5174878582059443,0.6463852644262755,35
12,alert,hard,1,1,323.3458308333333,320.61580000000004,142.18766567211435,549.3024899999999,0.9994444444444444,1373,1.0,1800,0.9844444444444445,427,0.0,0,0,0.0,0.0,0.0,0.2305805908518812,0.0209231592529642,0.1019811764461812,0.5226786432231763,0.6206214433798324,26
12,alert,hard,1,2,381.3313365,373.2506,172.20726884641084,702.18671,0.9983333333333332,952,1.0,1800,0.9016666666666666,427,0.0,0,0,0.0,0.0,0.0,0.2282088212883392,0.0237811823244473,0.1061776208477259,0.525891330388752,0.6130056273038232,15
12,alert,hard,1,3,463.1688872777778,449.5447,174.4210605160454,771.3113849999997,0.9938888888888888,1072,1.0,1800,0.8066666666666666,256,0.0,0,0,0.0,0.0,0.0,0.2250617558679581,0.0286831561429801,0.1018890175038787,0.5406930780750424,0.7844115310260725,15
12,alert,hard,1,4,408.0522220555556,392.83385,180.42247771582237,739.57912,0.9955555555555556,1401,1.0,1800,0.8616666666666667,331,0.0016666666666666,0,1,1.0,1.0,0.1582875072712116,0.2164883779861733,0.0282687731481017,0.0982929474749274,0.536731340763089,0.7844115310260725,29
12,alert,hard,1,5,357.2529095555556,342.5456,165.05264734711153,663.237495,0.9972222222222222,1093,0.9988888888888888,1093,0.9238888888888888,351,0.0033333333333333,0,2,2.0,1.0,0.1543857185758945,0.2124730828865582,0.0292397008931747,0.0981260951114247,0.5244592718072727,0.7174560386485747,29
12,alert,hard,1,6,367.66105755555554,348.9857,167.66526193990688,653.437425,0.9972222222222222,1602,0.9988888888888888,1604,0.9211111111111112,377,0.0033333333333333,0,2,2.0,1.0,0.1491650717577694,0.2067983232777011,0.0303226371509667,0.095250656443382,0.5293954343948664,0.6649561253717364,28
12,alert,hard,1,7,312.10059583333333,277.8218,181.25285862798864,630.8611949999998,0.9961111111111112,970,0.9977777777777778,971,0.9427777777777778,457,0.0016666666666666,0,1,1.0,1.0,0.1626577917164768,0.2113575155037148,0.0284307943260961,0.095250656443382,0.5185500058138582,0.657693896150348,29
12,alert,hard,1,8,295.1934679444445,286.22889999999995,159.03270574693676,560.3615049999997,0.9961111111111112,1723,0.9977777777777778,1725,0.9738888888888888,457,0.0033333333333333,0,2,2.0,1.0,0.1601437652832089,0.2242438528370708,0.025083232762368,0.0964635670448212,0.5142482954991885,0.6378659562143731,27
12,sleepy,easy,0,0,532.4291244444445,498.34425,274.0725638677449,1043.3384,0.8822222222222222,615,0.9211111111111112,660,0.67,268,0.0066666666666666,0,4,4.0,1.0,0.216078816260803,0.2474544143017865,0.025045834643669,0.0472491883746873,0.4860988285943782,0.6011726970855362,27
12,sleepy,easy,0,1,539.1373508888888,505.0242,255.72212889766092,1062.0887349999996,0.9161111111111112,615,0.9411111111111112,660,0.6866666666666666,268,0.0016666666666666,0,1,1.0,1.0,0.1825624239787316,0.2468032458304496,0.0228548687404374,0.0925223411100613,0.5020435215460591,0.6011726970855362,45
12,sleepy,easy,0,2,561.7351946111112,531.5595000000001,242.13666432073632,1073.9650349999995,0.9144444444444444,715,0.9333333333333332,716,0.6622222222222223,194,0.0033333333333333,0,2,2.0,1.0,0.1892399837512721,0.2513460402610015,0.02326834037649,0.0913503753840505,0.5007717903695579,0.5936584947564109,64
12,sleepy,easy,0,3,545.9436478888889,549.4665,244.94004302719375,958.4954849999996,0.935,595,0.9533333333333334,1056,0.6088888888888889,198,0.0033333333333333,0,2,2.0,1.0,0.1892399837512721,0.2521543058454948,0.0255854614656062,0.0913503753840505,0.5004228411783235,0.5473645711116116,43
12,sleepy,easy,0,4,636.0347351111111,642.40365,248.920590062636,1081.19878,0.875,531,0.9061111111111112,651,0.46,198,0.0,0,0,0.0,0.0,0.0,0.2536781218890739,0.0242909503957696,0.1008646154920574,0.4884423574698913,0.5473645711116116,5
12,sleepy,easy,0,5,633.5255312777778,605.77635,221.6478888184279,1061.287345,0.8711111111111111,347,0.9094444444444444,410,0.5422222222222223,90,0.0,0,0,0.0,0.0,0.0,0.2593241566511007,0.0237285166709633,0.1008646154920574,0.465287839350737,0.5045482933459687,0
12,sleepy,easy,0,6,588.0283427777778,565.23885,215.30111176177093,1049.682755,0.9088888888888887,381,0.9316666666666666,561,0.6561111111111111,90,0.0,0,0,0.0,0.0,0.0,0.2601077791059055,0.0225377332771193,0.1128632294923691,0.4723230586476911,0.5350973157406074,5
12,sleepy,easy,0,7,630.652189,594.9775999999999,215.5229338657862,1108.149335,0.8905555555555555,287,0.9211111111111112,466,0.5683333333333334,90,0.0,0,0,0.0,0.0,0.0,0.2507757342247054,0.0246007247270289,0.1103513937344774,0.470258073874139,0.5350973157406074,5
12,sleepy,hard,0,0,369.8114819444445,338.37185,199.8441292700283,767.417045,0.9883333333333332,513,0.9983333333333332,1192,0.8822222222222222,205,0.0066666666666666,0,4,4.0,1.0,0.1717791000309133,0.2343832122184707,0.0285817338595857,0.0911697963270441,0.4875133383239283,0.5995734517063436,22
12,sleepy,hard,0,1,407.1473977222223,380.0092,185.98280326479733,753.636045,0.99,1154,0.9983333333333332,1505,0.8605555555555555,178,0.015,0,9,9.0,1.0,0.1706042829956343,0.2125502141026012,0.0378272605151003,0.0911122111750899,0.5120259208586869,0.5995734517063436,36
12,sleepy,hard,0,2,388.6246311666666,372.6761,183.368039410754,718.2821049999999,0.9944444444444444,900,0.9972222222222222,994,0.8883333333333333,213,0.0133333333333333,0,8,8.0,1.0,0.152718138306021,0.1986703976316302,0.0324281167058156,0.0806051312265775,0.511444967420598,0.5991561174441852,40
12,sleepy,hard,0,3,425.8580851111111,413.26385,184.52235712277283,745.16851,0.9922222222222222,952,0.9955555555555556,1006,0.8605555555555555,213,0.0033333333333333,0,2,2.0,1.0,0.1616760021781287,0.2097257564226753,0.0299104709557962,0.0806051312265775,0.5126991378281364,0.5991561174441852,35
12,sleepy,hard,0,4,476.0616691111111,459.9032,189.75539084956569,808.1113649999999,0.9883333333333332,779,0.9972222222222222,839,0.7805555555555556,179,0.0016666666666666,0,1,1.0,1.0,0.1546482428800546,0.2185936682093405,0.0257204554758273,0.0946606498227257,0.5192967510062914,0.6608715422634257,24
12,sleepy,hard,0,5,591.9408985555555,584.2217,188.7328981446069,916.790355,0.9433333333333334,462,0.9738888888888888,717,0.5916666666666667,90,0.0066666666666666,0,4,4.0,1.0,0.1545743262609245,0.2140501274519412,0.0327436847145917,0.0918719420782315,0.5189181626809806,0.6608715422634257,31
12,sleepy,hard,0,6,588.1494768888889,572.9785999999999,193.9370212499929,935.084465,0.9288888888888888,360,0.9633333333333334,383,0.6161111111111112,66,0.0133333333333333,0,8,8.0,1.0,0.1564354115581896,0.2015299284454427,0.0360829519779586,0.0883584392448722,0.5211509851577633,0.6326807036806802,48
12,sleepy,hard,0,7,491.3536783333333,479.52945,184.65973618930255,835.35677,0.9694444444444444,785,0.9883333333333332,1283,0.7905555555555556,167,0.0116666666666666,0,7,7.0,1.0,0.1493311505381351,0.1976761056858614,0.0306232091430581,0.0883584392448722,0.5170700257228157,0.6326807036806802,51
12,sleepy,hard,0,8,405.9986141111111,379.0119,177.20783479292967,730.35478,0.9916666666666668,980,1.0,1800,0.8716666666666667,178,0.0066666666666666,0,4,4.0,1.0,0.1520996736610282,0.2097476569441362,0.0297113449823567,0.0922342720303905,0.5104107445660224,0.6342526953465345,47
13,alert,easy,1,0,252.29665244444448,235.0436,142.76794332007978,499.643105,1.0,1800,1.0,1800,0.9738888888888888,649,0.0033333333333333,0,2,2.0,1.0,0.2232843568428388,0.2582546757987346,0.0182434103400955,0.0619146844740107,0.4625127089508983,0.657692521517536,2
13,alert,easy,1,1,231.65739505555555,222.35105,141.3979794273574,505.9196599999997,0.9983333333333332,1080,1.0,1800,0.9777777777777776,829,0.01,0,6,6.0,1.0,0.202930553967351,0.2506355930809592,0.0242888949244756,0.0619146844740107,0.4583648073901609,0.6061185642445092,2
13,alert,easy,1,2,235.176588,217.8302,150.13455471762964,549.61097,0.9983333333333332,1617,1.0,1800,0.9766666666666668,382,0.0283333333333333,0,17,17.0,1.0,0.2245803977156318,0.2423313293452705,0.0345340741262285,0.0645248452754883,0.4809363068985288,0.6787979076645084,3
13,alert,easy,1,3,233.93498533333332,202.73875,151.96964122218276,549.61097,1.0,1800,1.0,1800,0.9766666666666668,577,0.0316666666666666,0,19,19.0,1.0,0.2253082232207076,0.2351367787893908,0.0357181434619052,0.0652643053785621,0.498774504408558,0.6787979076645084,4
13,alert,easy,1,4,249.3374516111111,214.8441,149.00226838138423,557.7573849999999,1.0,1800,1.0,1800,0.9677777777777776,483,0.0216666666666666,0,13,13.0,1.0,0.1973446151725455,0.232102690981286,0.0301990477202764,0.0652643053785621,0.4927734750270946,0.6704516453200842,5
13,alert,easy,1,5,249.414205,203.09975,162.2633701669705,628.788625,0.9994444444444444,1393,1.0,1800,0.9488888888888888,153,0.0283333333333333,0,17,17.0,1.0,0.2238607489014032,0.2349097690132456,0.0335147489369814,0.0664895230332422,0.5100182835251658,0.6598544809190193,8
13,alert,easy,1,6,238.027396,181.8378,181.41735201720613,663.3454399999999,0.9977777777777778,681,1.0,1800,0.9366666666666666,264,0.0366666666666666,0,22,22.0,1.0,0.2266676370283963,0.2379104337215683,0.0374450771629987,0.0664895230332422,0.508772954925447,0.6438702998555362,7
13,alert,easy,1,7,247.23255783333332,209.3442,170.1720133675704,635.99702,0.9955555555555556,792,0.9977777777777778,1070,0.9466666666666668,264,0.0266666666666666,0,16,16.0,1.0,0.1966020708171679,0.2321020710036619,0.0337509302923654,0.0671483528940808,0.4779308418275205,0.6314112692147256,3
13,alert,easy,1,8,264.44515194444443,229.39375,149.8899455692336,622.1899699999999,0.9972222222222222,1625,0.9977777777777778,1626,0.9511111111111112,232,0.03,0,18,18.0,1.0,0.1841765589668058,0.2267199142887946,0.0321162025332025,0.0652515520612158,0.4865139719218574,0.6596451457978062,5
13,alert,hard,1,0,269.05085388888887,245.40375,136.0281199660367,542.2683949999999,0.9961111111111112,1288,0.9983333333333332,1623,0.97,292,0.02,0,11,11.0,1.0909090909090908,0.1882514572752377,0.2442615994518798,0.0275269405733494,0.069029044385437,0.4710182596271907,0.6169927037229187,1
13,alert,hard,1,1,269.75651500000004,252.77065,125.75366727259292,499.444865,0.9977777777777778,1073,0.9983333333333332,1074,0.9811111111111112,506,0.0166666666666666,0,9,9.0,1.1111111111111112,0.1822298230042682,0.2439487366318385,0.0254332277627423,0.069029044385437,0.4730642980206558,0.4997916407549481,0
13,alert,hard,1,2,255.3832836666667,247.8336,120.08208980765548,456.9898,1.0,1800,1.0,1800,0.9855555555555556,506,0.01,0,5,5.0,1.2,0.1795888932155811,0.246379981649177,0.023560203436539,0.0795198028078889,0.4718979123582171,0.4916962828050711,0
13,alert,hard,1,3,230.9791171111111,219.6604,116.21444340293306,430.445065,1.0,1800,1.0,1800,0.9883333333333332,1121,0.01,0,5,5.0,1.2,0.1863356475401775,0.2512200287263023,0.0249605438357681,0.0795198028078889,0.4705993379402056,0.5011992230444927,1
13,alert,hard,1,4,218.73691772222224,195.8341,121.51348879921782,383.7486349999999,0.9983333333333332,1614,0.9983333333333332,1614,0.98,738,0.0083333333333333,0,5,5.0,1.0,0.1926252340582376,0.2528136328492229,0.0267120604619236,0.0790758825726773,0.4718615956682414,0.5011992230444927,1
13,alert,hard,1,5,232.51477994444443,205.8373,140.18419252750414,533.0538449999997,0.9983333333333332,1083,0.9983333333333332,1083,0.9611111111111112,279,0.01,0,6,6.0,1.0,0.1959179744174135,0.25354122206391,0.029743023281844,0.0790758825726773,0.47403306219337,0.5007436007041264,1
13,alert,hard,1,6,225.58879033333332,195.37145,133.39846849111535,514.2571999999999,1.0,1800,1.0,1800,0.9622222222222222,192,0.0116666666666666,0,7,7.0,1.0,0.2033617752017699,0.2570550479279663,0.0310568753758401,0.0808999986504692,0.4756052946459599,0.5050020434611807,2
13,alert,hard,1,7,206.3053929444445,178.39839999999998,131.82423195659445,519.9363649999998,1.0,1800,1.0,1800,0.9655555555555556,566,0.025,0,15,15.0,1.0,0.2051145959522697,0.253596532890764,0.0355614306946586,0.0687262320945099,0.4756276759909297,0.5062555630558953,2
13,alert,hard,1,8,185.1114068333333,161.63075,144.57663326282818,516.1675149999998,0.9983333333333332,1774,0.9983333333333332,1774,0.9683333333333334,566,0.025,0,15,15.0,1.0,0.1961386858392733,0.2493278216098414,0.0342408899122097,0.0687262320945099,0.4776814576883822,0.5062555630558953,4
13,sleepy,easy,0,0,510.89908433333335,498.8072,209.56045665154997,859.830325,0.9605555555555556,425,0.9755555555555556,476,0.725,242,0.01,0,6,6.0,1.0,0.2203829187600283,0.2463846110117962,0.0239691798140355,0.0593723796950001,0.4747110758647327,0.6230463492656643,1
13,sleepy,easy,0,1,481.82633116666665,481.9097,197.116733445666,826.68223,0.9844444444444445,389,0.9927777777777778,451,0.7866666666666666,242,0.0066666666666666,0,4,4.0,1.0,0.2088064133496999,0.2458008243999446,0.018436570755515,0.0610096914650127,0.4737045369288544,0.4960549505904997,0
13,sleepy,easy,0,2,478.9230063333333,469.7664,193.0304445074494,811.88432,0.98,674,0.9944444444444444,747,0.7938888888888889,175,0.005,0,3,3.0,1.0,0.2097577792055809,0.2448177144143292,0.0175380243913948,0.0610096914650127,0.4718579033702454,0.495896720834357,0
13,sleepy,easy,0,3,434.1841008888889,421.37985,178.04776915409974,769.0909399999998,0.9883333333333332,717,0.9983333333333332,1274,0.8638888888888889,313,0.005,0,3,3.0,1.0,0.1979453304396831,0.242827267621954,0.0182927023579249,0.0611942321777733,0.4700606985338341,0.4959277845189787,0
13,sleepy,easy,0,4,432.1691430555556,424.77695,178.4336876594437,751.2298900000001,0.9894444444444443,983,0.9927777777777778,1167,0.8677777777777778,313,0.0083333333333333,0,5,5.0,1.0,0.1894225548430856,0.2419735482814755,0.0194819485863891,0.0611942321777733,0.471192096455177,0.5015947200219624,1
13,sleepy,easy,0,5,448.4693472777778,453.97465,204.81745375029587,834.858205,0.9588888888888888,720,0.9683333333333334,720,0.8488888888888889,283,0.0133333333333333,0,8,8.0,1.0,0.1980423441805416,0.2427750398822137,0.024103556256561,0.0602944333516965,0.4705749283888616,0.5015947200219624,1
13,sleepy,easy,0,6,452.3190772222222,456.6892,202.86733370846207,823.3146249999999,0.9661111111111113,1207,0.9755555555555556,1620,0.8361111111111111,283,0.0083333333333333,0,5,5.0,1.0,0.2040342938077556,0.2455417979525603,0.0214306836101782,0.0602944333516965,0.4680031961120515,0.4920829417762096,0
13,sleepy,easy,0,7,427.91509488888886,427.7628,192.56943180224573,783.201045,0.9944444444444444,734,0.9988888888888888,1227,0.8355555555555556,285,0.0083333333333333,0,5,5.0,1.0,0.2022790027257592,0.2456488856764508,0.0199549143792869,0.0636605199701095,0.469821830200784,0.5067819346103327,3
13,sleepy,easy,0,8,353.2052161111111,326.91745000000003,188.73896107327027,732.3258949999995,0.9961111111111112,1440,0.9988888888888888,1471,0.9061111111111112,285,0.0133333333333333,0,8,8.0,1.0,0.2026555158995889,0.2448644055843719,0.0249318104080843,0.0599261634745134,0.4735694949440792,0.5067819346103327,3
13,sleepy,hard,0,0,371.7710888888889,363.65505,165.73033656826576,642.40946,0.99,818,0.9933333333333332,908,0.9411111111111112,444,0.03,0,17,17.0,1.0588235294117647,0.2060617106828241,0.2459648424875814,0.0358655748849576,0.0668785245433852,0.474682132014554,0.5070033894883881,5
13,sleepy,hard,0,1,395.27364722222217,390.0641,162.95821388685945,646.338445,0.9938888888888888,905,0.995,905,0.9388888888888888,444,0.0333333333333333,0,19,19.0,1.0526315789473684,0.2062475771635666,0.2409764071913374,0.037197152547372,0.0667417787550383,0.4769931307384779,0.5096998158840761,6
13,sleepy,hard,0,2,440.5207594444444,407.1836,170.23645078414827,738.8923799999999,0.9916666666666668,1475,0.9933333333333332,1477,0.8388888888888889,235,0.03,0,18,18.0,1.0,0.2061040495492493,0.2367426484244757,0.0334374437668172,0.0667417787550383,0.4768191827911118,0.5096998158840761,5
13,sleepy,hard,0,3,462.1474163333333,446.9888,172.1866222465476,739.004645,0.9883333333333332,575,0.9922222222222222,832,0.8066666666666666,299,0.02,0,12,12.0,1.0,0.1965256511084359,0.2397756522792229,0.0289720690739263,0.0734445798242387,0.481905578024433,0.5637760910978667,16
13,sleepy,hard,0,4,440.341098,411.756,169.49651319858626,761.7860749999999,0.9866666666666668,448,0.9961111111111112,713,0.8427777777777777,319,0.0166666666666666,0,10,10.0,1.0,0.192234517304165,0.2449267308435679,0.028588940038122,0.0734445798242387,0.4848681269989512,0.5637760910978667,26
13,sleepy,hard,0,5,483.9786740555555,458.22965,196.29030100624925,796.6413349999999,0.9761111111111112,475,0.9838888888888888,713,0.7883333333333333,319,0.0266666666666666,0,16,16.0,1.0,0.1903015753439141,0.2434014692234282,0.0338375099997378,0.0633451598145716,0.4828949866898274,0.5652211572836388,22
13,sleepy,hard,0,6,506.0213959999999,493.43635,218.44009480579896,904.961675,0.9477777777777778,724,0.9683333333333334,724,0.8,322,0.0333333333333333,0,20,20.0,1.0,0.2073088919619282,0.2454844486303939,0.0374738714068406,0.0633451598145716,0.4791479234544262,0.5652211572836388,17
13,sleepy,hard,0,7,418.7903217222222,383.52315,206.63180699237307,838.4532199999998,0.9616666666666668,1624,0.9816666666666668,1624,0.8855555555555555,531,0.0283333333333333,0,17,17.0,1.0,0.208382623459315,0.24854510860492,0.0371807614422428,0.0617047234486362,0.4776370254942124,0.5692400653745546,12
13,sleepy,hard,0,8,362.2785790555556,345.51185,152.8364908661943,669.0959599999999,0.9944444444444444,961,0.9961111111111112,961,0.935,531,0.025,0,15,15.0,1.0,0.2045490420879811,0.2464149902074342,0.0353155910697573,0.0617047234486362,0.4805212664837566,0.5747223023522195,7
14,alert,easy,1,0,226.5952543888889,196.934,168.9155466838026,575.1749399999999,0.9955555555555556,1522,1.0,1800,0.9533333333333334,413,0.0233333333333333,0,12,12.0,1.1666666666666667,0.1837336875453119,0.2407815171055025,0.0376992831118305,0.0806609196051001,0.4822410480504722,0.5676261367383324,44
14,alert,easy,1,1,219.0212708888889,198.05175,145.1839329988499,485.175125,1.0,1800,1.0,1800,0.9716666666666668,593,0.035,0,18,18.0,1.1666666666666667,0.1846584723689898,0.2396182317566681,0.039363076821295,0.0649793999106024,0.4890065290002303,0.5965843677597321,50
14,alert,easy,1,2,225.17839666666663,206.148,140.30551511246924,485.175125,1.0,1800,1.0,1800,0.9783333333333334,620,0.0533333333333333,0,27,27.0,1.1851851851851851,0.1862887347419171,0.2302400678590384,0.0439074016338082,0.0586149489566461,0.4874056390377724,0.5965843677597321,51
14,alert,easy,1,3,215.56898727777772,202.62485,120.53851629440724,435.7101449999999,1.0,1800,1.0,1800,0.9911111111111112,891,0.0416666666666666,0,22,22.0,1.1363636363636365,0.1832128271451214,0.2261706186483856,0.0442595313225647,0.0586149489566461,0.4779844908253741,0.590912287909512,29
14,alert,easy,1,4,211.36146405555556,188.84775,134.0640279785568,481.26607,1.0,1800,1.0,1800,0.985,632,0.0366666666666666,0,20,20.0,1.1,0.1834597503609828,0.2293182490032462,0.0446763831114454,0.0678518080200799,0.4785488073054438,0.590912287909512,22
14,alert,easy,1,5,192.91224383333332,165.05450000000002,132.86936655386094,459.4519299999997,1.0,1800,1.0,1800,0.9838888888888888,718,0.0416666666666666,0,22,22.0,1.1363636363636365,0.1846381172412679,0.2302646154995197,0.0440037041190779,0.0678518080200799,0.48372741001749,0.5862505593658041,34
14,alert,easy,1,6,199.46210616666664,177.941,118.71277629292445,412.0992,1.0,1800,1.0,1800,0.9844444444444445,988,0.0316666666666666,0,18,18.0,1.0555555555555556,0.1804471454146053,0.2319257380324069,0.0415535437701993,0.0722796796114747,0.4860153147869996,0.5796246512286053,42
14,alert,easy,1,7,227.17423855555555,209.3621,116.80349760680986,431.585315,1.0,1800,1.0,1800,0.9822222222222222,540,0.04,0,22,22.0,1.0909090909090908,0.1891810113532488,0.2294224098550045,0.0443618677816947,0.062746836706495,0.4906754734107803,0.5733506877751894,53
14,alert,easy,1,8,231.28034094444445,228.31225,98.5316563936063,406.2627049999999,1.0,1800,1.0,1800,0.9922222222222222,1440,0.0566666666666666,0,30,30.0,1.1333333333333333,0.1903343625129171,0.2255887330285572,0.0451618786961294,0.062746836706495,0.494627344514613,0.5784686359895541,67
14,alert,hard,1,0,156.04879300000005,144.77025,99.4593998385323,321.06130499999995,1.0,1800,1.0,1800,1.0,1800,0.0216666666666666,0,12,12.0,1.0833333333333333,0.1767676240237502,0.2301133594838967,0.0372289447644876,0.0645829407945167,0.4805036857891793,0.6271408084506063,27
14,alert,hard,1,1,159.43569666666664,141.23015,102.44278925268152,354.216445,1.0,1800,1.0,1800,1.0,1800,0.0166666666666666,0,10,10.0,1.0,0.1858129245794826,0.2321483209648845,0.0366058460359881,0.0527941503887323,0.4740109514633763,0.558666881086417,15
14,alert,hard,1,2,176.1634450555556,163.83375,104.22707535576882,356.75383,1.0,1800,1.0,1800,0.995,1492,0.0166666666666666,0,10,10.0,1.0,0.1911338665128403,0.2328205494734887,0.0372996738073834,0.0527941503887323,0.4754491392535417,0.5630361397430902,23
14,alert,hard,1,3,156.55837183333333,148.6893,91.48514941564,299.4434199999999,1.0,1800,1.0,1800,0.995,1199,0.0116666666666666,0,7,7.0,1.0,0.1819767169740691,0.2319253422821225,0.0373663783479039,0.0812044514493237,0.480497214480852,0.5737958268682675,34
14,alert,hard,1,4,141.95184433333333,124.23965,89.48325977048614,295.81911499999995,1.0,1800,1.0,1800,0.9977777777777778,1693,0.0066666666666666,0,4,4.0,1.0,0.1702329830950179,0.2308261977962155,0.0378706643990088,0.0948671606502445,0.4847432645064934,0.5737958268682675,41
14,alert,hard,1,5,158.86259422222224,128.26909999999998,112.05413900281026,363.6370799999998,1.0,1800,1.0,1800,0.9955555555555556,793,0.0083333333333333,0,5,5.0,1.0,0.1781147164368252,0.2340193545243005,0.0392440246175708,0.0883229582651321,0.4852382199646982,0.5432322580777972,44
14,alert,hard,1,6,169.43177872222222,133.21785,124.47641229448786,358.3945749999999,0.9944444444444444,900,0.9972222222222222,905,0.9922222222222222,890,0.0266666666666666,0,15,15.0,1.0666666666666669,0.1828807295243165,0.2333777726972334,0.0431071728269509,0.0762500797433108,0.4829839821181621,0.5778856974882023,38
14,alert,hard,1,7,153.20285005555553,127.2026,116.78464628359023,347.78559,0.9944444444444444,1790,0.9972222222222222,1790,0.9922222222222222,975,0.0333333333333333,0,18,18.0,1.1111111111111112,0.180156284687364,0.2308778642056357,0.0450320870594182,0.0762500797433108,0.481445356965209,0.5778856974882023,24
14,alert,hard,1,8,136.73356155555555,124.37445,88.33640952239915,319.84669,1.0,1800,1.0,1800,0.9977777777777778,1711,0.0216666666666666,0,12,12.0,1.0833333333333333,0.1727427789111696,0.2292786071688183,0.0421527834897783,0.0916660680318163,0.4876328477517628,0.5525382108356092,46
14,sleepy,easy,0,0,602.2497759444445,523.30765,394.894540428511,1108.95645,0.8833333333333333,702,0.9172222222222224,1101,0.6311111111111111,412,0.0366666666666666,0,18,18.0,1.2222222222222223,0.1900087444348976,0.2152492387290247,0.0523064658568358,0.0756212547343338,0.460755125875554,0.5248879277485489,9
14,sleepy,easy,0,1,436.0025701111112,423.06915,206.31143174989663,858.47679,0.9638888888888888,878,0.9772222222222222,1076,0.8533333333333334,412,0.0466666666666666,0,20,20.0,1.4,0.1745658333723042,0.2087521945102213,0.0518098450524888,0.080481840481875,0.4645665005584357,0.5303255610295073,12
14,sleepy,easy,0,2,415.5086903333333,394.4141,234.60147664223263,882.754235,0.9605555555555556,828,0.9716666666666668,1107,0.8444444444444444,199,0.0866666666666666,0,40,40.0,1.3,0.1754684331114707,0.2093717105345253,0.0551996651109221,0.0705645253122212,0.4652698553936572,0.542796464263904,9
14,sleepy,easy,0,3,396.5278179444445,375.55955,218.75040298730815,828.413775,0.9911111111111112,627,0.9927777777777778,657,0.8538888888888889,199,0.0716666666666666,0,37,37.0,1.162162162162162,0.1786560673219042,0.2158665994405218,0.0529433536188876,0.0705645253122212,0.4709428985114877,0.5738645011546456,10
14,sleepy,easy,0,4,381.30360083333335,371.61935,195.08133138121335,747.39217,0.9905555555555556,1262,0.9938888888888888,1406,0.8966666666666666,254,0.08,0,25,25.0,1.36,0.1794550488256089,0.2137552333639273,0.0556145764702544,0.0708451452931415,0.4776915076092092,0.5738645011546456,19
14,sleepy,easy,0,5,383.9679805555555,373.01275,186.89451307816623,699.51248,0.9866666666666668,659,0.9933333333333332,779,0.905,252,0.0866666666666666,0,24,24.0,1.375,0.17762935308232,0.2106610013526247,0.0540846258237155,0.0708451452931415,0.483136793342619,0.5610226301208274,41
14,sleepy,easy,0,6,429.4727773333333,409.6522,223.6502037857288,821.2153849999999,0.9644444444444444,670,0.9766666666666668,676,0.8344444444444444,252,0.0783333333333333,0,29,29.0,1.2758620689655171,0.1615967637056886,0.207937216900717,0.0508391002458588,0.0721549710021456,0.4889390245767577,0.5766187673137221,59
14,sleepy,easy,0,7,385.80612166666674,342.7578,231.8374759591773,812.4712450000001,0.9661111111111113,557,0.9766666666666668,611,0.8566666666666667,304,0.0833333333333333,0,31,31.000000000000004,1.2903225806451613,0.1748868961348736,0.2138119943007337,0.0523450784154252,0.0721549710021456,0.4911758527380446,0.5766187673137221,69
14,sleepy,hard,0,0,300.84744761111114,294.70495,154.6127577846678,551.97042,0.9955555555555556,1620,0.9961111111111112,1620,0.9694444444444444,623,0.0783333333333333,0,32,32.0,1.28125,0.164533206107206,0.1989245597649999,0.0530609447046472,0.0750606753672119,0.4851739747382051,0.5720331517650996,44
14,sleepy,hard,0,1,268.7008417222222,253.24,159.67142204536032,506.732395,0.9955555555555556,1029,0.9961111111111112,1030,0.9761111111111112,863,0.0816666666666666,0,33,33.0,1.303030303030303,0.1670150373554305,0.2003780003523026,0.0545198181222032,0.0700378172917274,0.4889006872148764,0.5957069268362495,54
14,sleepy,hard,0,2,293.53515366666664,250.50945,203.3240964717423,763.184705,0.9894444444444443,1050,0.9938888888888888,1548,0.9277777777777778,911,0.085,0,38,38.0,1.3421052631578947,0.1692400040448161,0.1995403974499142,0.0545306947850574,0.0700378172917274,0.4895550906223662,0.5957069268362495,49
14,sleepy,hard,0,3,434.35052966666666,431.09275,219.91472387577485,814.321595,0.9888888888888888,573,0.9938888888888888,1129,0.7961111111111111,395,0.0933333333333333,0,45,45.0,1.2444444444444445,0.1673350705710702,0.1927712760484045,0.0527031687144896,0.0790221484531552,0.4887913372636074,0.5771502919692733,59
14,sleepy,hard,0,4,448.22099877777777,459.79235,195.9495913026466,759.5253,0.9972222222222222,1400,0.9983333333333332,1746,0.7922222222222223,530,0.0816666666666666,0,41,41.0,1.195121951219512,0.1728947410299507,0.1933954957339529,0.0523092956323351,0.0828200044712804,0.4873772970278363,0.6070421498163903,56
14,sleepy,hard,0,5,407.73288861111104,390.82365,186.4768514017834,712.720235,0.9944444444444444,845,0.9983333333333332,951,0.8622222222222222,530,0.0566666666666666,0,28,28.0,1.2142857142857142,0.1726272048086068,0.1931712035808208,0.0506760380090795,0.0828200044712804,0.4799388201842369,0.6070421498163903,26
14,sleepy,hard,0,6,408.796309,386.57985,192.13234402991117,698.15465,0.9872222222222222,696,0.9927777777777778,1135,0.8838888888888888,652,0.03,0,16,16.0,1.125,0.153766629028057,0.1963631396174276,0.0479025873105901,0.0917766588386216,0.480674116095689,0.5763476051084027,23
14,sleepy,hard,0,7,410.5957195555556,409.2927,195.68383162180217,716.92038,0.99,1211,0.9927777777777778,1552,0.8738888888888889,661,0.0233333333333333,0,13,13.0,1.0769230769230769,0.1535943852569444,0.1996166881711372,0.0459195160751239,0.09459826619328,0.4834073717094979,0.5763994930917219,29
14,sleepy,hard,0,8,445.7530639444444,460.2548,172.72034353463874,718.399235,0.9994444444444444,1240,1.0,1800,0.8405555555555555,419,0.0216666666666666,0,12,12.0,1.0833333333333333,0.1617924776674467,0.2017971378941872,0.0459011290946788,0.0907137730425201,0.4812758141904462,0.630723641372119,25
15,alert,easy,1,0,501.3825093888889,483.5106,142.88366654224595,790.6629749999997,0.9872222222222222,512,0.9927777777777778,762,0.8422222222222222,154,0.0033333333333333,0,2,2.0,1.0,0.2177112080330991,0.2656702888756219,0.0295202889303199,0.0913018627093767,0.5012812817365477,0.7806157562863214,15
15,alert,easy,1,1,496.0536778333333,471.1316,163.06578275422584,806.8442299999999,0.9766666666666668,477,0.9877777777777778,809,0.8366666666666667,128,0.0033333333333333,0,2,2.0,1.0,0.2169916756625194,0.2625333143477412,0.0287138651695158,0.0913018627093767,0.5103203125906575,0.7806157562863214,15
15,alert,easy,1,2,493.1843457777778,469.4944,168.30226333551775,819.323645,0.9711111111111111,324,0.9838888888888888,480,0.835,142,0.0,0,0,0.0,0.0,0.0,0.2642581452092206,0.026719147524497,0.1074331393610991,0.514963587880955,0.7142018836037988,16
15,alert,easy,1,3,467.993429,440.0056,161.6823551177269,791.0543,0.9755555555555556,625,0.9855555555555556,910,0.8588888888888889,217,0.0,0,0,0.0,0.0,0.0,0.2659458310389563,0.0285336910481849,0.1125294911628537,0.5321840202923198,0.7142018836037988,15
15,alert,easy,1,4,491.26277127777774,462.14015,170.61759418991522,801.2317449999998,0.9861111111111112,625,0.9927777777777778,941,0.7766666666666666,217,0.0,0,0,0.0,0.0,0.0,0.2671583959453603,0.027860135906961,0.1125294911628537,0.5433950852758255,0.7610742297606341,13
15,alert,easy,1,5,512.7968616666667,498.65615,149.12343585948014,794.7195649999999,0.9927777777777778,888,1.0,1800,0.7672222222222222,185,0.0,0,0,0.0,0.0,0.0,0.2620963893182034,0.0269906452633675,0.1057081398095125,0.5311627596613526,0.7610742297606341,13
15,alert,easy,1,6,517.3149899444445,492.29465,158.37132737250698,846.3543799999999,0.9733333333333334,509,0.9877777777777778,992,0.7861111111111111,185,0.0,0,0,0.0,0.0,0.0,0.2565420266506337,0.0324844879918519,0.102337074433768,0.5325999365303554,0.7766433301650058,12
15,alert,easy,1,7,498.3770555555556,449.0362,178.47692816020603,866.86271,0.9627777777777776,363,0.9811111111111112,420,0.8044444444444444,145,0.0,0,0,0.0,0.0,0.0,0.2549263278020393,0.0336603790470554,0.102337074433768,0.5328315998598273,0.7766433301650058,13
15,alert,easy,1,8,470.0780686666667,444.83365,148.73929092948535,777.99733,0.9794444444444445,462,0.9933333333333332,1145,0.8855555555555555,175,0.0,0,0,0.0,0.0,0.0,0.2618065683357783,0.0270880068004466,0.1071355951049907,0.509741345129248,0.660233584332239,27
15,alert,hard,1,0,377.4950345555556,384.8142,133.8488356719067,532.35992,0.9938888888888888,901,0.9944444444444444,901,0.975,534,0.0,0,0,0.0,0.0,0.0,0.3087010837781821,0.0202228214527021,0.1419141125988479,0.453240328995099,0.7344957966660092,1
15,alert,hard,1,1,338.08304844444444,343.50685,149.64893404834515,531.1028799999999,0.9916666666666668,861,0.9933333333333332,863,0.9816666666666668,711,0.0,0,0,0.0,0.0,0.0,0.3078881220389247,0.0258008801466578,0.1404794026662169,0.4391344819145523,0.4939055152199643,0
15,alert,hard,1,2,347.52530650000006,333.2836,161.23735303041477,580.0200199999998,0.9916666666666668,1295,0.9933333333333332,1296,0.9638888888888888,303,0.0,0,0,0.0,0.0,0.0,0.3005795938055214,0.0275413092027581,0.1404794026662169,0.4551342141805113,0.5925670416560781,11
15,alert,hard,1,3,376.31254899999993,352.01845000000003,194.76315051544705,613.5330349999999,0.9905555555555556,883,0.9916666666666668,883,0.9538888888888888,344,0.0,0,0,0.0,0.0,0.0,0.305952133842111,0.0236001663844739,0.1453886207024328,0.4624938226496637,0.5925670416560781,13
15,alert,hard,1,4,424.5044696666666,411.6734,193.6709840229429,664.299745,0.9866666666666668,1098,0.9888888888888888,1099,0.9388888888888888,377,0.0,0,0,0.0,0.0,0.0,0.3126082527065115,0.0288950081338625,0.1408298391205729,0.4428867478070378,0.5237482473292011,2
15,alert,hard,1,5,438.1505401111111,422.2085,147.90313999948498,687.030785,0.98,652,0.99,656,0.9311111111111112,353,0.0,0,0,0.0,0.0,0.0,0.3005098976107591,0.029423718226041,0.1408298391205729,0.4506209886848936,0.524394173934775,6
15,alert,hard,1,6,431.27297805555554,394.20165,176.41113450390316,872.3544899999999,0.9538888888888888,652,0.9633333333333334,656,0.9061111111111112,353,0.0,0,0,0.0,0.0,0.0,0.2929275038839756,0.0263700252279478,0.1294265206470678,0.4657266405387313,0.524394173934775,13
15,alert,hard,1,7,424.1548209444444,384.95455,211.5532389887176,844.5465299999998,0.9533333333333334,637,0.9555555555555556,638,0.9038888888888889,299,0.0,0,0,0.0,0.0,0.0,0.29943247038244,0.030634833347106,0.1294265206470678,0.4548434378289529,0.5134150571504804,7
15,alert,hard,1,8,398.3214854444444,342.08115,225.20043226819425,675.1701999999999,0.97,442,0.9722222222222222,442,0.9322222222222222,351,0.0,0,0,0.0,0.0,0.0,0.3037837387708243,0.0286589324902326,0.1469998412231343,0.4534275005238961,0.640001257107864,5
15,sleepy,easy,0,0,709.4738181666667,732.8788999999999,314.4093051205056,1237.55723,0.765,261,0.8383333333333334,262,0.3861111111111111,88,0.0116666666666666,0,5,5.0,1.4,0.2125511984420084,0.2460952947851323,0.0491724183852874,0.0800596354446669,0.529160341429194,0.8524472083590912,21
15,sleepy,easy,0,1,675.8372469444445,621.9963,336.1389677884064,1278.584475,0.7666666666666667,335,0.8161111111111111,360,0.5016666666666667,172,0.055,2,5,5.0,1.4,0.2138845258071765,0.2221095130114753,0.0610496172119085,0.0626510046921939,0.5039864665478231,0.89385624333686,16
15,sleepy,easy,0,2,640.5415928888889,596.8508999999999,293.4218515449095,1199.27799,0.825,366,0.8805555555555555,391,0.545,172,0.1066666666666666,3,4,4.0,1.0,0.2121194907609063,0.1971918501030469,0.0674038602819351,0.0606465469647815,0.5359170389850643,0.9360168826696984,17
15,sleepy,easy,0,3,577.0154613333333,564.0381,276.8446404476383,1067.61884,0.8927777777777778,789,0.93,929,0.6505555555555556,263,0.0583333333333333,1,1,1.0,1.0,0.2048160901787283,0.2191062282073311,0.0659178005759804,0.0606465469647815,0.5163519746672361,0.9360168826696984,17
15,sleepy,easy,0,4,536.5288276666666,504.8812,240.9263915800499,935.50639,0.9344444444444444,692,0.9566666666666668,792,0.6794444444444444,263,0.0,0,0,0.0,0.0,0.0,0.2399572452483653,0.0464858149884533,0.1024944567541301,0.4839533163265099,0.5166251340880426,59
15,sleepy,easy,0,5,534.1603974999999,497.04175,244.907471908653,974.71864,0.9272222222222222,301,0.9505555555555556,375,0.6655555555555556,185,0.0533333333333333,1,5,5.0,1.6,0.1932117965080029,0.2228254611438702,0.0566071686641447,0.0553095562132609,0.5259230619810767,0.8892561329927682,84
15,sleepy,easy,0,6,596.1641259444444,596.4259500000001,231.3372937396828,990.277705,0.905,375,0.9355555555555556,480,0.5588888888888889,185,0.0533333333333333,1,5,5.0,1.6,0.1932117965080029,0.2173106566111263,0.0596201570327095,0.0553095562132609,0.5242365308707762,0.8892561329927682,52
15,sleepy,easy,0,7,772.2290133333333,712.45555,342.46187673031545,1429.4313949999998,0.7438888888888889,143,0.7922222222222223,179,0.3316666666666666,70,0.0,0,0,0.0,0.0,0.0,0.2256859598760375,0.0505593827853669,0.1113256188903899,0.4874849932570907,0.5309220629658132,62
15,sleepy,easy,0,8,843.156258111111,773.0785000000001,422.7815810387981,1627.28561,0.6372222222222222,143,0.6944444444444444,164,0.3061111111111111,44,0.015,0,5,5.0,1.8,0.1988085856480859,0.2211056464910692,0.0512527476616239,0.0872627757682806,0.5073737897219662,0.8644243975948382,55
15,sleepy,hard,0,0,532.2516343333334,529.4162,244.52100110469289,919.133655,0.9377777777777778,400,0.9627777777777776,402,0.6461111111111111,96,0.0183333333333333,0,5,5.0,1.2,0.2312113387229173,0.2422632038788043,0.0562515584007683,0.0454843258895276,0.5448267147279815,1.1035789765575252,17
15,sleepy,hard,0,1,460.3096866666667,446.27685,230.9693791092373,847.007025,0.9705555555555556,527,0.9866666666666668,727,0.7472222222222222,255,0.0,0,0,0.0,0.0,0.0,0.243837603851995,0.047859660968909,0.1022269446597421,0.529840586699946,0.7436055051171309,21
15,sleepy,hard,0,2,509.415583,493.89115,278.4856492963161,979.12645,0.9183333333333332,527,0.9472222222222222,739,0.6616666666666666,255,0.0,0,0,0.0,0.0,0.0,0.2395040230819609,0.047891918950598,0.1048104963837814,0.5385235112727568,0.7462052479908652,18
15,sleepy,hard,0,3,605.2905483888889,594.42325,273.3725891548467,1085.740785,0.8655555555555555,291,0.9011111111111112,358,0.5422222222222223,77,0.0483333333333333,2,4,4.0,1.25,0.1963132558222783,0.2286871540922951,0.0594072117622649,0.0860074670899223,0.5648763696209795,1.0519961091232026,14
15,sleepy,hard,0,4,669.0380690555555,609.30485,311.04460854232747,1208.339565,0.7488888888888889,128,0.7872222222222223,128,0.5183333333333333,77,0.0483333333333333,2,4,4.0,1.25,0.1991270335308893,0.2319591423511824,0.057925110135504,0.0860074670899223,0.5496395871047556,1.0519961091232026,26
15,sleepy,hard,0,5,736.1796672777778,708.6451500000001,290.5855788586871,1215.4987649999998,0.7116666666666667,282,0.7677777777777778,284,0.3805555555555555,53,0.0,0,0,0.0,0.0,0.0,0.2436392094480357,0.0421723709485148,0.101056417023188,0.5345737693021513,0.7587389303221389,23
15,sleepy,hard,0,6,670.0955369444445,694.9639999999999,266.68234558557623,1083.2197,0.8055555555555556,155,0.8833333333333333,156,0.4077777777777778,91,0.0433333333333333,1,4,4.0,1.25,0.2032962323029618,0.2325686532879067,0.0555910119055936,0.0766142647731029,0.5654900212256251,1.0671804260164215,10
15,sleepy,hard,0,7,568.2451820555556,512.55565,294.361111066904,1049.97545,0.8138888888888889,370,0.8788888888888889,445,0.5888888888888889,118,0.045,1,5,5.0,1.2,0.2019592712085016,0.2341520698870526,0.0581028288802547,0.0766142647731029,0.5250412023716946,1.0671804260164215,10
15,sleepy,hard,0,8,626.4638596111112,547.1924,312.68506450493584,1119.628205,0.7294444444444445,370,0.7944444444444444,445,0.5683333333333334,118,0.0016666666666666,0,1,1.0,1.0,0.1930020162062483,0.2370514603869648,0.0447386535071404,0.0958481890036052,0.4919765727651522,0.7723317996981632,13
16,alert,easy,1,0,401.31617066666666,359.39325,188.9521475522234,797.20307,0.9688888888888888,346,0.9822222222222222,382,0.8844444444444445,136,0.0016666666666666,0,1,1.0,1.0,0.229149359047539,0.2709538668595525,0.039868483461913,0.090506532305341,0.5170391807470274,0.6124736870339557,37
16,alert,easy,1,1,419.7866069444445,380.2039,178.32481952720812,786.928975,0.9722222222222222,417,0.9783333333333334,417,0.8805555555555555,89,0.0,0,0,0.0,0.0,0.0,0.2711973523296079,0.0422641033601787,0.1051847582564233,0.5160202636698316,0.5633168721472864,19
16,alert,easy,1,2,413.195358,381.4263,190.80042944680253,751.2465049999998,0.9755555555555556,361,0.9783333333333334,361,0.8955555555555555,89,0.0,0,0,0.0,0.0,0.0,0.270320685472414,0.0418527985465153,0.1048947873682953,0.5193845065616779,0.5677190828510993,13
16,alert,easy,1,3,454.2140847222223,424.8823,184.499820211029,758.748935,0.9744444444444444,435,0.9816666666666668,466,0.8888888888888888,146,0.0,0,0,0.0,0.0,0.0,0.2596681750578143,0.0404328117158149,0.1000412420737542,0.5162604149931124,0.6177133421110702,10
16,alert,easy,1,4,490.0366631111111,459.0871,153.8986959934653,776.1425199999996,0.975,484,0.9866666666666668,757,0.8861111111111111,146,0.0,0,0,0.0,0.0,0.0,0.261549703792981,0.0383892831476702,0.1000412420737542,0.5080788513712605,0.6177133421110702,34
16,alert,easy,1,5,486.4326700555556,462.0638,138.2962635972644,736.155425,0.9827777777777778,629,0.9888888888888888,630,0.8844444444444445,143,0.0,0,0,0.0,0.0,0.0,0.2612223280612031,0.0388865021737279,0.1011726969286772,0.5118353627202632,0.549578856541255,41
16,alert,easy,1,6,478.61306938888896,463.4792,123.32717711078452,693.90845,0.9933333333333332,957,0.9938888888888888,957,0.8977777777777778,115,0.0,0,0,0.0,0.0,0.0,0.2598044803884929,0.0372094415450056,0.1011726969286772,0.5154608598026525,0.5547085436063558,21
16,alert,easy,1,7,484.0898191666666,474.3553,114.44871496970268,686.28581,0.9955555555555556,1173,0.9961111111111112,1310,0.9133333333333332,127,0.0016666666666666,0,1,1.0,1.0,0.2114903670696944,0.2647437903460843,0.0346479947127051,0.0945332804509556,0.5191736904123601,0.5547085436063558,4
16,alert,easy,1,8,468.27280888888896,451.0371,136.4021452143139,689.542245,0.9833333333333332,327,0.9888888888888888,410,0.9144444444444444,154,0.0033333333333333,0,2,2.0,1.0,0.2124953268128389,0.2616315839134653,0.0393587777268869,0.0925233609646667,0.5249501754585763,0.5786350331142888,5
16,alert,hard,1,0,308.2447315555555,276.02715,145.37031380926436,633.6248399999996,0.9938888888888888,838,0.9972222222222222,838,0.9472222222222222,188,0.0016666666666666,0,1,1.0,1.0,0.2296126872275174,0.2719782134216258,0.0365662041911767,0.0818594248757698,0.5339240322310522,0.6921372211492305,0
16,alert,hard,1,1,322.8265372222222,293.37775,144.90984144670534,622.36991,0.9955555555555556,1141,0.9983333333333332,1738,0.9505555555555556,163,0.0,0,0,0.0,0.0,0.0,0.2675522940578956,0.0391126852284161,0.1107717449255865,0.5386926012857408,0.570617187934755,0
16,alert,hard,1,2,329.63961400000005,304.12415,141.31815030179123,609.3714299999999,0.9955555555555556,586,0.9983333333333332,1478,0.955,198,0.0,0,0,0.0,0.0,0.0,0.2623979610296588,0.0390352283080519,0.1012344170345856,0.5280042816201989,0.591270284199114,4
16,alert,hard,1,3,313.54834905555555,294.88555,126.3705888556581,565.90152,0.9983333333333332,1219,0.9983333333333332,1219,0.9733333333333334,604,0.0,0,0,0.0,0.0,0.0,0.265093701782536,0.0404175356834055,0.1012344170345856,0.5188891087092848,0.591270284199114,6
16,alert,hard,1,4,324.2007865555555,305.68855,130.08796530667675,571.689905,0.9955555555555556,962,0.9955555555555556,962,0.9727777777777776,604,0.0,0,0,0.0,0.0,0.0,0.2658488567300402,0.0417035374887128,0.1034067608146218,0.5270879066085344,0.5955951505996341,4
16,alert,hard,1,5,362.9487183888889,336.1866,148.79934796700465,657.370585,0.9933333333333332,774,0.9933333333333332,774,0.9388888888888888,277,0.0,0,0,0.0,0.0,0.0,0.2631454428126663,0.0416057257723099,0.1034067608146218,0.5247599936465813,0.5955951505996341,10
16,alert,hard,1,6,377.38627527777777,345.8706,174.2145539417537,744.320035,0.9861111111111112,673,0.9888888888888888,673,0.9061111111111112,140,0.0,0,0,0.0,0.0,0.0,0.2646740958851403,0.0415650155202906,0.1012577230922162,0.5199251779890486,0.5712139275255546,14
16,alert,hard,1,7,334.59157316666665,282.96645,197.95423606091384,767.4079099999999,0.975,291,0.9816666666666668,322,0.9061111111111112,150,0.0,0,0,0.0,0.0,0.0,0.2640081211416765,0.0417246552909543,0.1012577230922162,0.5239654297651031,0.5576720381407687,9
16,alert,hard,1,8,314.78389344444446,258.5324,195.00484735517983,738.923275,0.9733333333333334,253,0.9811111111111112,356,0.915,139,0.0016666666666666,0,1,1.0,1.0,0.2075734178068243,0.264103208922814,0.0411341596123184,0.0935032993543932,0.5290476754742958,0.5684486844282006,3
16,sleepy,easy,0,0,788.2004836666666,783.6957,344.3531224622725,1428.883275,0.73,111,0.835,112,0.315,40,0.0166666666666666,0,3,3.0,3.333333333333333,0.2044244042655842,0.2268884961130833,0.0564263054023797,0.0842244208886324,0.5113758133893267,0.5699091824230867,35
16,sleepy,easy,0,1,727.4866286111111,661.42385,367.1495569755007,1496.4708,0.7494444444444445,113,0.8561111111111112,113,0.4377777777777777,77,0.0016666666666666,0,1,1.0,1.0,0.2108300561828601,0.2369056097037361,0.0513964001267377,0.0984916989674402,0.5235302809988773,0.5724809994375366,21
16,sleepy,easy,0,2,706.5768541666666,646.1892,334.2276319425224,1406.4805399999998,0.7994444444444444,108,0.8566666666666667,231,0.445,77,0.0016666666666666,0,1,1.0,1.0,0.2108300561828601,0.2331088234312668,0.0520731345560354,0.0984916989674402,0.5316116949724166,0.5724809994375366,4
16,sleepy,easy,0,3,691.2742965555556,636.9069999999999,294.6828159988449,1237.3824249999998,0.8116666666666666,145,0.8466666666666667,339,0.4722222222222222,144,0.0,0,0,0.0,0.0,0.0,0.2324870796103385,0.0473548404581267,0.1049934338417064,0.5181684260481962,0.5580854443239185,21
16,sleepy,easy,0,4,719.5151493333334,671.2488000000001,305.058799886777,1277.130715,0.7627777777777778,145,0.7994444444444444,158,0.4222222222222222,144,0.0533333333333333,1,11,11.0,1.4545454545454546,0.1817933204140485,0.2123273628896299,0.0603034450519556,0.0809774716095971,0.5109425907125632,0.5728648034665823,22
16,sleepy,easy,0,5,747.3035886666668,658.0201,402.3294652629425,1670.74419,0.7611111111111111,155,0.7983333333333333,155,0.4416666666666666,103,0.065,1,16,16.0,1.4375,0.192823538373333,0.2004552006808518,0.0650064655174646,0.0809774716095971,0.4889550968972736,0.5728648034665823,16
16,sleepy,easy,0,6,708.3295797777779,580.66035,465.8482348218097,1961.62936,0.8266666666666667,218,0.8511111111111112,218,0.5861111111111111,103,0.015,0,7,7.0,1.2857142857142858,0.1928499784032152,0.2207669417261988,0.0569882291530757,0.0910192066998361,0.4792023063329894,0.5520851266971526,24
16,sleepy,easy,0,7,552.7441747777777,478.7713,402.976189982394,1279.6311950000002,0.885,234,0.9083333333333332,234,0.7033333333333334,232,0.0033333333333333,0,2,2.0,1.0,0.1965762880025175,0.2381595848814685,0.049245211427008,0.0933056792660059,0.4964664666979026,0.5520851266971526,48
16,sleepy,easy,0,8,495.1306615,450.0167,309.20571916113045,1011.1630349999996,0.9266666666666666,234,0.9483333333333334,234,0.7177777777777777,232,0.005,0,2,2.0,1.5,0.1978499567996902,0.2413488158958951,0.0463877227861838,0.0926980319321127,0.515338104139375,0.5627341004114762,42
16,sleepy,hard,0,0,401.4034683333333,333.68625,283.07735276984545,899.0667799999999,0.95,706,0.9572222222222222,706,0.8877777777777778,290,0.0033333333333333,0,2,2.0,1.0,0.2036317378238923,0.2422187556881565,0.0478186489885853,0.092575136653926,0.5443682939752102,0.5904981013959987,1
16,sleepy,hard,0,1,394.3536061111111,362.23885,234.1839793553656,657.5172399999999,0.9727777777777776,531,0.9772222222222222,531,0.9305555555555556,474,0.005,0,3,3.0,1.0,0.1941088602716963,0.240007719225448,0.0457168942977509,0.0956207806912742,0.5390315512300878,0.5749358045745241,2
16,sleepy,hard,0,2,382.5257098888889,369.1795,185.486866106106,682.62432,0.9894444444444443,778,0.9905555555555556,778,0.9216666666666666,474,0.0083333333333333,0,4,4.0,1.25,0.1958196235604484,0.2387187787108459,0.0484956930746756,0.0946376782081156,0.5229665827437785,0.5970008209868441,14
16,sleepy,hard,0,3,344.7103271666668,289.74645,192.1041121504254,711.3829199999999,0.9911111111111112,998,0.9911111111111112,998,0.9044444444444444,410,0.005,0,2,2.0,1.5,0.19722554808008,0.248449020841244,0.0456403433653348,0.0946376782081156,0.5156454480587185,0.5970008209868441,17
16,sleepy,hard,0,4,386.2441712777778,339.15335000000005,220.70344616970843,797.3757599999999,0.9605555555555556,897,0.9711111111111111,897,0.9055555555555556,410,0.015,0,6,6.0,1.5,0.196123045877075,0.2406320540718677,0.0474392267456953,0.0918045410748739,0.5071565333016204,0.5687377482144226,9
16,sleepy,hard,0,5,481.1325826111111,424.3,235.27889261854912,909.750975,0.9477777777777778,397,0.96,397,0.7822222222222223,205,0.015,0,6,6.0,1.5,0.2061704800117956,0.2381778073161501,0.0471298190767499,0.0918045410748739,0.5075081949429636,0.5669802492255422,11
16,sleepy,hard,0,6,546.0157074444444,462.04215,299.1848071673146,1127.7982949999998,0.8816666666666667,397,0.9033333333333332,397,0.6622222222222223,157,0.01,0,5,5.0,1.2,0.2080763151011911,0.2311898172605446,0.0525557846550169,0.0896063457605357,0.5311096492438812,0.7520486303996916,8
16,sleepy,hard,0,7,576.6009221666667,499.14275,312.6860384934747,1166.95235,0.8577777777777778,325,0.8905555555555555,331,0.6766666666666666,170,0.0133333333333333,0,7,7.0,1.1428571428571428,0.1896159392094591,0.2224330755897677,0.0533392742326613,0.0896063457605357,0.5261325555615735,0.7520486303996916,15
16,sleepy,hard,0,8,591.7741574444444,538.23465,249.29945597990655,1015.02794,0.915,325,0.9405555555555556,331,0.6461111111111111,170,0.0133333333333333,0,5,5.0,1.6,0.1858006314489045,0.2241562163518054,0.0464827174412734,0.0947730722047755,0.5146408038512227,0.5640682621755528,17
17,alert,easy,1,0,433.2484017222222,422.9911,148.42209769047895,684.460915,0.9833333333333332,709,0.9888888888888888,710,0.9338888888888888,263,0.0116666666666666,0,6,6.0,1.1666666666666667,0.2144534901772423,0.2531971498867149,0.0253763822237685,0.0515610176125906,0.4980435061661368,0.5652050932807509,83
17,alert,easy,1,1,455.3411134444445,440.0943,143.51485540556098,701.0818749999999,0.9805555555555556,979,0.9894444444444443,1071,0.9138888888888888,235,0.0183333333333333,0,8,8.0,1.375,0.2174293224987462,0.243737508974632,0.0323750469464598,0.0515610176125906,0.4939729634151896,0.5867305318662431,53
17,alert,easy,1,2,454.4242181666666,437.56485,127.93010401907046,671.1105449999999,0.9861111111111112,734,0.995,1094,0.9244444444444444,286,0.0133333333333333,0,5,5.0,1.6,0.214238911239248,0.239580903882385,0.0266156009693743,0.0569455337024967,0.4873170127134252,0.5867305318662431,31
17,alert,easy,1,3,447.3484436111111,436.34275,143.74563511978562,637.1825449999999,0.9922222222222222,763,0.9933333333333332,928,0.945,286,0.0183333333333333,0,7,7.0,1.5714285714285714,0.217662912992137,0.2408609561264182,0.0279361341029825,0.0526190967540341,0.4969014635793719,0.6305391824994994,21
17,alert,easy,1,4,440.4122431111111,440.46225,148.42814886168176,612.91944,0.9922222222222222,886,0.9933333333333332,1663,0.9605555555555556,498,0.0216666666666666,0,9,9.0,1.4444444444444444,0.225673177607541,0.2461358171654311,0.0344108295357388,0.0518310536587986,0.507935541353223,0.6659688183950333,43
17,alert,easy,1,5,427.2517765555555,420.2993,133.08802916107655,614.021615,0.9938888888888888,804,0.9972222222222222,1095,0.9588888888888888,498,0.015,0,7,7.0,1.2857142857142858,0.226705505493616,0.2415662709617741,0.0343409218341807,0.0518310536587986,0.4875239213438683,0.6659688183950333,26
17,alert,easy,1,6,457.5920065,453.3178,133.57136803696324,664.078825,0.9938888888888888,1205,0.9972222222222222,1394,0.9172222222222224,240,0.015,0,8,8.0,1.125,0.2059150087180679,0.2384540613722418,0.0307563088600819,0.0562109520489988,0.4723288864165171,0.5050830920314984,3
17,alert,easy,1,7,478.1040056111111,475.3246,108.10564376887343,657.1132899999999,0.9988888888888888,899,0.9994444444444444,1710,0.9122222222222224,235,0.02,0,9,9.0,1.3333333333333333,0.1991580441441757,0.2440432116126641,0.0293560292699171,0.0631785088720615,0.4830821118528847,0.6742059378680112,3
17,alert,easy,1,8,435.4487248888889,431.82695,127.42534961515403,643.592445,0.9961111111111112,810,0.9977777777777778,882,0.94,235,0.0383333333333333,0,16,16.0,1.4375,0.2127423256336544,0.2401738059522545,0.0399864066628424,0.0527587993931929,0.5166186438521927,0.7353058487069278,7
17,alert,hard,1,0,222.3530008888889,213.3026,86.3372703351853,403.56036,1.0,1800,1.0,1800,0.9983333333333332,1657,0.0033333333333333,0,2,2.0,1.0,0.2109508198859723,0.2699790999497525,0.0157664946227085,0.0863735768400657,0.4984218051522212,0.5236358076064551,120
17,alert,hard,1,1,218.19410294444444,212.9425,82.72697341738564,365.97278499999993,1.0,1800,1.0,1800,0.9983333333333332,1040,0.0066666666666666,0,4,4.0,1.0,0.2169169146314418,0.2644167494870504,0.0204208802815234,0.0739283648293137,0.504159725022975,0.534041418427477,95
17,alert,hard,1,2,242.30019761111112,235.80815,108.4193683982826,413.7618949999999,1.0,1800,1.0,1800,0.9977777777777778,1119,0.01,0,6,6.0,1.0,0.231083799757847,0.2638108685331781,0.0246388724142175,0.0651532202706261,0.5081895170616239,0.6784203025698771,63
17,alert,hard,1,3,257.6536667222222,254.4612,104.80827166079284,421.564975,1.0,1800,1.0,1800,0.9977777777777778,1257,0.0116666666666666,0,6,6.0,1.1666666666666667,0.2337548715236032,0.2693620855314542,0.0259544857074947,0.0631001686543095,0.50650364624264,0.6784203025698771,69
17,alert,hard,1,4,245.5109353333333,240.252,92.51716265713884,389.67016,0.9977777777777778,1669,0.9977777777777778,1669,0.9955555555555556,1656,0.01,0,5,5.0,1.2,0.2388801140343797,0.2700706714532035,0.0298691405825178,0.0595629161719789,0.5018293890316118,0.6229913722121222,96
17,alert,hard,1,5,252.7729491111111,242.38605,115.04602234531376,417.582105,0.9977777777777778,1027,0.9977777777777778,1027,0.9844444444444445,756,0.0116666666666666,0,7,7.0,1.0,0.2345005640516107,0.2725723947970596,0.0314127050786416,0.0595629161719789,0.4997212607510142,0.6662326927447207,100
17,alert,hard,1,6,271.959937,268.16225,116.48045998330964,440.856855,0.9961111111111112,900,0.9961111111111112,900,0.9844444444444445,892,0.0133333333333333,0,8,8.0,1.0,0.2246404634440476,0.2677796840392376,0.0304883182878096,0.065621614477708,0.5082596884552083,0.6662326927447207,47
17,alert,hard,1,7,268.8126752222222,262.50995,90.88210443877703,390.859085,0.9961111111111112,1793,0.9961111111111112,1793,0.9911111111111112,1318,0.0183333333333333,0,10,10.0,1.1,0.2160674177083557,0.2576087181777325,0.0339189511081525,0.0653198088161501,0.5157495266985225,0.5483152220390456,14
17,alert,hard,1,8,259.3885353888889,253.74395,81.71679842210827,366.3894249999999,1.0,1800,1.0,1800,0.9927777777777778,488,0.015,0,8,8.0,1.125,0.2135889200625766,0.259877557746008,0.030549774269477,0.0653198088161501,0.5109046533465158,0.5925824350448357,58
17,sleepy,easy,0,0,416.8797276111112,394.9975,226.0000103573471,775.5792349999998,0.9822222222222222,572,0.9872222222222222,595,0.7955555555555556,312,0.0316666666666666,0,11,11.0,1.7272727272727273,0.2007190099127306,0.2153914115787169,0.0351521604373801,0.0347911790449662,0.5192412399911751,0.6637357114147395,15
17,sleepy,easy,0,1,432.7603487222222,387.12205,251.0869719076804,864.022445,0.9533333333333334,572,0.9611111111111112,697,0.8283333333333334,312,0.0766666666666666,0,20,20.0,1.9,0.1863115523958124,0.2040839570970707,0.0486465022771182,0.0347737245897486,0.5336578121754375,0.6637357114147395,15
17,sleepy,easy,0,2,515.9312413888889,507.68835,241.30565261672416,953.40697,0.945,355,0.9533333333333334,411,0.7338888888888889,184,0.07,0,19,19.0,1.7894736842105263,0.1863084871024448,0.2091244073434345,0.0466834070888268,0.0347737245897486,0.5251109250200398,0.6595674730114558,50
17,sleepy,easy,0,3,537.6796642777778,543.8759,234.45420677587936,906.4268549999998,0.9477777777777778,355,0.955,411,0.6744444444444444,184,0.0433333333333333,0,18,18.0,1.4444444444444444,0.181359244494672,0.2161598588128915,0.0369021631760945,0.0455041984944223,0.5094286584348499,0.6884121234408764,79
17,sleepy,easy,0,4,574.6797474444445,556.6911,272.9811623004037,1104.623535,0.8777777777777778,287,0.9055555555555556,306,0.6194444444444445,179,0.1066666666666666,1,22,22.0,2.090909090909091,0.1835584067744578,0.1945837245721761,0.0530282633946655,0.0455041984944223,0.5221833036415047,0.6884121234408764,56
17,sleepy,easy,0,5,639.3003967777778,586.5249,326.05839339901286,1327.9609949999997,0.8033333333333333,247,0.8494444444444444,306,0.5827777777777777,179,0.1666666666666666,2,23,23.0,2.4347826086956523,0.1842851240618063,0.1724852976602648,0.0545445890855865,0.0412967506259826,0.5370624775616976,0.6935590539055301,29
17,sleepy,easy,0,6,555.0441887777778,467.33825,334.5866253181712,1335.13593,0.8533333333333334,317,0.8794444444444445,318,0.6977777777777778,233,0.12,1,21,21.0,2.1904761904761907,0.1787578171431246,0.1880399640224596,0.0502667879340438,0.0412967506259826,0.5199425756533624,0.7213576211108946,5
17,sleepy,easy,0,7,416.0686535,372.05715,218.3895077856689,871.9051699999998,0.9533333333333334,323,0.96,330,0.8827777777777778,233,0.0616666666666666,0,20,20.0,1.85,0.1728246707287946,0.2032621837028738,0.0393438058588348,0.041865523313629,0.4830565505628789,0.7213576211108946,1
17,sleepy,easy,0,8,426.6589523888889,413.6061,166.4382303026555,733.2597499999998,0.9838888888888888,323,0.9916666666666668,471,0.9038888888888889,174,0.0416666666666666,0,16,16.0,1.5625,0.1810428652324353,0.209811701763453,0.0366215442323856,0.0454281963949879,0.4890242901666832,0.5198717039080576,24
17,sleepy,hard,0,0,360.09580272222223,324.4131,175.8990650226023,702.8712099999999,0.9944444444444444,901,0.9983333333333332,1744,0.8988888888888888,575,0.0116666666666666,0,6,6.0,1.1666666666666667,0.1745664501872628,0.2297478291349182,0.0215974398787034,0.0412677059842132,0.499352417636705,0.5193430966149432,105
17,sleepy,hard,0,1,445.9952545,418.39455,208.6326405450646,843.5641049999999,0.9827777777777778,683,0.9977777777777778,1288,0.785,360,0.0166666666666666,0,6,6.0,1.6666666666666667,0.1801284014058848,0.2317602287936184,0.0280512332879095,0.0397819841445926,0.5069428099065268,0.533221693951957,76
17,sleepy,hard,0,2,512.6562595555556,483.09415,227.75164504779548,899.8538,0.95,723,0.9766666666666668,863,0.7094444444444444,496,0.0233333333333333,0,7,7.0,2.0,0.1890323551342597,0.2329105263326246,0.0325945963339829,0.0397819841445926,0.5133734986335878,0.5380562306149721,28
17,sleepy,hard,0,3,453.04260516666665,446.8098,211.0264871561146,822.6509199999999,0.9622222222222222,770,0.9766666666666668,771,0.8544444444444445,354,0.0233333333333333,0,9,9.0,1.5555555555555556,0.1880467951265509,0.2302380301902692,0.0303982178458111,0.0489386252426963,0.518091873990624,0.5381158065832286,7
17,sleepy,hard,0,4,398.1323582777777,403.4687,174.9045403401445,687.067205,0.9927777777777778,1403,0.9955555555555556,1544,0.925,318,0.0333333333333333,0,15,15.0,1.3333333333333333,0.1912022991994767,0.226087359965955,0.0345960733598682,0.0483571518949362,0.5248843014580062,0.5681177749764659,5
17,sleepy,hard,0,5,367.0594266666668,338.0015,195.179063628499,704.670545,0.9805555555555556,633,0.9861111111111112,773,0.9227777777777778,573,0.0416666666666666,0,17,17.0,1.4705882352941178,0.1926348929308026,0.216928558627222,0.0385051573246249,0.0483571518949362,0.5349464680177096,0.5681177749764659,4
17,sleepy,hard,0,6,415.666808,363.71005,252.82254255697987,970.194135,0.9327777777777778,473,0.9522222222222222,473,0.8611111111111112,472,0.0466666666666666,0,19,19.0,1.4736842105263157,0.1977963730973732,0.2097620601365281,0.0397341001304969,0.0314164225849982,0.5367351499941481,0.5657027738970563,0
17,sleepy,hard,0,7,437.3449326666667,386.49695,274.88381728025206,1054.86349,0.9111111111111112,262,0.935,334,0.8366666666666667,202,0.0533333333333333,0,23,23.0,1.391304347826087,0.1974881866116225,0.2123241972996064,0.0417238963311248,0.0314164225849982,0.524771090751416,0.6288106692717841,2
17,sleepy,hard,0,8,361.04865416666667,304.0847,258.6301987073129,965.38224,0.9377777777777778,353,0.9505555555555556,354,0.8955555555555555,352,0.055,0,22,22.0,1.5,0.1945687595342064,0.2129718170657872,0.0395848507849184,0.031199796860685,0.5136563173670547,0.6288106692717841,15
18,alert,easy,1,0,438.02751627777775,356.0906,285.3273614351269,1017.984665,0.85,630,0.9183333333333332,632,0.7955555555555556,540,0.0,0,0,0.0,0.0,0.0,0.2292864736517898,0.0277272283540472,0.1155073638851748,0.600107743195942,0.808469771270245,0
18,alert,easy,1,1,483.5327105,510.4704,259.1915038154721,968.057915,0.9,1260,0.965,1262,0.73,579,0.0,0,0,0.0,0.0,0.0,0.2422982672773524,0.026503044549851,0.1279427676077262,0.5814697012380285,0.808469771270245,0
18,alert,easy,1,2,573.9323524444444,549.4729,233.59979399524516,967.38593,0.9,810,0.9627777777777776,879,0.5844444444444444,270,0.0,0,0,0.0,0.0,0.0,0.2484893151142476,0.0167029474532643,0.1494932711749197,0.5761160923737992,0.6107156800401062,0
18,alert,easy,1,3,566.0700899444444,522.3777,215.58013115265587,876.6829999999984,0.95,1080,0.9744444444444444,1080,0.6,450,0.0,0,0,0.0,0.0,0.0,0.246061289959609,0.0139781861829052,0.1774860927916013,0.5853546531937548,0.6297217844424574,0
18,alert,easy,1,4,487.8230448888889,472.2393,180.05449974917423,814.5925,1.0,1800,1.0,1800,0.7455555555555555,810,0.0,0,0,0.0,0.0,0.0,0.2425797818286688,0.015773859180657,0.1330458024033306,0.6090811796436745,0.6684393055252554,0
18,alert,easy,1,5,471.8127785555556,450.4009,152.68871339296356,749.6475999999991,1.0,1800,1.0,1800,0.7983333333333333,360,0.0,0,0,0.0,0.0,0.0,0.2384018527444288,0.0165252352753667,0.1330458024033306,0.6176352107405325,0.6684393055252554,0
18,alert,easy,1,6,544.6627418333334,554.55795,202.89023436254035,898.0448899999998,0.95,1350,0.9994444444444444,1360,0.6027777777777777,360,0.0,0,0,0.0,0.0,0.0,0.2457763280884956,0.0183816254268946,0.1590680011902572,0.5958072176482273,0.65267706752012,0
18,alert,easy,1,7,517.1832693333332,540.2273,215.8684748430103,821.3700099999961,0.95,1260,0.9994444444444444,1339,0.6877777777777778,540,0.0,0,0,0.0,0.0,0.0,0.2491622877111152,0.0207204371061311,0.1246179379744779,0.5811713835290442,0.6202036103555233,0
18,alert,easy,1,8,440.0846568333334,441.6554,146.12180456334005,720.0222,1.0,1800,1.0,1800,0.9377777777777778,900,0.0,0,0,0.0,0.0,0.0,0.2440208665848478,0.0233950802847011,0.1103980549208767,0.591421481849827,0.6396015304907696,0
18,alert,hard,1,0,296.39824677777773,293.0913,107.7476443254124,475.86408,1.0,1800,1.0,1800,1.0,1800,0.02,0,12,12.0,1.0,0.1708824824333303,0.1997825694351803,0.0300401167109656,0.0639121238334262,0.5377270289644055,0.5851161245493336,0
18,alert,hard,1,1,298.03583588888887,299.98749999999995,108.13408418135458,480.6113099999999,1.0,1800,1.0,1800,0.9972222222222222,1080,0.015,0,9,9.0,1.0,0.172550973309452,0.2054001213494877,0.0253556473360102,0.0639121238334262,0.5301896840896876,0.5530388451113033,7
18,alert,hard,1,2,323.2627726111111,303.16405,164.53189399521392,681.78641,0.9972222222222222,1454,1.0,1800,0.915,1254,0.01,0,6,6.0,1.0,0.1510892968782324,0.2082512944399167,0.0230284671249476,0.0817088473524779,0.5266837599759733,0.5508017367182813,21
18,alert,hard,1,3,311.6388465555556,286.6731,152.49397778793454,681.78641,0.9972222222222222,1241,1.0,1800,0.9177777777777778,1080,0.0266666666666666,0,13,13.0,1.2307692307692308,0.1790699386201506,0.2063478198597168,0.0311543249201184,0.0725399704415622,0.5245051023895648,0.5492153827033259,28
18,alert,hard,1,4,243.48956238888888,241.64745,124.63428675041476,460.7223,1.0,1800,1.0,1800,0.9938888888888888,1691,0.035,0,16,16.0,1.3125,0.190068050899066,0.1990746499721131,0.035819213530731,0.0694094318289082,0.5235332337296954,0.5713491891568856,39
18,alert,hard,1,5,268.8119001111112,242.26325,150.72213045192365,505.717355,1.0,1800,1.0,1800,0.9722222222222222,791,0.0283333333333333,0,14,14.0,1.2142857142857142,0.1948774024212503,0.185386148930577,0.0361292927924789,0.0634835917437529,0.5097170925913522,0.5713491891568856,82
18,alert,hard,1,6,330.5264852777778,297.32635,148.49513185558288,610.044665,0.995,1071,1.0,1800,0.9516666666666668,720,0.025,0,12,12.0,1.25,0.1905916539175167,0.1801724806637762,0.0349194836988132,0.0634835917437529,0.4947570160552022,0.5464385168698961,103
18,alert,hard,1,7,305.06807244444445,285.00705,145.4334812223278,587.902715,0.995,1620,1.0,1800,0.9733333333333334,1620,0.02,0,10,10.0,1.2,0.1792039059287511,0.1721124622707707,0.0330315801944867,0.0677208103771409,0.494487027074368,0.5460311281543595,106
18,alert,hard,1,8,248.0027116111111,243.48705,98.06184841069256,449.24989,1.0,1800,1.0,1800,1.0,1800,0.0266666666666666,0,10,10.0,1.6,0.1525393437026049,0.1727279992941753,0.0289544880566949,0.0613144404767405,0.5024709397387612,0.5380928737192467,113
18,sleepy,easy,0,0,634.8358300555556,622.25565,292.1282325431575,1159.16995,0.81,540,0.8722222222222222,540,0.5038888888888889,212,0.0,0,0,0.0,0.0,0.0,0.2387246568361455,0.0360481780334663,0.1196534376756824,0.5429375646191045,0.7235150493836111,45
18,sleepy,easy,0,1,671.1747299444445,625.5805,337.8961548007367,1361.898465,0.7616666666666667,372,0.8061111111111111,455,0.4983333333333333,147,0.0,0,0,0.0,0.0,0.0,0.2416726003382908,0.0325844021183786,0.1356600516263851,0.5365303492531587,0.6789639749016303,63
18,sleepy,easy,0,2,736.6307487777779,718.5101999999999,357.0878024417187,1376.43059,0.6611111111111111,281,0.7116666666666667,283,0.4144444444444444,145,0.0,0,0,0.0,0.0,0.0,0.231430092700983,0.0288167326871488,0.1341652041777113,0.56163268867718,0.6973520507604285,50
18,sleepy,easy,0,3,789.8583372777778,797.6293000000001,279.63283937710963,1305.99875,0.6344444444444445,270,0.7344444444444445,270,0.2866666666666667,90,0.0,0,0,0.0,0.0,0.0,0.227246893090348,0.0292142979237482,0.1316317692313839,0.5601734210532506,0.7026444499723661,59
18,sleepy,easy,0,4,738.341740111111,702.30015,219.50112363444288,1116.3666549999998,0.7711111111111111,423,0.8611111111111112,649,0.3461111111111111,90,0.0,0,0,0.0,0.0,0.0,0.2241222613232801,0.0275935334087282,0.1316317692313839,0.5238078248199057,0.7026444499723661,92
18,sleepy,easy,0,5,709.2999629444444,702.87905,222.4914778686672,1020.47797,0.7961111111111111,386,0.9177777777777778,450,0.3511111111111111,90,0.0,0,0,0.0,0.0,0.0,0.2269773381649509,0.0251056992764606,0.1323706892357141,0.5122382103042806,0.6002121507960249,102
18,sleepy,easy,0,6,771.0200105555555,777.8351,252.063742569506,1183.6022349999998,0.6966666666666667,365,0.8116666666666666,367,0.2211111111111111,90,0.0,0,0,0.0,0.0,0.0,0.2346284199153831,0.0274472154623831,0.1287664552547877,0.5243365025539377,0.6575101579980607,82
18,sleepy,easy,0,7,748.6552547777778,728.43525,213.40909635911385,1160.83888,0.7894444444444444,270,0.8227777777777778,436,0.2988888888888888,90,0.0,0,0,0.0,0.0,0.0,0.2354473807624089,0.0249331663492844,0.1287664552547877,0.5325971985867493,0.6764207842099969,77
18,sleepy,easy,0,8,624.9178649999999,608.44595,225.8328787766634,1086.5863849999998,0.9022222222222224,564,0.93,565,0.5427777777777778,144,0.0,0,0,0.0,0.0,0.0,0.2178925729189215,0.0299181439963691,0.1353820626311327,0.5509050653422011,0.6764207842099969,44
18,sleepy,hard,0,0,384.8303284444444,354.0508,163.00867843963584,695.09833,0.9983333333333332,1661,1.0,1800,0.9161111111111112,826,0.0,0,0,0.0,0.0,0.0,0.2374468558532223,0.0216207043327114,0.1226142748286653,0.5628737024626421,0.6440615158038457,4
18,sleepy,hard,0,1,299.00335366666667,276.8628,167.14275646293837,695.09833,0.9983333333333332,1036,1.0,1800,0.9216666666666666,900,0.0,0,0,0.0,0.0,0.0,0.2406883080978243,0.0203587304237471,0.1290682365708797,0.5524456644048714,0.6300063728037752,20
18,sleepy,hard,0,2,282.3017288888889,228.18085,207.86418538670057,830.3746,0.9888888888888888,1474,0.9961111111111112,1475,0.9,1440,0.0,0,0,0.0,0.0,0.0,0.2376440153117224,0.0216039165956522,0.1308586313480299,0.5411250288028273,0.592819928396793,18
18,sleepy,hard,0,3,338.40055438888885,297.42055,204.73771982587792,830.83137,0.9872222222222222,729,0.9944444444444444,788,0.8933333333333333,540,0.0,0,0,0.0,0.0,0.0,0.2263229440381826,0.0256662928063889,0.1308586313480299,0.5536292843014246,0.6011569309075024,1
18,sleepy,hard,0,4,364.2640923333333,319.57550000000003,173.01416713197034,665.1046699999999,0.9933333333333332,1217,0.9955555555555556,1218,0.9277777777777778,707,0.0,0,0,0.0,0.0,0.0,0.2041648246155668,0.0302076816651696,0.1076938093837399,0.5547875654715048,0.6740346080262241,6
18,sleepy,hard,0,5,422.3279036111111,443.992,228.64261589395963,829.77785,0.9761111111111112,849,0.9972222222222222,923,0.8272222222222222,707,0.0,0,0,0.0,0.0,0.0,0.1983282962397637,0.0365851345684191,0.1060350201439596,0.5785816828040915,0.7432924603078049,9
18,sleepy,hard,0,6,428.0323011111111,414.6637,279.7924949993197,935.705645,0.9011111111111112,720,0.975,900,0.7866666666666666,442,0.0,0,0,0.0,0.0,0.0,0.2132469402711918,0.0357725002742208,0.1060350201439596,0.6016138936295801,0.7553532664038071,6
18,sleepy,hard,0,7,372.4347916666667,331.30724999999995,235.0149043308929,934.2351,0.92,1620,0.975,1622,0.8911111111111111,1199,0.0,0,0,0.0,0.0,0.0,0.2160218615723818,0.0297066981807018,0.1166929062540064,0.608720080546626,0.7553532664038071,4
18,sleepy,hard,0,8,340.9827900000001,330.0454,135.8184232264747,561.8326,1.0,1800,1.0,1800,0.9933333333333332,757,0.0,0,0,0.0,0.0,0.0,0.2200246997882635,0.0283013694957246,0.1176538371342677,0.5837152624594123,0.7301174108775088,1
19,alert,easy,1,0,308.04123711111106,243.0463,217.36147148379385,797.3956199999997,0.9694444444444444,432,0.9788888888888888,599,0.9116666666666666,263,0.0316666666666666,0,18,18.0,1.0555555555555556,0.220992860564669,0.2566542025755238,0.0408942837186804,0.0612355413215927,0.4259396833731229,0.5901058894408641,8
19,alert,easy,1,1,277.1186514444444,220.16245,219.2158788806968,763.3920699999999,0.9727777777777776,444,0.9772222222222222,599,0.9227777777777778,263,0.0333333333333333,0,18,18.0,1.1111111111111112,0.2499778715122156,0.2595594905670675,0.0421313227084153,0.0671163796690243,0.4205131888408232,0.5075736669023371,3
19,alert,easy,1,2,264.9170975555556,219.7419,180.31794290271057,665.3572249999999,0.9905555555555556,1344,0.9927777777777778,1344,0.94,278,0.0316666666666666,0,16,16.0,1.1875,0.2533373913259973,0.2540055323618573,0.0395235748251207,0.0647736218940469,0.4270224362870868,0.449822064114744,0
19,alert,easy,1,3,279.37951805555554,243.9201,158.06219600036067,617.0939999999999,0.9994444444444444,1224,1.0,1800,0.9516666666666668,278,0.0433333333333333,0,21,21.0,1.238095238095238,0.2190872398739376,0.2456407203256507,0.042850006249433,0.0647736218940469,0.4355143116309211,0.4587188815960605,0
19,alert,easy,1,4,362.1641538333333,299.67485,237.6970415534756,869.8706099999996,0.9561111111111112,795,0.9683333333333334,1120,0.8894444444444445,176,0.06,0,31,31.000000000000004,1.1612903225806452,0.2149904745245663,0.2339396277988714,0.0487655795402439,0.0606213796820847,0.4258807284739226,0.5739887440971089,6
19,alert,easy,1,5,369.3349116111111,283.4828,259.7107201912527,953.662945,0.9372222222222222,269,0.9533333333333334,350,0.8766666666666667,93,0.0533333333333333,0,30,30.0,1.0666666666666669,0.2012011484838226,0.2313407197783001,0.0438436331377202,0.0606213796820847,0.4012836053171153,0.5739887440971089,6
19,alert,easy,1,6,278.9387230555556,211.40125,223.38235656628717,832.9700349999998,0.9683333333333334,269,0.9761111111111112,400,0.9111111111111112,119,0.0416666666666666,0,24,24.0,1.0416666666666667,0.2140625173228344,0.2465655930395771,0.0427831274500778,0.0680111985723228,0.4023486535142155,0.4358566829454276,0
19,alert,easy,1,7,291.14979322222223,241.4444,206.7638984930075,771.33377,0.9794444444444445,371,0.9877777777777778,454,0.9022222222222224,127,0.045,0,26,26.0,1.0384615384615383,0.219380073214511,0.2522944357788307,0.046907423872995,0.0646414876141927,0.4247501524254445,0.4523198368495191,0
19,alert,easy,1,8,318.1137787777778,270.0472,187.79618305718765,773.8781899999996,0.9794444444444445,371,0.9927777777777778,640,0.9044444444444444,127,0.06,0,29,29.0,1.2413793103448276,0.2258806098118421,0.2496684199521557,0.0511157270366751,0.0637115650918423,0.4305493569215328,0.4633089984516157,0
19,alert,hard,1,0,242.9709003888889,183.273,212.81931060455676,771.0591549999997,0.9677777777777776,303,0.9766666666666668,373,0.9266666666666666,144,0.05,0,26,26.0,1.1538461538461535,0.2344113756325029,0.2577102311382501,0.0495928136104805,0.0640783672497251,0.4102837575752842,0.5738756541531101,1
19,alert,hard,1,1,262.6782650555556,212.06365,208.93815853538223,790.8458449999998,0.9644444444444444,291,0.9738888888888888,354,0.9283333333333332,152,0.0466666666666666,0,24,24.0,1.1666666666666667,0.2194802443053272,0.2501039153965622,0.0456668033304044,0.0641979407582938,0.404072695509783,0.4344822803936979,0
19,alert,hard,1,2,263.97653849999995,226.12715,200.96389952877217,718.4808449999994,0.9677777777777776,316,0.9755555555555556,610,0.9355555555555556,153,0.035,0,21,21.0,1.0,0.2164528318825752,0.2471776794981041,0.0421693135549124,0.0640218273363511,0.4197544782517889,0.5679879023302182,6
19,alert,hard,1,3,284.26367061111114,238.99165,191.65521189717467,740.6488350000001,0.9766666666666668,272,0.9838888888888888,771,0.9255555555555556,153,0.045,0,25,25.0,1.08,0.221037731003805,0.2491135921871935,0.0464411442476001,0.0640218273363511,0.417683998701493,0.57734105854697,13
19,alert,hard,1,4,262.6447955,213.13725,171.87460320310132,696.5033299999999,0.9888888888888888,549,0.995,1048,0.9338888888888888,137,0.0483333333333333,0,26,26.0,1.1153846153846154,0.2195565555094876,0.2564193066319121,0.0471311944092066,0.068542411967209,0.4207387827351115,0.57734105854697,7
19,alert,hard,1,5,282.3186186666666,204.2021,213.18662687961577,792.48683,0.98,617,0.9838888888888888,761,0.9177777777777778,136,0.0466666666666666,0,25,25.0,1.12,0.215789930991172,0.251259311057572,0.047525849912574,0.0649908297723424,0.4296131565355883,0.4592801256237482,0
19,alert,hard,1,6,308.4583729444445,229.49825,220.47323719685932,803.5685549999997,0.9694444444444444,492,0.975,493,0.9022222222222224,117,0.0633333333333333,0,30,30.0,1.2666666666666666,0.217802763533549,0.2422715869144493,0.0503641898685543,0.0649908297723424,0.4399201803766885,0.47495573494833,0
19,alert,hard,1,7,262.8373227222222,210.68225,190.55366365074312,735.7558349999998,0.9722222222222222,492,0.9838888888888888,493,0.925,120,0.06,0,30,30.0,1.2,0.2205938965334758,0.2459073014648713,0.048398124592201,0.0662352497441935,0.4538886439851702,0.5651307800496337,1
19,alert,hard,1,8,233.88187872222224,196.17595,168.94015365126268,653.3464049999999,0.9844444444444445,839,0.9944444444444444,1042,0.9438888888888888,214,0.0433333333333333,0,25,25.0,1.04,0.2200746230927063,0.2536976777673101,0.0440411267534946,0.0667567264564104,0.452776031936583,0.5651307800496337,1
19,sleepy,easy,0,0,448.61708522222216,408.45145,238.63623353623709,869.39584,0.9711111111111111,614,0.99,792,0.7488888888888889,315,0.025,0,10,10.0,1.5,0.199259331595968,0.2342532896787266,0.0326565189929634,0.052866404209224,0.4699258032801378,0.5840072377054516,24
19,sleepy,easy,0,1,407.8475416666667,350.97005,224.848561565128,867.8891699999999,0.9627777777777776,852,0.9822222222222222,852,0.8261111111111111,315,0.0516666666666666,0,21,21.0,1.4761904761904765,0.1952737372604808,0.2317071024176836,0.0424017601581469,0.0545923784984464,0.4577634847144192,0.474657068151507,0
19,sleepy,easy,0,2,398.0525172777778,357.6786,216.21463162968317,843.7078499999998,0.9694444444444444,674,0.9838888888888888,676,0.835,302,0.085,0,28,28.0,1.5714285714285714,0.2098357407383058,0.2291781849641078,0.0538910890598941,0.0545923784984464,0.4564365926260046,0.4766093628834079,0
19,sleepy,easy,0,3,364.1704722222223,330.05150000000003,199.34134801832212,794.6408299999998,0.9833333333333332,1089,0.9927777777777778,1090,0.87,423,0.075,0,23,23.0,1.6521739130434785,0.2121400496328563,0.2321383865938591,0.0518430184373054,0.0555472769277292,0.4566801828694323,0.4766093628834079,0
19,sleepy,easy,0,4,344.0071316666667,323.15005,203.9083918167739,699.7939849999999,0.9905555555555556,1113,0.9938888888888888,1114,0.8677777777777778,423,0.045,0,21,21.0,1.2857142857142858,0.2024045440992419,0.2365827965621088,0.0421210713750846,0.0577714240150114,0.456469555641865,0.4727500008619286,0
19,sleepy,easy,0,5,321.02581722222226,262.20505,217.80447646228785,725.686465,0.9838888888888888,412,0.9911111111111112,685,0.8811111111111111,256,0.0666666666666666,0,21,21.0,1.380952380952381,0.1991949289960435,0.2321624623469095,0.0482201170479638,0.0601660833547403,0.4538983870158258,0.4730391985151034,0
19,sleepy,easy,0,6,302.85671644444443,231.10815,204.9162530872692,730.095885,0.9894444444444443,512,0.9955555555555556,1159,0.8977777777777778,189,0.0683333333333333,0,20,20.0,1.5,0.2006734014356357,0.2315620537630554,0.0485247856947599,0.0603239232701656,0.4522677508543591,0.4730391985151034,0
19,sleepy,easy,0,7,320.5015241666667,223.5232,229.5142603974991,802.7367349999998,0.965,512,0.9822222222222222,752,0.8666666666666667,189,0.0583333333333333,0,19,19.0,1.5263157894736843,0.1988895923609765,0.2319848371995796,0.0457025889397005,0.0603239232701656,0.4533097853001556,0.4748466232750215,0
19,sleepy,easy,0,8,346.4984255555555,273.334,217.9361772912776,786.398745,0.965,893,0.9805555555555556,894,0.895,164,0.0483333333333333,0,15,15.0,1.5333333333333334,0.1998642621749518,0.234604015939795,0.0429368610748123,0.0514024584191639,0.4581691092748653,0.4777226060084915,0
19,sleepy,hard,0,0,280.09698833333334,211.458,204.5334789577069,721.144095,0.9833333333333332,1093,0.9916666666666668,1101,0.9061111111111112,216,0.1133333333333333,2,28,28.0,1.6428571428571428,0.2170058012393512,0.2153277935495057,0.0562481850069906,0.0535807225007578,0.4327755387535947,0.4849725088128054,0
19,sleepy,hard,0,1,269.24018194444443,213.9743,173.79442603171623,633.7715249999998,0.9905555555555556,1107,0.9977777777777778,1124,0.9444444444444444,495,0.1116666666666666,2,25,25.0,1.52,0.2246295535522182,0.2222230993828085,0.0587769514590745,0.0612228541314744,0.4285664482184224,0.460562849903667,0
19,sleepy,hard,0,2,210.68598205555557,179.5912,125.4983835778712,465.25695,1.0,1800,1.0,1800,0.9883333333333332,684,0.0783333333333333,0,26,26.0,1.5384615384615383,0.2228708924385786,0.2349495013976167,0.0514855428249354,0.0655415521879881,0.4229648316735788,0.4445745907170221,0
19,sleepy,hard,0,3,236.4416421666667,191.3818,156.88824671228713,554.403145,1.0,1800,1.0,1800,0.965,445,0.0866666666666666,0,24,24.0,1.8333333333333333,0.2015792893186052,0.2286185959751397,0.0517187641514412,0.0631512051090898,0.43246459035869,0.4542588428925839,0
19,sleepy,hard,0,4,256.13473727777773,202.42275,177.9470582571609,649.429405,1.0,1800,1.0,1800,0.94,266,0.085,0,22,22.0,1.681818181818182,0.2058504204968017,0.229569894062513,0.0525623819667443,0.060954060153938,0.4362514009945324,0.4585568087062572,0
19,sleepy,hard,0,5,229.1277090555556,174.69545,168.99658158704855,649.84982,0.995,1468,0.9955555555555556,1468,0.9411111111111112,266,0.0466666666666666,0,18,18.0,1.2222222222222223,0.2084983446986689,0.2401518657982362,0.0429851177525532,0.0602763957986349,0.4363024611344555,0.4585568087062572,0
19,sleepy,hard,0,6,255.81566927777777,182.0838,179.41729686661088,690.9155450000001,0.9894444444444443,783,0.9933333333333332,875,0.93,217,0.0366666666666666,0,17,17.0,1.2941176470588236,0.2080227285522394,0.2389764659760797,0.0394951516444244,0.0602763957986349,0.4368787136469312,0.453146364314101,0
19,sleepy,hard,0,7,261.5022565,200.09375,178.04542675973988,673.402215,0.9944444444444444,986,0.9977777777777778,1775,0.9311111111111112,217,0.065,0,21,21.0,1.5238095238095235,0.1947935748074002,0.2287549396063591,0.0464848298614648,0.0604168495534428,0.437881835788547,0.455448997075956,0
19,sleepy,hard,0,8,231.81216877777777,186.74845,157.72309594874346,625.35185,1.0,1800,1.0,1800,0.9494444444444444,245,0.0633333333333333,0,19,19.0,1.631578947368421,0.2190387053436487,0.2377641172912657,0.0477895885963718,0.0616248168059927,0.4412235368396244,0.4597576031329879,0
20,alert,easy,1,0,749.8373588888887,743.97135,191.24848026380272,1067.673195,0.8383333333333334,247,0.9111111111111112,270,0.2372222222222222,48,0.0533333333333333,0,18,18.0,1.7777777777777777,0.1894621922419181,0.2054645750829216,0.0381887975870593,0.0451914451009744,0.5738779238093636,0.7484198785769169,3
20,alert,easy,1,1,767.3055014444444,780.2359,192.0300345049768,1029.2631299999998,0.8422222222222222,127,0.9327777777777778,230,0.1783333333333333,35,0.0466666666666666,0,16,16.0,1.75,0.1976667555833852,0.2093852643372732,0.0364257670596521,0.0492783389632766,0.5678517139766183,0.7200075536391489,3
20,alert,easy,1,2,799.7461398888889,816.24785,172.058617251526,1015.88326,0.7538888888888889,112,0.9183333333333332,306,0.1227777777777777,25,0.045,0,15,15.0,1.8,0.1925013737400517,0.2072466473081735,0.0342937975511409,0.0506207733399648,0.5623824261770559,0.6951275699825641,3
20,alert,easy,1,3,813.9975283888888,827.27685,144.5675047976376,1008.76792,0.7277777777777777,118,0.9172222222222224,198,0.0838888888888888,16,0.045,0,16,16.0,1.6875,0.1575638507465811,0.197337839021018,0.0303771222589931,0.0540018958775467,0.5667592475473647,0.6951275699825641,22
20,alert,easy,1,4,790.1910861111112,792.6931999999999,147.37207549250934,1000.83402,0.7777777777777778,180,0.925,257,0.1055555555555555,21,0.0516666666666666,0,20,20.0,1.55,0.1830708300000586,0.2027684010700925,0.0358116908604162,0.0523901288403698,0.550271967879488,0.6882679149897255,19
20,alert,easy,1,5,752.6007401666667,751.4619,154.1220983152726,979.65296,0.8438888888888889,180,0.9422222222222222,314,0.1716666666666666,24,0.055,0,24,24.0,1.375,0.1852493696152428,0.2155609579543778,0.0397446010869144,0.0523901288403698,0.5574328395907149,0.686120458485835,0
20,alert,easy,1,6,701.7127562777778,717.77675,171.74742975290096,950.705375,0.9144444444444444,194,0.965,314,0.2788888888888889,80,0.055,0,25,25.0,1.32,0.1863099502147998,0.2154822343316685,0.0411040279448568,0.054801609581714,0.5763179614839916,0.8403374034697007,0
20,alert,easy,1,7,684.5908913888888,680.8226500000001,179.02462727463177,973.951915,0.905,194,0.9505555555555556,270,0.3305555555555555,80,0.065,0,26,26.0,1.5,0.2111259645760761,0.2132983492662803,0.0438423313640678,0.0540797748078553,0.5817179564351473,0.8403374034697007,0
20,alert,easy,1,8,716.2548847777776,714.7664,153.98597766943914,944.59995,0.9238888888888888,173,0.9622222222222222,361,0.2027777777777777,21,0.0683333333333333,0,26,26.0,1.5769230769230769,0.2067020409466685,0.216229820692158,0.0445270839901096,0.0540797748078553,0.5741698482564694,0.6850321414628244,1
20,alert,hard,1,0,370.56461916666666,379.7071,161.42371199100842,629.121435,0.9955555555555556,657,0.9972222222222222,1259,0.945,320,0.0583333333333333,0,30,30.0,1.1666666666666667,0.1960622679431023,0.2210991640167592,0.0429354038164422,0.0598514123041009,0.6066839405483875,0.7432930505856306,0
20,alert,hard,1,1,343.8745735555556,336.30195000000003,162.42423712832948,626.363945,0.9933333333333332,1167,1.0,1800,0.9483333333333334,613,0.0783333333333333,0,36,36.0,1.3055555555555556,0.1937663679050994,0.2153257671180155,0.0459719289503452,0.0601637151664762,0.6119436524607712,0.6905069387195037,0
20,alert,hard,1,2,336.6223707777778,330.70225000000005,155.92773618613,602.5186649999997,0.9933333333333332,924,1.0,1800,0.9577777777777776,496,0.0816666666666666,0,33,33.0,1.4848484848484849,0.1929663479988408,0.2166486108739782,0.0463286294407473,0.0647395256160415,0.6015581809702791,0.646312987547938,0
20,alert,hard,1,3,406.4190293888889,399.8461,150.15798089138738,677.83872,0.9916666666666668,623,1.0,1800,0.9383333333333334,217,0.065,0,28,28.0,1.3928571428571428,0.1913268752922274,0.2239457447863605,0.0430147303763659,0.0653855802762969,0.6003898797329958,0.6527272781426445,0
20,alert,hard,1,4,515.0214209444445,466.9909,260.5397168296847,995.2814649999992,0.9233333333333332,623,0.9472222222222222,1013,0.7588888888888888,185,0.07,0,32,32.0,1.3125,0.1879422542287802,0.2244491820916424,0.0454156861039281,0.0596868724872733,0.6163198826047857,0.6612232023766869,0
20,alert,hard,1,5,547.5475371666666,511.09835,278.26413761236205,1069.49239,0.9,437,0.9266666666666666,442,0.6861111111111111,84,0.0716666666666666,0,34,34.0,1.2647058823529411,0.1882072319797985,0.2222815700183879,0.0460080356569601,0.0596868724872733,0.6214877570606144,0.8785003814148503,1
20,alert,hard,1,6,493.8824814444444,475.0784,235.85474796131885,937.278555,0.9394444444444444,1142,0.9616666666666668,1148,0.745,124,0.0583333333333333,0,29,29.0,1.206896551724138,0.1918380076917963,0.2226657716150462,0.0420402364672602,0.0637356143125703,0.6258573824995775,0.8785003814148503,1
20,alert,hard,1,7,524.3204388333334,491.5155,272.6601908560557,1024.36672,0.9061111111111112,705,0.9316666666666666,706,0.6633333333333333,132,0.0633333333333333,0,29,29.0,1.3103448275862069,0.1909132214513741,0.2204366982891147,0.0426807883983649,0.0632793826184701,0.6303729806272255,0.6816373316837073,0
20,alert,hard,1,8,571.0537536111111,557.8417999999999,283.4825552519016,1053.8795300000002,0.8827777777777778,302,0.915,350,0.5727777777777778,132,0.05,0,22,22.0,1.3636363636363635,0.1769777677135702,0.2247121831920033,0.0381006062327474,0.0632793826184701,0.6238657844205351,0.6704031716961888,0
20,sleepy,easy,0,0,952.6059536111112,967.70395,331.4058565885437,1489.3963199999998,0.4033333333333333,145,0.5138888888888888,180,0.1588888888888888,90,0.0666666666666666,0,15,15.0,2.6666666666666665,0.1835149718766386,0.1884646442118643,0.0385058967874249,0.0363915617621615,0.5689376251169467,0.6370049714305038,0
20,sleepy,easy,0,1,851.5098888333333,852.0228999999999,316.53304434035874,1320.169925,0.5572222222222222,145,0.6816666666666666,180,0.2294444444444444,92,0.0983333333333333,1,15,15.0,2.533333333333333,0.1673940206617039,0.1779100676981762,0.0451719313839871,0.0341006031382142,0.5772562999403292,0.6152616793067808,0
20,sleepy,easy,0,2,848.1394633888888,826.6052999999999,295.18377586496564,1280.58992,0.6094444444444445,183,0.7344444444444445,199,0.1655555555555555,92,0.0933333333333333,1,14,14.0,2.5,0.1616820008660808,0.1697329941447838,0.041577966074256,0.0339893985097967,0.5789993168463369,0.6152616793067808,0
20,sleepy,easy,0,3,852.2337581666668,842.85315,196.7138786655783,1180.24336,0.6222222222222222,183,0.7383333333333333,199,0.0905555555555555,31,0.0866666666666666,0,13,13.0,3.0,0.1430844996526728,0.1625654814377154,0.0366721926254424,0.0313943119547102,0.5762920365773393,0.6128891809399182,0
20,sleepy,easy,0,4,899.5505669444445,886.08185,232.55812778055343,1337.915125,0.5255555555555556,127,0.6427777777777778,129,0.0955555555555555,31,0.1066666666666666,0,16,16.0,3.1875,0.1388496393470087,0.1539353104374335,0.0372716980450151,0.0313943119547102,0.5750997983442736,0.61099261154402,0
20,sleepy,easy,0,5,899.1809317222222,892.79395,241.0639273630329,1339.277865,0.5111111111111111,90,0.6266666666666667,129,0.0894444444444444,40,0.0966666666666666,0,16,16.0,3.3125,0.147133591561743,0.1484968944683532,0.0363847396839029,0.0347956858651356,0.5850182204011086,0.6644173352330788,0
20,sleepy,easy,0,6,707.9357379444444,688.9474,274.0167367507421,1160.244615,0.77,383,0.8188888888888889,385,0.3772222222222222,91,0.17,1,17,17.0,3.411764705882353,0.1477733655481943,0.1405486573855692,0.0432816457680193,0.0362283125133511,0.6127980681094406,0.6644173352330788,0
20,sleepy,easy,0,7,609.1042339444446,599.7636500000001,248.55111262276924,1049.933775,0.895,302,0.925,449,0.5433333333333333,91,0.2233333333333333,1,25,25.0,3.56,0.1441011764776286,0.1357650113718453,0.0445763460559308,0.0505156725849476,0.6354523208225652,0.6724590884658183,0
20,sleepy,easy,0,8,698.1332506111112,718.2002,218.05919293326824,1023.467045,0.8483333333333334,331,0.9172222222222224,479,0.3077777777777777,90,0.205,0,28,28.0,3.5357142857142856,0.1343375742386181,0.1373143412974463,0.0418561975195346,0.046990650474995,0.6298630825655698,0.6724590884658183,0
20,sleepy,hard,0,0,719.1655619999999,702.1712500000001,243.93639945562947,1062.04793,0.695,540,0.7972222222222223,541,0.36,93,0.1133333333333333,0,26,26.0,2.3846153846153846,0.1470545012922979,0.1547522134311134,0.0391924260096393,0.0367836983917537,0.5361719580207595,0.7096474862515831,29
20,sleepy,hard,0,1,666.3439493888889,660.13975,212.65994671347215,1019.65696,0.8133333333333334,813,0.8755555555555555,1186,0.4077777777777778,88,0.1066666666666666,0,26,26.0,2.4615384615384617,0.1548970782456023,0.1658037364605263,0.0424151585620147,0.0389087864321325,0.5520884358876866,0.6886932548605438,1
20,sleepy,hard,0,2,645.1593708333335,622.6487999999999,275.61292290911865,1217.61246,0.8355555555555556,273,0.8727777777777778,645,0.5033333333333333,90,0.135,0,24,24.0,2.9166666666666665,0.154352061757926,0.1590072256635123,0.044640197097117,0.0411579448256019,0.5847982856556749,0.636810126230192,0
20,sleepy,hard,0,3,650.9835220555557,610.0123,302.7599800512837,1221.87425,0.775,421,0.8527777777777777,547,0.5305555555555556,90,0.1483333333333333,0,26,26.0,3.0,0.1467658311266415,0.1529867718702048,0.0435285428353235,0.0411577433188277,0.6016963888384954,0.6630886446018691,1
20,sleepy,hard,0,4,663.1410304444445,632.2871,291.2715380597644,1072.907115,0.8,421,0.8961111111111111,547,0.4922222222222222,73,0.1633333333333333,0,28,28.0,2.9642857142857144,0.1481278174790068,0.1511195161459837,0.0458791250867788,0.0411577433188277,0.6171771445372902,0.6718857493213144,1
20,sleepy,hard,0,5,679.6915442777778,715.78865,283.90669227591843,1053.92788,0.8338888888888889,145,0.9027777777777778,213,0.3744444444444444,66,0.195,0,26,26.0,3.269230769230769,0.1423198926077469,0.1387642096524583,0.0448961955248603,0.0417905919352486,0.6270488816346087,0.6718857493213144,0
20,sleepy,hard,0,6,644.0663897777778,690.0271499999999,273.59376535698084,1065.958125,0.905,276,0.9344444444444444,511,0.395,79,0.2266666666666666,2,26,26.0,2.923076923076923,0.1765217652998707,0.1347519238565048,0.0468778981831194,0.0421092030028691,0.6260477476748586,0.6823116722118099,0
20,sleepy,hard,0,7,705.6039725555554,647.79355,348.5908468794031,1616.20326,0.8566666666666667,384,0.8811111111111111,461,0.4522222222222222,79,0.225,2,29,29.0,2.655172413793104,0.1740377740211917,0.1392548799906564,0.0478586352282598,0.0431066008759446,0.6191289694063474,0.6823116722118099,1
20,sleepy,hard,0,8,709.1327308888889,639.27225,348.6940361772082,1576.5578149999983,0.8122222222222222,512,0.8566666666666667,513,0.4738888888888889,68,0.2033333333333333,1,28,28.0,2.7857142857142856,0.1597111557821606,0.1426058770022757,0.0463973497228095,0.0452888921449868,0.6032581847022148,0.6640016231210476,1
